id,category,F_fuji,A_fuji,I_fuji,R_fuji,F_fc,A_fc,I_fc,R_fc,F_kgh,A_kgh,I_kgh,R_kgh,FAIR_fuji,FAIR_fc,FAIR_kgh
bio2rdf-chembl,blod,0.1666666666666666,0.375,0.0,0.0,0.0,0.5,0.0,0.0,0.8150000000000001,0.5,0.6666666666666666,1.0,0.1354166666666666,0.125,0.7454166666666666
fu-berlin-drugbank,blod,0.1666666666666666,0.375,0.0,0.0,0.0,0.5,0.0,0.0,0.7783333333333333,0.25,0.5,0.5,0.1354166666666666,0.125,0.5070833333333333
bio2rdf-goa,blod,0.1666666666666666,0.375,0.0,0.0,0.25,0.5,0.0,0.0,0.8333333333333334,1.0,0.7272727273333333,1.0,0.1354166666666666,0.1875,0.8901515151666667
bio2rdf-homologene,blod,0.1666666666666666,0.375,0.0,0.0,0.25,0.5,0.0,0.0,0.8333333333333334,1.0,0.7272727273333333,1.0,0.1354166666666666,0.1875,0.8901515151666667
bio2rdf-irefindex,blod,0.1666666666666666,0.375,0.0,0.0,0.25,0.5,0.0,0.0,0.8333333333333334,1.0,0.7272727273333333,1.0,0.1354166666666666,0.1875,0.8901515151666667
bio2rdf-mesh,blod,0.1666666666666666,0.375,0.0,0.0,0.25,0.5,0.0,0.0,0.8333333333333334,1.0,0.7272727273333333,1.0,0.1354166666666666,0.1875,0.8901515151666667
bio2rdf-ndc,blod,0.1666666666666666,0.375,0.0,0.0,0.25,0.5,0.0,0.0,0.8333333333333334,1.0,0.7272727273333333,1.0,0.1354166666666666,0.1875,0.8901515151666667
bio2rdf-pharmgkb,blod,0.1666666666666666,0.375,0.0,0.0,0.25,0.5,0.0,0.0,0.8333333333333334,1.0,0.7272727273333333,1.0,0.1354166666666666,0.1875,0.8901515151666667
bio2rdf-orphanet,blod,0.1666666666666666,0.375,0.0,0.0,0.25,0.5,0.0,0.0,0.8333333333333334,1.0,0.7272727273333333,1.0,0.1354166666666666,0.1875,0.8901515151666667
bio2rdf-sabiork,blod,0.1666666666666666,0.375,0.0,0.0,0.0,0.5,0.0,0.0,0.8150000000000001,0.5,0.6666666666666666,1.0,0.1354166666666666,0.125,0.7454166666666666
bio2rdf-sider,blod,0.1666666666666666,0.375,0.0,0.0,0.25,0.5,0.0,0.0,0.8333333333333334,1.0,0.7272727273333333,1.0,0.1354166666666666,0.1875,0.8901515151666667
bio2rdf-taxon,blod,0.1666666666666666,0.375,0.0,0.0,0.0,0.5,0.0,0.0,0.7966666666666667,0.5,0.5,0.5,0.1354166666666666,0.125,0.5741666666666667
bio2rdf-wormbase,blod,0.1666666666666666,0.375,0.0,0.0,0.25,0.5,0.0,0.0,0.8333333333333334,1.0,0.7272727273333333,1.0,0.1354166666666666,0.1875,0.8901515151666667
bioportal-mccl_x1,blod,0.1666666666666666,0.5,0.6666666666666666,0.0,0.0,0.5,0.0,0.0,0.7600000000000001,0.25,0.5,0.5,0.3333333333333333,0.125,0.5025000000000001
bioportal-apo,blod,0.1666666666666666,0.375,0.0,0.0,0.0,0.5,0.0,0.0,0.7783333333333333,0.25,0.5,0.5,0.1354166666666666,0.125,0.5070833333333333
bioportal-nmr,blod,0.1666666666666666,0.375,0.0,0.0,0.0,0.0,0.0,0.0,0.7783333333333333,0.25,0.5,0.5,0.1354166666666666,0.0,0.5070833333333333
bioportal-sio,blod,0.1666666666666666,0.5,0.6666666666666666,0.0,0.0,0.5,0.0,0.0,0.8150000000000001,0.5,0.5,0.8333333333333334,0.3333333333333333,0.125,0.6620833333333334
bioportal-fypo,blod,0.1666666666666666,0.5,0.6666666666666666,0.0,0.0,0.5,0.0,0.0,0.7783333333333333,0.25,0.5,0.5,0.3333333333333333,0.125,0.5070833333333333
bioportal-mod,blod,0.1666666666666666,0.5,0.6666666666666666,0.0,0.0,0.5,0.0,0.0,0.7783333333333333,0.25,0.5,0.5,0.3333333333333333,0.125,0.5070833333333333
bioportal-imr,blod,0.1666666666666666,0.375,0.0,0.0,1.0,0.5,1.0,0.6666666666666666,0.7783333333333333,0.25,0.5,0.5,0.1354166666666666,0.7916666666666666,0.5070833333333333
bioportal-nif_cell,blod,0.1666666666666666,0.5,0.6666666666666666,0.0,0.0,0.5,0.0,0.0,0.7783333333333333,0.25,0.5,0.5,0.3333333333333333,0.125,0.5070833333333333
bioportal-wbphenotype,blod,0.1666666666666666,0.5,0.6666666666666666,0.0,0.0,0.5,0.0,0.0,0.7783333333333333,0.25,0.5,0.5,0.3333333333333333,0.125,0.5070833333333333
jita,blod,0.1666666666666666,0.375,0.0,0.0,0.0,0.0,0.0,0.0,0.8150000000000001,0.5,0.6666666666666666,1.0,0.1354166666666666,0.0,0.7454166666666666
bioportal-efo,blod,0.1666666666666666,0.5,0.6666666666666666,0.0,0.0,0.5,0.0,0.0,0.7600000000000001,0.25,0.5,0.5,0.3333333333333333,0.125,0.5025000000000001
bioportal-aeo,blod,0.1666666666666666,0.5,0.6666666666666666,0.0,0.0,0.5,0.0,0.0,0.7783333333333333,0.25,0.5,0.5,0.3333333333333333,0.125,0.5070833333333333
bioportal-rex,blod,0.1666666666666666,0.5,0.6666666666666666,0.0,0.0,0.5,0.0,0.0,0.7783333333333333,0.25,0.5,0.5,0.3333333333333333,0.125,0.5070833333333333
bioportal-geospecies,blod,0.1666666666666666,0.5,0.6666666666666666,0.0,0.0,0.5,0.0,0.0,0.7783333333333333,0.25,0.5,0.5,0.3333333333333333,0.125,0.5070833333333333
bioportal-chebi,blod,0.1666666666666666,0.5,0.6666666666666666,0.0,0.0,0.5,0.0,0.0,0.7783333333333333,0.25,0.5,0.5,0.3333333333333333,0.125,0.5070833333333333
bioportal-rnao,blod,0.1666666666666666,0.5,0.6666666666666666,0.0,0.0,0.5,0.0,0.0,0.7783333333333333,0.25,0.5,0.5,0.3333333333333333,0.125,0.5070833333333333
bioportal-lipro,blod,0.1666666666666666,0.5,0.6666666666666666,0.0,0.0,0.5,0.0,0.0,0.7783333333333333,0.25,0.5,0.5,0.3333333333333333,0.125,0.5070833333333333
bioportal-hao,blod,0.1666666666666666,0.5,0.6666666666666666,0.0,0.0,0.5,0.0,0.0,0.7783333333333333,0.25,0.5,0.5,0.3333333333333333,0.125,0.5070833333333333
bioportal-fbdv,blod,0.1666666666666666,0.5,0.6666666666666666,0.0,0.0,0.5,0.0,0.0,0.7783333333333333,0.25,0.5,0.5,0.3333333333333333,0.125,0.5070833333333333
bioportal-fbbt,blod,0.1666666666666666,0.5,0.6666666666666666,0.0,0.0,0.5,0.0,0.0,0.7783333333333333,0.25,0.5,0.5,0.3333333333333333,0.125,0.5070833333333333
bioportal-bto,blod,0.1666666666666666,0.5,0.6666666666666666,0.0,0.0,0.5,0.0,0.0,0.7783333333333333,0.25,0.5,0.5,0.3333333333333333,0.125,0.5070833333333333
bioportal-ncbitaxon,blod,0.1666666666666666,0.5,0.6666666666666666,0.0,0.0,0.5,0.0,0.0,0.7783333333333333,0.25,0.5,0.5,0.3333333333333333,0.125,0.5070833333333333
bioportal-pw,blod,0.1666666666666666,0.5,0.6666666666666666,0.0,0.0,0.5,0.0,0.0,0.7783333333333333,0.25,0.5,0.5,0.3333333333333333,0.125,0.5070833333333333
bioportal-ogi,blod,0.1666666666666666,0.5,0.6666666666666666,0.0,0.0,0.5,0.0,0.0,0.7783333333333333,0.25,0.5,0.5,0.3333333333333333,0.125,0.5070833333333333
bioportal-ev,blod,0.1666666666666666,0.375,0.0,0.0,0.0,0.0,0.0,0.0,0.7783333333333333,0.25,0.5,0.5,0.1354166666666666,0.0,0.5070833333333333
bioportal-ehdaa,blod,0.1666666666666666,0.5,0.6666666666666666,0.0,0.0,0.5,0.0,0.0,0.7783333333333333,0.25,0.5,0.5,0.3333333333333333,0.125,0.5070833333333333
bioportal-mmo,blod,0.1666666666666666,0.5,0.6666666666666666,0.0,0.0,0.5,0.0,0.0,0.7783333333333333,0.25,0.5,0.5,0.3333333333333333,0.125,0.5070833333333333
bioportal-ido,blod,0.1666666666666666,0.5,0.6666666666666666,0.0,0.0,0.5,0.0,0.0,0.7783333333333333,0.25,0.5,0.5,0.3333333333333333,0.125,0.5070833333333333
bioportal-cheminf,blod,0.1666666666666666,0.5,0.6666666666666666,0.0,0.0,0.5,0.0,0.0,0.7966666666666667,0.25,0.5,0.8333333333333334,0.3333333333333333,0.125,0.5950000000000001
bioportal-npo,blod,0.1666666666666666,0.5,0.6666666666666666,0.0,0.0,0.5,0.0,0.0,0.7783333333333333,0.25,0.5,0.5,0.3333333333333333,0.125,0.5070833333333333
chempedia-rdf,blod,0.1666666666666666,0.375,0.0,0.0,0.0,0.5,0.0,0.0,0.7966666666666667,0.5,0.1666666666666666,0.8333333333333334,0.1354166666666666,0.125,0.5741666666666667
bioportal-mego,blod,0.1666666666666666,0.5,0.6666666666666666,0.0,0.0,0.5,0.0,0.0,0.7783333333333333,0.25,0.5,0.5,0.3333333333333333,0.125,0.5070833333333333
addgene,blod,0.1666666666666666,0.5,0.0,0.1666666666666666,0.25,0.5,0.0,0.0,0.7783333333333333,0.25,0.5,0.5,0.2083333333333333,0.1875,0.5070833333333333
bioportal-exo,blod,0.1666666666666666,0.5,0.6666666666666666,0.0,0.0,0.5,0.0,0.0,0.7783333333333333,0.25,0.5,0.5,0.3333333333333333,0.125,0.5070833333333333
bioportal-uo,blod,0.1666666666666666,0.375,0.0,0.0,0.0,0.5,0.0,0.0,0.7783333333333333,0.25,0.5,0.5,0.1354166666666666,0.125,0.5070833333333333
bioportal-pato,blod,0.1666666666666666,0.5,0.6666666666666666,0.0,0.0,0.5,0.0,0.0,0.7783333333333333,0.25,0.5,0.5,0.3333333333333333,0.125,0.5070833333333333
kupkb,blod,0.1666666666666666,0.375,0.0,0.0,0.0,0.5,0.0,0.0,0.7600000000000001,0.25,0.6666666666666666,0.3333333333333333,0.1354166666666666,0.125,0.5025000000000001
entrez_gene,blod,0.1666666666666666,0.5,0.0,0.1666666666666666,0.25,0.5,0.0,0.0,0.7600000000000001,0.25,0.6666666666666666,0.6666666666666666,0.2083333333333333,0.1875,0.5858333333333333
bioportal-mcbcc,blod,0.1666666666666666,0.5,0.6666666666666666,0.0,0.0,0.5,0.0,0.0,0.7783333333333333,0.25,0.5,0.5,0.3333333333333333,0.125,0.5070833333333333
bioportal-oboe,blod,0.1666666666666666,0.5,0.6666666666666666,0.0,0.0,0.5,0.0,0.0,0.7783333333333333,0.25,0.5,0.5,0.3333333333333333,0.125,0.5070833333333333
bioportal-snpo,blod,0.1666666666666666,0.5,0.6666666666666666,0.0,0.0,0.5,0.0,0.0,0.7783333333333333,0.25,0.5,0.5,0.3333333333333333,0.125,0.5070833333333333
bioportal-sao,blod,0.1666666666666666,0.5,0.6666666666666666,0.0,0.0,0.5,0.0,0.0,0.7783333333333333,0.25,0.5,0.5,0.3333333333333333,0.125,0.5070833333333333
fu-berlin-stitch,blod,0.1666666666666666,0.375,0.0,0.0,0.0,0.5,0.0,0.0,0.7783333333333333,0.25,0.5,0.8333333333333334,0.1354166666666666,0.125,0.5904166666666667
bioportal-cl,blod,0.1666666666666666,0.5,0.6666666666666666,0.0,0.0,0.5,0.0,0.0,0.7783333333333333,0.25,0.5,0.5,0.3333333333333333,0.125,0.5070833333333333
bioportal-bp,blod,0.1666666666666666,0.5,0.6666666666666666,0.0,0.0,0.5,0.0,0.0,0.7966666666666667,0.25,0.5,0.8333333333333334,0.3333333333333333,0.125,0.5950000000000001
bioportal-bdo,blod,0.1666666666666666,0.5,0.6666666666666666,0.0,0.0,0.5,0.0,0.0,0.7783333333333333,0.25,0.5,0.5,0.3333333333333333,0.125,0.5070833333333333
biosamples-rdf,blod,0.1666666666666666,0.5,0.3333333333333333,0.5,0.625,0.5,0.5,0.6666666666666666,0.7966666666666667,0.5,0.6666666666666666,0.6666666666666666,0.375,0.5729166666666666,0.6575
bioportal-ecg,blod,0.1666666666666666,0.5,0.6666666666666666,0.0,0.0,0.5,0.0,0.0,0.7783333333333333,0.25,0.5,0.5,0.3333333333333333,0.125,0.5070833333333333
fu-berlin-dailymed,blod,0.1666666666666666,0.375,0.0,0.0,0.0,0.5,0.0,0.0,0.7783333333333333,0.25,0.6666666666666666,0.6666666666666666,0.1354166666666666,0.125,0.5904166666666666
PGxLOD,blod,0.5,1.0,0.6666666666666666,0.8333333333333334,0.625,1.0,0.8333333333333334,1.0,0.7966666666666667,1.0,0.5,0.8333333333333334,0.75,0.8645833333333334,0.7825000000000001
gene-expression-atlas-rdf,blod,0.1666666666666666,0.375,0.0,0.0,0.375,0.0,0.5,0.3333333333333333,0.7966666666666667,0.5,0.6666666666666666,0.6666666666666666,0.1354166666666666,0.3020833333333333,0.6575
yale_senselab,blod,0.1666666666666666,0.375,0.0,0.0,0.0,0.5,0.0,0.0,0.7600000000000001,0.25,0.3333333333333333,0.6666666666666666,0.1354166666666666,0.125,0.5025000000000001
arrayexpress-e-afmx-1,blod,0.1666666666666666,0.5,0.3333333333333333,0.1666666666666666,0.25,0.5,0.0,0.0,0.7783333333333333,0.5,0.1666666666666666,0.5,0.2916666666666667,0.1875,0.48625
biolod-pdb,blod,0.1666666666666666,0.375,0.0,0.0,0.25,0.5,0.3333333333333333,0.1666666666666666,0.7966666666666667,0.25,0.5,0.8333333333333334,0.1354166666666666,0.3125,0.5950000000000001
bioportal-icf_x1,blod,0.1666666666666666,0.5,0.6666666666666666,0.0,0.0,0.5,0.0,0.0,0.7783333333333333,0.25,0.5,0.5,0.3333333333333333,0.125,0.5070833333333333
cz-sidc-drug-ingredients,blod,0.1666666666666666,0.375,0.0,0.0,0.0,0.5,0.0,0.0,0.7966666666666667,0.25,0.5,0.8333333333333334,0.1354166666666666,0.125,0.5950000000000001
chem2bio2rdf,blod,0.1666666666666666,0.375,0.0,0.0,0.0,0.5,0.0,0.0,0.7783333333333333,0.25,0.5,0.5,0.1354166666666666,0.125,0.5070833333333333
Naturopathy,blod,0.1666666666666666,0.375,0.0,0.0,0.25,0.5,0.0,0.0,0.8150000000000001,0.5,0.6666666666666666,1.0,0.1354166666666666,0.1875,0.7454166666666666
bioportal-mdr,blod,0.1666666666666666,0.5,0.6666666666666666,0.0,0.0,0.5,0.0,0.0,0.7783333333333333,0.25,0.5,0.5,0.3333333333333333,0.125,0.5070833333333333
bioportal-spto,blod,0.1666666666666666,0.5,0.6666666666666666,0.0,0.0,0.5,0.0,0.0,0.7783333333333333,0.25,0.5,0.5,0.3333333333333333,0.125,0.5070833333333333
bioportal-ddi,blod,0.1666666666666666,0.5,0.6666666666666666,0.0,0.0,0.5,0.0,0.0,0.7783333333333333,0.25,0.5,0.5,0.3333333333333333,0.125,0.5070833333333333
Hermos,blod,0.1666666666666666,0.5,0.3333333333333333,0.5,0.5,0.5,0.3333333333333333,0.1666666666666666,0.7966666666666667,0.5,0.1666666666666666,0.8333333333333334,0.375,0.375,0.5741666666666667
bioportal-mpath,blod,0.1666666666666666,0.5,0.6666666666666666,0.0,0.0,0.5,0.0,0.0,0.7783333333333333,0.25,0.5,0.5,0.3333333333333333,0.125,0.5070833333333333
bioportal-jerm,blod,0.1666666666666666,0.375,0.0,0.0,0.0,0.0,0.0,0.0,0.7783333333333333,0.25,0.5,0.5,0.1354166666666666,0.0,0.5070833333333333
bioportal-phare,blod,0.1666666666666666,0.5,0.6666666666666666,0.0,0.0,0.5,0.0,0.0,0.7783333333333333,0.25,0.5,0.5,0.3333333333333333,0.125,0.5070833333333333
disgenet,blod,0.5,1.0,0.6666666666666666,0.6666666666666666,0.625,0.5,0.5,0.6666666666666666,0.8150000000000001,0.5,0.6666666666666666,1.0,0.7083333333333333,0.5729166666666666,0.7454166666666666
cz-sidc-drugs,blod,0.1666666666666666,0.375,0.0,0.0,0.0,0.5,0.0,0.0,0.7966666666666667,0.25,0.5,0.8333333333333334,0.1354166666666666,0.125,0.5950000000000001
cz-eh-1-atc,blod,0.1666666666666666,0.5,0.6666666666666666,0.0,0.0,0.5,0.0,0.0,0.7966666666666667,0.25,0.5,0.8333333333333334,0.3333333333333333,0.125,0.5950000000000001
bioportal-nigo,blod,0.1666666666666666,0.5,0.6666666666666666,0.0,0.0,0.5,0.0,0.0,0.7783333333333333,0.25,0.5,0.5,0.3333333333333333,0.125,0.5070833333333333
PubChem RDF,blod,0.1666666666666666,0.5,0.3333333333333333,0.1666666666666666,0.625,0.5,0.5,0.3333333333333333,0.7966666666666667,0.25,0.3333333333333333,1.0,0.2916666666666667,0.4895833333333333,0.595
bioportal-gro,blod,0.1666666666666666,0.375,0.0,0.0,0.0,0.5,0.0,0.0,0.7600000000000001,0.25,0.1666666666666666,0.5,0.1354166666666666,0.125,0.4191666666666667
bioportal-unitsontology,blod,0.1666666666666666,0.5,0.6666666666666666,0.0,0.0,0.5,0.0,0.0,0.7783333333333333,0.25,0.5,0.5,0.3333333333333333,0.125,0.5070833333333333
bioportal-ogmd,blod,0.1666666666666666,0.5,0.6666666666666666,0.0,0.0,0.5,0.0,0.0,0.7783333333333333,0.25,0.5,0.5,0.3333333333333333,0.125,0.5070833333333333
bioportal-nddf,blod,0.1666666666666666,0.5,0.6666666666666666,0.0,0.0,0.5,0.0,0.0,0.7783333333333333,0.25,0.5,0.5,0.3333333333333333,0.125,0.5070833333333333
bioportal-mo,blod,0.1666666666666666,0.5,0.6666666666666666,0.0,0.0,0.5,0.0,0.0,0.7783333333333333,0.25,0.5,0.5,0.3333333333333333,0.125,0.5070833333333333
bioportal-ms,blod,0.1666666666666666,0.5,0.6666666666666666,0.0,0.0,0.5,0.0,0.0,0.7783333333333333,0.25,0.5,0.5,0.3333333333333333,0.125,0.5070833333333333
linked-drugs,blod,0.1666666666666666,0.375,0.0,0.0,0.0,0.5,0.0,0.0,0.7966666666666667,0.25,0.5,0.8333333333333334,0.1354166666666666,0.125,0.5950000000000001
ontobeef-domain,blod,0.1666666666666666,0.375,0.0,0.0,0.125,0.0,0.1666666666666666,0.0,0.7966666666666667,0.25,0.5,0.8333333333333334,0.1354166666666666,0.0729166666666666,0.5950000000000001
bioportal-ndfrt,blod,0.1666666666666666,0.5,0.6666666666666666,0.0,0.0,0.5,0.0,0.0,0.7783333333333333,0.25,0.5,0.5,0.3333333333333333,0.125,0.5070833333333333
bioportal-ontoorpha,blod,0.1666666666666666,0.5,0.6666666666666666,0.0,0.0,0.5,0.0,0.0,0.7966666666666667,0.25,0.5,0.8333333333333334,0.3333333333333333,0.125,0.5950000000000001
bioportal-air,blod,0.1666666666666666,0.5,0.6666666666666666,0.0,0.0,0.5,0.0,0.0,0.7783333333333333,0.25,0.5,0.5,0.3333333333333333,0.125,0.5070833333333333
bioportal-bcgo,blod,0.1666666666666666,0.5,0.6666666666666666,0.0,0.0,0.5,0.0,0.0,0.7783333333333333,0.25,0.5,0.5,0.3333333333333333,0.125,0.5070833333333333
ogolod,blod,0.1666666666666666,0.375,0.0,0.0,0.0,0.5,0.0,0.0,0.7966666666666667,0.25,0.5,0.8333333333333334,0.1354166666666666,0.125,0.5950000000000001
bioportal-hugo,blod,0.1666666666666666,0.5,0.6666666666666666,0.0,0.0,0.5,0.0,0.0,0.7783333333333333,0.25,0.5,0.5,0.3333333333333333,0.125,0.5070833333333333
bioportal-neomark,blod,0.1666666666666666,0.375,0.0,0.0,0.0,0.5,0.0,0.0,0.7783333333333333,0.25,0.5,0.5,0.1354166666666666,0.125,0.5070833333333333
bioportal-pdq,blod,0.1666666666666666,0.5,0.6666666666666666,0.0,0.0,0.5,0.0,0.0,0.7783333333333333,0.25,0.5,0.5,0.3333333333333333,0.125,0.5070833333333333
bioportal-cogat,blod,0.1666666666666666,0.5,0.6666666666666666,0.0,0.0,0.5,0.0,0.0,0.7783333333333333,0.25,0.5,0.5,0.3333333333333333,0.125,0.5070833333333333
bio2rdf-affymetrix,blod,0.1666666666666666,0.5,0.3333333333333333,0.1666666666666666,0.625,0.5,0.5,0.3333333333333333,0.8333333333333334,1.0,0.7272727273333333,1.0,0.2916666666666667,0.4895833333333333,0.8901515151666667
bio2rdf-clinicaltrials,blod,0.1666666666666666,0.375,0.0,0.0,0.625,0.5,0.5,0.3333333333333333,0.8333333333333334,1.0,0.7272727273333333,1.0,0.1354166666666666,0.4895833333333333,0.8901515151666667
bio2rdf-ctd,blod,0.1666666666666666,0.375,0.0,0.0,0.25,0.5,0.0,0.0,0.8333333333333334,1.0,0.7272727273333333,1.0,0.1354166666666666,0.1875,0.8901515151666667
bio2rdf-dbsnp,blod,0.1666666666666666,0.375,0.0,0.0,0.25,0.5,0.0,0.0,0.8333333333333334,1.0,0.7272727273333333,1.0,0.1354166666666666,0.1875,0.8901515151666667
bio2rdf-genage,blod,0.1666666666666666,0.375,0.0,0.0,0.25,0.5,0.0,0.0,0.8333333333333334,1.0,0.7272727273333333,1.0,0.1354166666666666,0.1875,0.8901515151666667
bio2rdf-gendr,blod,0.1666666666666666,0.375,0.0,0.0,0.25,0.5,0.0,0.0,0.8333333333333334,1.0,0.7272727273333333,1.0,0.1354166666666666,0.1875,0.8901515151666667
bio2rdf-hgnc,blod,0.1666666666666666,0.375,0.0,0.0,0.25,0.5,0.0,0.0,0.8333333333333334,1.0,0.7272727273333333,1.0,0.1354166666666666,0.1875,0.8901515151666667
bio2rdf-interpro,blod,0.1666666666666666,0.375,0.0,0.0,0.75,1.0,0.6666666666666666,0.8333333333333334,0.8333333333333334,1.0,0.7272727273333333,1.0,0.1354166666666666,0.8125,0.8901515151666667
bio2rdf-iproclass,blod,0.1666666666666666,0.375,0.0,0.0,0.25,0.5,0.0,0.0,0.8333333333333334,1.0,0.7272727273333333,1.0,0.1354166666666666,0.1875,0.8901515151666667
bio2rdf-kegg,blod,0.1666666666666666,0.375,0.0,0.0,0.25,0.5,0.0,0.0,0.8333333333333334,1.0,0.7272727273333333,1.0,0.1354166666666666,0.1875,0.8901515151666667
bio2rdf-linkedspl,blod,0.1666666666666666,0.5,0.0,0.5,0.25,0.5,0.0,0.0,0.8150000000000001,1.0,0.393939394,1.0,0.2916666666666666,0.1875,0.8022348484999999
bio2rdf-lsr,blod,0.1666666666666666,0.375,0.0,0.0,0.0,0.0,0.0,0.0,0.8333333333333334,1.0,0.7272727273333333,1.0,0.1354166666666666,0.0,0.8901515151666667
bio2rdf-ncbigene,blod,0.1666666666666666,0.375,0.0,0.0,0.25,0.5,0.0,0.0,0.8333333333333334,1.0,0.7272727273333333,1.0,0.1354166666666666,0.1875,0.8901515151666667
bio2rdf-omim,blod,0.1666666666666666,0.375,0.0,0.0,0.25,0.5,0.0,0.0,0.8333333333333334,1.0,0.7272727273333333,1.0,0.1354166666666666,0.1875,0.8901515151666667
bio2rdf-pathwaycommons,blod,0.1666666666666666,0.375,0.0,0.0,0.25,0.5,0.0,0.0,0.8150000000000001,1.0,0.393939394,1.0,0.1354166666666666,0.1875,0.8022348484999999
bio2rdf-reactome,blod,0.1666666666666666,0.5,0.3333333333333333,0.1666666666666666,0.5,0.5,0.3333333333333333,0.1666666666666666,0.7966666666666667,1.0,0.5606060606666666,0.8333333333333334,0.2916666666666667,0.375,0.7976515151666668
bio2rdf-sgd,blod,0.1666666666666666,0.375,0.0,0.0,0.25,0.5,0.0,0.0,0.8333333333333334,1.0,0.7272727273333333,1.0,0.1354166666666666,0.1875,0.8901515151666667
bio2rdf-bioportal,blod,0.1666666666666666,0.375,0.0,0.0,0.0,0.5,0.0,0.0,0.8333333333333334,1.0,0.7272727273333333,1.0,0.1354166666666666,0.125,0.8901515151666667
lincs-cloview,blod,0.1666666666666666,0.375,0.0,0.0,0.25,0.5,0.0,0.0,0.2552275313333333,1.0,0.1666666666666666,0.5,0.1354166666666666,0.1875,0.4804735495
lthido,blod,0.1666666666666666,0.375,0.0,0.0,0.0,0.5,0.0,0.0,0.254658703,1.0,0.1666666666666666,0.5,0.1354166666666666,0.125,0.4803313424166667
ndf-rt,blod,0.1666666666666666,0.375,0.0,0.0,0.0,0.5,0.0,0.0,0.3883333333333333,0.375,0.1666666666666666,0.5,0.1354166666666666,0.125,0.3575
ogg-at,blod,0.1666666666666666,0.375,0.0,0.0,0.0,0.0,0.0,0.0,0.2741296928333333,1.0,0.1666666666666666,0.8333333333333334,0.1354166666666666,0.0,0.5685324232083333
ogg-bru,blod,0.1666666666666666,0.375,0.0,0.0,0.0,0.0,0.0,0.0,0.2741296928333333,1.0,0.1666666666666666,0.8333333333333334,0.1354166666666666,0.0,0.5685324232083333
ogg-dm,blod,0.1666666666666666,0.375,0.0,0.0,0.0,0.0,0.0,0.0,0.2741296928333333,1.0,0.1666666666666666,0.8333333333333334,0.1354166666666666,0.0,0.5685324232083333
ogg-sc,blod,0.1666666666666666,0.375,0.0,0.0,0.0,0.0,0.0,0.0,0.2741296928333333,1.0,0.1666666666666666,0.8333333333333334,0.1354166666666666,0.0,0.5685324232083333
reo,blod,0.1666666666666666,0.375,0.0,0.0,0.0,0.5,0.0,0.0,0.2216666666666666,0.0,0.1666666666666666,0.5,0.1354166666666666,0.125,0.2220833333333333
sdgio,blod,0.1666666666666666,0.375,0.0,0.0,0.0,0.5,0.0,0.0,0.2216666666666666,0.0,0.1666666666666666,0.5,0.1354166666666666,0.125,0.2220833333333333
uberon-basic,blod,0.1666666666666666,0.5,0.0,0.5,0.25,0.5,0.0,0.0,0.24,0.0,0.1666666666666666,0.8333333333333334,0.2916666666666666,0.1875,0.31
uberon_collected_metazoa,blod,0.1666666666666666,0.5,0.0,0.5,0.25,0.5,0.0,0.0,0.24,0.0,0.1666666666666666,0.8333333333333334,0.2916666666666666,0.1875,0.31
uberon_depictions,blod,0.1666666666666666,0.5,0.0,0.5,0.25,0.5,0.0,0.0,0.24,0.0,0.1666666666666666,0.8333333333333334,0.2916666666666666,0.1875,0.31
xl,blod,0.1666666666666666,0.375,0.0,0.0,0.0,0.5,0.0,0.0,0.2552275313333333,1.0,0.1666666666666666,0.5,0.1354166666666666,0.125,0.4804735495
evorao,blod,0.1666666666666666,0.5,1.0,0.5,0.5,0.5,0.3333333333333333,0.5,0.7399999999999999,0.0,0.1666666666666666,0.5,0.5416666666666666,0.4583333333333333,0.3516666666666666
ictv,blod,0.1666666666666666,0.375,0.0,0.0,0.25,0.5,0.0,0.0,0.2216666666666666,0.0,0.1666666666666666,0.5,0.1354166666666666,0.1875,0.2220833333333333
uniprotrdfs,blod,0.1666666666666666,0.5,0.3333333333333333,0.3333333333333333,0.5,0.5,0.6666666666666666,0.1666666666666666,0.2216666666666666,0.0,0.1666666666666666,0.5,0.3333333333333333,0.4583333333333333,0.2220833333333333
addicto,blod,0.1666666666666666,0.5,0.0,0.1666666666666666,0.25,0.5,0.0,0.0,0.2033333333333333,0.0,0.1666666666666666,0.1666666666666666,0.2083333333333333,0.1875,0.1341666666666666
dhba,blod,0.1666666666666666,0.5,0.0,0.1666666666666666,0.25,0.5,0.0,0.0,0.2033333333333333,0.0,0.1666666666666666,0.1666666666666666,0.2083333333333333,0.1875,0.1341666666666666
hba,blod,0.1666666666666666,0.5,0.0,0.1666666666666666,0.25,0.5,0.0,0.0,0.7216666666666667,0.0,0.1666666666666666,0.1666666666666666,0.2083333333333333,0.1875,0.26375
lipidmaps,blod,0.1666666666666666,0.5,0.0,0.1666666666666666,0.25,0.5,0.0,0.0,0.2216666666666666,1.0,0.1666666666666666,0.5,0.2083333333333333,0.1875,0.4720833333333333
cao,blod,0.1666666666666666,0.5,0.0,0.1666666666666666,0.25,0.5,0.0,0.0,0.7216666666666667,0.0,0.1666666666666666,0.1666666666666666,0.2083333333333333,0.1875,0.26375
phi,blod,0.1666666666666666,0.375,0.0,0.0,0.25,0.5,0.0,0.0,0.2216666666666666,0.0,0.1666666666666666,0.5,0.1354166666666666,0.1875,0.2220833333333333
msio,blod,0.1666666666666666,0.5,0.0,0.1666666666666666,0.25,0.5,0.0,0.0,0.7216666666666667,0.0,0.1666666666666666,0.1666666666666666,0.2083333333333333,0.1875,0.26375
pride,blod,0.1666666666666666,0.5,0.0,0.1666666666666666,0.25,0.5,0.0,0.0,0.7399999999999999,0.0,0.1666666666666666,0.5,0.2083333333333333,0.1875,0.3516666666666666
unimod,blod,0.1666666666666666,0.375,0.0,0.0,0.25,0.5,0.0,0.0,0.2216666666666666,0.0,0.1666666666666666,0.5,0.1354166666666666,0.1875,0.2220833333333333
hcao,blod,0.1666666666666666,0.5,0.0,0.1666666666666666,0.25,0.5,0.0,0.0,0.7216666666666667,0.0,0.1666666666666666,0.1666666666666666,0.2083333333333333,0.1875,0.26375
bcio,blod,0.1666666666666666,0.5,0.0,0.1666666666666666,0.25,0.5,0.0,0.0,0.2033333333333333,0.0,0.1666666666666666,0.1666666666666666,0.2083333333333333,0.1875,0.1341666666666666
covoc,blod,0.1666666666666666,0.5,0.0,0.1666666666666666,0.25,0.5,0.0,0.0,0.2033333333333333,0.0,0.1666666666666666,0.1666666666666666,0.2083333333333333,0.1875,0.1341666666666666
snomed,blod,0.1666666666666666,0.5,0.3333333333333333,0.5,0.5,0.5,0.3333333333333333,0.1666666666666666,0.2216666666666666,0.0,0.1666666666666666,0.5,0.375,0.375,0.2220833333333333
ehda,blod,0.1666666666666666,0.5,0.6666666666666666,0.0,0.0,0.5,0.0,0.0,0.7600000000000001,0.0,0.1666666666666666,0.8333333333333334,0.3333333333333333,0.125,0.44
flu,blod,0.1666666666666666,0.5,0.6666666666666666,0.0,0.25,0.5,0.0,0.0,0.7600000000000001,0.0,0.1666666666666666,0.8333333333333334,0.3333333333333333,0.1875,0.44
loggerhead,blod,0.1666666666666666,0.5,0.6666666666666666,0.0,0.0,0.0,0.0,0.0,0.24,0.0,0.1666666666666666,0.8333333333333334,0.3333333333333333,0.0,0.31
pd_st,blod,0.1666666666666666,0.375,0.0,0.0,0.0,0.5,0.0,0.0,0.7600000000000001,0.0,0.1666666666666666,0.8333333333333334,0.1354166666666666,0.125,0.44
propreo,blod,0.1666666666666666,0.375,0.0,0.0,0.0,0.5,0.0,0.0,0.7600000000000001,0.0,0.1666666666666666,0.8333333333333334,0.1354166666666666,0.125,0.44
resid,blod,0.1666666666666666,0.375,0.0,0.0,0.375,0.0,0.5,0.3333333333333333,0.7600000000000001,0.0,0.1666666666666666,0.8333333333333334,0.1354166666666666,0.3020833333333333,0.44
sopharm,blod,0.1666666666666666,0.5,0.6666666666666666,0.0,0.0,0.5,0.0,0.0,0.24,0.0,0.1666666666666666,0.8333333333333334,0.3333333333333333,0.125,0.31
tahe,blod,0.1666666666666666,0.375,0.0,0.0,0.25,0.5,0.0,0.0,0.24,0.0,0.1666666666666666,0.8333333333333334,0.1354166666666666,0.1875,0.31
tahh,blod,0.1666666666666666,0.375,0.0,0.0,0.25,0.5,0.0,0.0,0.7600000000000001,0.0,0.1666666666666666,0.8333333333333334,0.1354166666666666,0.1875,0.44
bci,blod,0.1666666666666666,0.5,0.3333333333333333,0.1666666666666666,0.625,0.5,0.5,0.3333333333333333,0.24,0.0,0.1666666666666666,0.8333333333333334,0.2916666666666667,0.4895833333333333,0.31
biol,blod,0.1666666666666666,0.5,0.3333333333333333,0.1666666666666666,0.625,0.5,0.5,0.3333333333333333,0.24,0.0,0.1666666666666666,0.8333333333333334,0.2916666666666667,0.4895833333333333,0.31
biopax,blod,0.1666666666666666,0.5,0.3333333333333333,0.1666666666666666,0.625,0.5,0.5,0.3333333333333333,0.24,0.0,0.1666666666666666,0.8333333333333334,0.2916666666666667,0.4895833333333333,0.31
biotop,blod,0.1666666666666666,0.5,0.3333333333333333,0.1666666666666666,0.625,0.5,0.5,0.3333333333333333,0.24,0.0,0.1666666666666666,0.8333333333333334,0.2916666666666667,0.4895833333333333,0.31
cochrane,blod,0.1666666666666666,0.5,0.3333333333333333,0.1666666666666666,0.625,0.5,0.5,0.3333333333333333,0.24,0.0,0.1666666666666666,0.8333333333333334,0.2916666666666667,0.4895833333333333,0.31
cocoon,blod,0.1666666666666666,0.5,0.3333333333333333,0.1666666666666666,0.625,0.5,0.5,0.3333333333333333,0.24,0.0,0.1666666666666666,0.8333333333333334,0.2916666666666667,0.4895833333333333,0.31
dataid,blod,0.1666666666666666,0.5,0.3333333333333333,0.1666666666666666,0.625,0.5,0.5,0.3333333333333333,0.24,0.0,0.1666666666666666,0.8333333333333334,0.2916666666666667,0.4895833333333333,0.31
dbm,blod,0.1666666666666666,0.5,0.3333333333333333,0.1666666666666666,0.625,0.5,0.5,0.3333333333333333,0.24,0.0,0.1666666666666666,0.8333333333333334,0.2916666666666667,0.4895833333333333,0.31
dbpedia-owl,blod,0.1666666666666666,0.5,0.3333333333333333,0.1666666666666666,0.625,0.5,0.5,0.3333333333333333,0.24,0.0,0.1666666666666666,0.8333333333333334,0.2916666666666667,0.4895833333333333,0.31
hifm,blod,0.1666666666666666,0.5,0.3333333333333333,0.1666666666666666,0.625,0.5,0.5,0.3333333333333333,0.24,0.0,0.1666666666666666,0.8333333333333334,0.2916666666666667,0.4895833333333333,0.31
hosp,blod,0.1666666666666666,0.5,0.3333333333333333,0.1666666666666666,0.625,0.5,0.5,0.3333333333333333,0.24,0.0,0.1666666666666666,0.8333333333333334,0.2916666666666667,0.4895833333333333,0.31
incident,blod,0.1666666666666666,0.5,0.3333333333333333,0.1666666666666666,0.625,0.5,0.5,0.3333333333333333,0.24,0.0,0.1666666666666666,0.8333333333333334,0.2916666666666667,0.4895833333333333,0.31
lsc,blod,0.1666666666666666,0.5,0.3333333333333333,0.1666666666666666,0.625,0.5,0.5,0.3333333333333333,0.24,0.0,0.1666666666666666,0.8333333333333334,0.2916666666666667,0.4895833333333333,0.31
ofo,blod,0.1666666666666666,0.5,0.3333333333333333,0.1666666666666666,0.625,0.5,0.5,0.3333333333333333,0.24,0.0,0.1666666666666666,0.8333333333333334,0.2916666666666667,0.4895833333333333,0.31
omnlc,blod,0.1666666666666666,0.5,0.3333333333333333,0.1666666666666666,0.625,0.5,0.5,0.3333333333333333,0.24,0.0,0.1666666666666666,0.8333333333333334,0.2916666666666667,0.4895833333333333,0.31
person,blod,0.1666666666666666,0.5,0.3333333333333333,0.1666666666666666,0.625,0.5,0.5,0.3333333333333333,0.24,0.0,0.1666666666666666,0.8333333333333334,0.2916666666666667,0.4895833333333333,0.31
pext,blod,0.1666666666666666,0.5,0.3333333333333333,0.1666666666666666,0.625,0.5,0.5,0.3333333333333333,0.24,0.0,0.1666666666666666,0.8333333333333334,0.2916666666666667,0.4895833333333333,0.31
phdd,blod,0.1666666666666666,0.5,0.3333333333333333,0.1666666666666666,0.625,0.5,0.5,0.3333333333333333,0.24,0.0,0.1666666666666666,0.8333333333333334,0.2916666666666667,0.4895833333333333,0.31
pimsii,blod,0.1666666666666666,0.5,0.3333333333333333,0.1666666666666666,0.625,0.5,0.5,0.3333333333333333,0.2216666666666666,0.0,0.1666666666666666,0.5,0.2916666666666667,0.4895833333333333,0.2220833333333333
plink,blod,0.1666666666666666,0.5,0.3333333333333333,0.1666666666666666,0.625,0.5,0.5,0.3333333333333333,0.2216666666666666,0.0,0.1666666666666666,0.5,0.2916666666666667,0.4895833333333333,0.2220833333333333
pmofn,blod,0.1666666666666666,0.5,0.3333333333333333,0.1666666666666666,0.625,0.5,0.5,0.3333333333333333,0.24,0.0,0.1666666666666666,0.8333333333333334,0.2916666666666667,0.4895833333333333,0.31
pmonb,blod,0.1666666666666666,0.5,0.3333333333333333,0.1666666666666666,0.625,0.5,0.5,0.3333333333333333,0.24,0.0,0.1666666666666666,0.8333333333333334,0.2916666666666667,0.4895833333333333,0.31
pmopb,blod,0.1666666666666666,0.5,0.3333333333333333,0.1666666666666666,0.625,0.5,0.5,0.3333333333333333,0.24,0.0,0.1666666666666666,0.8333333333333334,0.2916666666666667,0.4895833333333333,0.31
pmovn,blod,0.1666666666666666,0.5,0.3333333333333333,0.1666666666666666,0.625,0.5,0.5,0.3333333333333333,0.24,0.0,0.1666666666666666,0.8333333333333334,0.2916666666666667,0.4895833333333333,0.31
s4ehaw,blod,0.1666666666666666,0.5,0.3333333333333333,0.1666666666666666,0.625,0.5,0.5,0.3333333333333333,0.24,0.0,0.1666666666666666,0.8333333333333334,0.2916666666666667,0.4895833333333333,0.31
sbeo,blod,0.1666666666666666,0.5,0.3333333333333333,0.1666666666666666,0.625,0.5,0.5,0.3333333333333333,0.24,0.0,0.1666666666666666,0.8333333333333334,0.2916666666666667,0.4895833333333333,0.31
scip,blod,0.1666666666666666,0.5,0.3333333333333333,0.1666666666666666,0.625,0.5,0.5,0.3333333333333333,0.2216666666666666,0.0,0.1666666666666666,0.5,0.2916666666666667,0.4895833333333333,0.2220833333333333
scoro,blod,0.1666666666666666,0.5,0.3333333333333333,0.1666666666666666,0.625,0.5,0.5,0.3333333333333333,0.24,0.0,0.1666666666666666,0.8333333333333334,0.2916666666666667,0.4895833333333333,0.31
tax,blod,0.1666666666666666,0.5,0.3333333333333333,0.1666666666666666,0.625,0.5,0.5,0.3333333333333333,0.24,0.0,0.1666666666666666,0.8333333333333334,0.2916666666666667,0.4895833333333333,0.31
taxon,blod,0.1666666666666666,0.5,0.3333333333333333,0.1666666666666666,0.625,0.5,0.5,0.3333333333333333,0.2216666666666666,0.0,0.1666666666666666,0.5,0.2916666666666667,0.4895833333333333,0.2220833333333333
wikibase,blod,0.1666666666666666,0.5,0.3333333333333333,0.1666666666666666,0.625,0.5,0.5,0.3333333333333333,0.24,0.0,0.1666666666666666,0.8333333333333334,0.2916666666666667,0.4895833333333333,0.31
mammalian-phenotype-ontology,blod,0.1666666666666666,0.5,0.0,0.1666666666666666,0.25,0.5,0.0,0.0,0.24,0.0,0.1666666666666666,0.8333333333333334,0.2083333333333333,0.1875,0.31
drosophila-anatomy-developmental-ontology,blod,0.1666666666666666,0.5,0.0,0.1666666666666666,0.25,0.5,0.0,0.0,0.24,0.0,0.1666666666666666,0.8333333333333334,0.2083333333333333,0.1875,0.31
geno-ontology,blod,0.1666666666666666,0.5,0.0,0.1666666666666666,0.25,0.5,0.0,0.0,0.24,0.0,0.1666666666666666,0.8333333333333334,0.2083333333333333,0.1875,0.31
sem-prov-ontologies,blod,0.1666666666666666,0.5,0.0,0.1666666666666666,0.25,0.5,0.0,0.0,0.24,0.0,0.1666666666666666,0.8333333333333334,0.2083333333333333,0.1875,0.31
microbe_masst,blod,0.1666666666666666,0.5,0.3333333333333333,0.5,0.25,0.5,0.0,0.0,0.24,0.0,0.1666666666666666,0.8333333333333334,0.375,0.1875,0.31
semanticchemistry,blod,0.1666666666666666,0.5,0.3333333333333333,0.5,0.5,0.5,0.3333333333333333,0.1666666666666666,0.24,0.0,0.1666666666666666,0.8333333333333334,0.375,0.375,0.31
monarch-disease-ontology-retired,blod,0.1666666666666666,0.5,0.3333333333333333,0.5,0.25,0.5,0.0,0.0,0.24,0.0,0.1666666666666666,0.8333333333333334,0.375,0.1875,0.31
hspo-ontology,blod,0.1666666666666666,0.5,0.3333333333333333,0.5,0.25,0.5,0.0,0.0,0.24,0.0,0.1666666666666666,0.8333333333333334,0.375,0.1875,0.31
environmental-exposure-ontology,blod,0.1666666666666666,0.5,0.0,0.1666666666666666,0.25,0.5,0.0,0.0,0.24,0.0,0.1666666666666666,0.8333333333333334,0.2083333333333333,0.1875,0.31
mental-functioning-ontology,blod,0.1666666666666666,0.5,0.6666666666666666,0.0,0.5,0.5,0.3333333333333333,0.1666666666666666,0.24,0.0,0.1666666666666666,0.8333333333333334,0.3333333333333333,0.375,0.31
diamond,blod,0.1666666666666666,0.5,0.3333333333333333,0.5,0.25,0.5,0.0,0.0,0.24,0.0,0.1666666666666666,0.8333333333333334,0.375,0.1875,0.31
genealogical-trees,blod,0.1666666666666666,0.5,0.3333333333333333,0.5,0.25,0.5,0.0,0.0,0.2216666666666666,0.0,0.1666666666666666,0.5,0.375,0.1875,0.2220833333333333
bio-attribute-ontology,blod,0.1666666666666666,0.5,0.0,0.1666666666666666,0.25,0.5,0.0,0.0,0.24,0.0,0.1666666666666666,0.8333333333333334,0.2083333333333333,0.1875,0.31
behavior-ontology,blod,0.1666666666666666,0.5,0.0,0.1666666666666666,0.25,0.5,0.0,0.0,0.24,0.0,0.1666666666666666,0.8333333333333334,0.2083333333333333,0.1875,0.31
joint-food-ontology-wg,blod,0.1666666666666666,0.5,0.3333333333333333,0.5,0.25,0.5,0.0,0.0,0.2216666666666666,0.0,0.1666666666666666,0.5,0.375,0.1875,0.2220833333333333
disease-ontology,blod,0.1666666666666666,0.5,0.3333333333333333,0.5,0.25,0.5,0.0,0.0,0.2033333333333333,0.0,0.1666666666666666,0.1666666666666666,0.375,0.1875,0.1341666666666666
osdu-ontology,blod,0.1666666666666666,0.5,0.3333333333333333,0.5,0.25,0.5,0.0,0.0,0.24,0.0,0.1666666666666666,0.8333333333333334,0.375,0.1875,0.31
crop-ontology,blod,0.1666666666666666,0.5,0.0,0.1666666666666666,0.25,0.5,0.0,0.0,0.24,0.0,0.1666666666666666,0.8333333333333334,0.2083333333333333,0.1875,0.31
humandiseaseontology,blod,0.1666666666666666,0.375,0.0,0.0,0.25,0.5,0.0,0.0,0.24,0.0,0.1666666666666666,0.8333333333333334,0.1354166666666666,0.1875,0.31
human-phenotype-ontology,blod,0.1666666666666666,0.5,0.6666666666666666,0.0,0.0,0.0,0.0,0.0,0.24,0.0,0.1666666666666666,0.8333333333333334,0.3333333333333333,0.0,0.31
go-ontology,blod,0.1666666666666666,0.375,0.0,0.0,0.5,0.5,0.3333333333333333,0.1666666666666666,0.24,0.0,0.1666666666666666,0.8333333333333334,0.1354166666666666,0.375,0.31
cell-ontology,blod,0.1666666666666666,0.5,0.0,0.1666666666666666,0.25,0.5,0.0,0.0,0.24,0.0,0.1666666666666666,0.8333333333333334,0.2083333333333333,0.1875,0.31
plant-ontology,blod,0.1666666666666666,0.5,0.3333333333333333,0.5,0.25,0.5,0.0,0.0,0.2216666666666666,0.0,0.1666666666666666,0.5,0.375,0.1875,0.2220833333333333
ontie,blod,0.1666666666666666,0.5,0.3333333333333333,0.5,0.25,0.5,0.0,0.0,0.2216666666666666,0.0,0.1666666666666666,0.5,0.375,0.1875,0.2220833333333333
auto,blod,0.1666666666666666,0.5,0.3333333333333333,0.5,0.25,0.5,0.0,0.0,0.2216666666666666,0.0,0.1666666666666666,0.5,0.375,0.1875,0.2220833333333333
plant-stress-ontology,blod,0.1666666666666666,0.5,0.3333333333333333,0.5,0.25,0.5,0.0,0.0,0.2216666666666666,0.0,0.1666666666666666,0.5,0.375,0.1875,0.2220833333333333
foodbiomarkerontology,blod,0.1666666666666666,0.5,0.3333333333333333,0.5,0.25,0.5,0.0,0.0,0.2216666666666666,0.0,0.1666666666666666,0.5,0.375,0.1875,0.2220833333333333
obsolete-hdo,blod,0.1666666666666666,0.5,0.3333333333333333,0.5,0.25,0.5,0.0,0.0,0.2033333333333333,0.0,0.1666666666666666,0.1666666666666666,0.375,0.1875,0.1341666666666666
rsc-cmo,blod,0.1666666666666666,0.5,0.3333333333333333,0.5,0.25,0.5,0.0,0.0,0.2216666666666666,0.0,0.1666666666666666,0.5,0.375,0.1875,0.2220833333333333
bbc-wildlife,blod,0.1666666666666666,0.5,0.3333333333333333,0.5,0.875,0.5,0.5,0.3333333333333333,0.2033333333333333,0.0,0.1666666666666666,0.1666666666666666,0.375,0.5520833333333334,0.1341666666666666
mcog-core,blod,0.1666666666666666,0.5,0.3333333333333333,0.5,0.25,0.5,0.0,0.0,0.2216666666666666,0.0,0.1666666666666666,0.5,0.375,0.1875,0.2220833333333333
flybase-controlled-vocabulary,blod,0.1666666666666666,0.5,0.3333333333333333,0.5,0.25,0.5,0.0,0.0,0.2216666666666666,0.0,0.1666666666666666,0.5,0.375,0.1875,0.2220833333333333
plant-experimental-conditions-ontology,blod,0.1666666666666666,0.5,0.3333333333333333,0.5,0.25,0.5,0.0,0.0,0.2216666666666666,0.0,0.1666666666666666,0.5,0.375,0.1875,0.2220833333333333
developmental-stage-ontologies,blod,0.1666666666666666,0.5,0.3333333333333333,0.5,0.25,0.5,0.0,0.0,0.2033333333333333,0.0,0.1666666666666666,0.1666666666666666,0.375,0.1875,0.1341666666666666
zebrafish-phenotype-ontology,blod,0.1666666666666666,0.5,0.3333333333333333,0.5,0.25,0.5,0.0,0.0,0.2033333333333333,0.0,0.1666666666666666,0.1666666666666666,0.375,0.1875,0.1341666666666666
fungal-anatomy-ontology,blod,0.1666666666666666,0.5,0.3333333333333333,0.5,0.25,0.5,0.0,0.0,0.2033333333333333,0.0,0.1666666666666666,0.1666666666666666,0.375,0.1875,0.1341666666666666
hetontology,blod,0.1666666666666666,0.5,0.3333333333333333,0.5,0.25,0.5,0.0,0.0,0.2216666666666666,0.0,0.1666666666666666,0.5,0.375,0.1875,0.2220833333333333
mobio,blod,0.1666666666666666,0.5,0.3333333333333333,0.5,0.25,0.5,0.0,0.0,0.2216666666666666,0.0,0.1666666666666666,0.5,0.375,0.1875,0.2220833333333333
sfwo,blod,0.1666666666666666,0.5,0.3333333333333333,0.5,0.25,0.5,0.0,0.0,0.2033333333333333,0.0,0.1666666666666666,0.1666666666666666,0.375,0.1875,0.1341666666666666
nfdi4plants_ontology,blod,0.1666666666666666,0.5,0.3333333333333333,0.5,0.25,0.5,0.0,0.0,0.2216666666666666,0.0,0.1666666666666666,0.5,0.375,0.1875,0.2220833333333333
gene-ontology,blod,0.1666666666666666,0.5,0.3333333333333333,0.5,0.25,0.5,0.0,0.0,0.2033333333333333,0.0,0.1666666666666666,0.1666666666666666,0.375,0.1875,0.1341666666666666
conso,blod,0.1666666666666666,0.5,0.3333333333333333,0.5,0.25,0.5,0.0,0.0,0.2216666666666666,0.0,0.1666666666666666,0.5,0.375,0.1875,0.2220833333333333
human_phenotype_ontology,blod,0.1666666666666666,0.375,0.0,0.0,0.5,0.5,0.3333333333333333,0.1666666666666666,0.2216666666666666,0.0,0.1666666666666666,0.5,0.1354166666666666,0.375,0.2220833333333333
healthont,blod,0.1666666666666666,0.5,0.3333333333333333,0.5,0.25,0.5,0.0,0.0,0.2216666666666666,0.0,0.1666666666666666,0.5,0.375,0.1875,0.2220833333333333
heron-ontology,blod,0.1666666666666666,0.5,0.3333333333333333,0.5,0.25,0.5,0.0,0.0,0.2216666666666666,0.0,0.1666666666666666,0.5,0.375,0.1875,0.2220833333333333
ontologyandqahealth,blod,0.1666666666666666,0.5,0.3333333333333333,0.5,0.25,0.5,0.0,0.0,0.2216666666666666,0.0,0.1666666666666666,0.5,0.375,0.1875,0.2220833333333333
diagnosis_support,blod,0.1666666666666666,0.5,0.3333333333333333,0.5,0.25,0.5,0.0,0.0,0.2216666666666666,0.0,0.1666666666666666,0.5,0.375,0.1875,0.2220833333333333
codmo,blod,0.1666666666666666,0.5,0.3333333333333333,0.5,0.25,0.5,0.0,0.0,0.7399999999999999,0.0,0.1666666666666666,0.5,0.375,0.1875,0.3516666666666666
miaf-ontology,blod,0.1666666666666666,0.5,0.3333333333333333,0.5,0.25,0.5,0.0,0.0,0.2033333333333333,0.0,0.1666666666666666,0.1666666666666666,0.375,0.1875,0.1341666666666666
ontology_deb,blod,0.1666666666666666,0.375,0.0,0.0,0.0,0.5,0.0,0.0,0.2216666666666666,0.0,0.1666666666666666,0.5,0.1354166666666666,0.125,0.2220833333333333
ontology-covid-patients,blod,0.1666666666666666,0.5,0.3333333333333333,0.5,0.25,0.5,0.0,0.0,0.2033333333333333,0.0,0.1666666666666666,0.1666666666666666,0.375,0.1875,0.1341666666666666
tibb-nabawi,blod,0.1666666666666666,0.5,0.3333333333333333,0.5,0.25,0.5,0.0,0.0,0.2033333333333333,0.0,0.1666666666666666,0.1666666666666666,0.375,0.1875,0.1341666666666666
toxicology-ontology,blod,0.1666666666666666,0.5,0.3333333333333333,0.5,0.25,0.5,0.0,0.0,0.2033333333333333,0.0,0.1666666666666666,0.1666666666666666,0.375,0.1875,0.1341666666666666
gliomarker,blod,0.1666666666666666,0.5,0.3333333333333333,0.5,0.25,0.5,0.0,0.0,0.2033333333333333,0.0,0.1666666666666666,0.1666666666666666,0.375,0.1875,0.1341666666666666
clinical_trial_ontology,blod,0.1666666666666666,0.5,0.3333333333333333,0.5,0.25,0.5,0.0,0.0,0.2033333333333333,0.0,0.1666666666666666,0.1666666666666666,0.375,0.1875,0.1341666666666666
clinreason,blod,0.1666666666666666,0.5,0.3333333333333333,0.5,0.25,0.5,0.0,0.0,0.2033333333333333,0.0,0.1666666666666666,0.1666666666666666,0.375,0.1875,0.1341666666666666
cdt-ontology,blod,0.1666666666666666,0.5,0.3333333333333333,0.5,0.25,0.5,0.0,0.0,0.2033333333333333,0.0,0.1666666666666666,0.1666666666666666,0.375,0.1875,0.1341666666666666
autocoo,blod,0.1666666666666666,0.5,0.3333333333333333,0.5,0.25,0.5,0.0,0.0,0.2033333333333333,0.0,0.1666666666666666,0.1666666666666666,0.375,0.1875,0.1341666666666666
ecmo,blod,0.1666666666666666,0.5,0.3333333333333333,0.5,0.25,0.5,0.0,0.0,0.2033333333333333,0.0,0.1666666666666666,0.1666666666666666,0.375,0.1875,0.1341666666666666
ontology-of-clinical-research,blod,0.1666666666666666,0.5,0.3333333333333333,0.5,0.25,0.5,0.0,0.0,0.2033333333333333,0.0,0.1666666666666666,0.1666666666666666,0.375,0.1875,0.1341666666666666
pacco,blod,0.1666666666666666,0.5,0.3333333333333333,0.5,0.25,0.5,0.0,0.0,0.2033333333333333,0.0,0.1666666666666666,0.1666666666666666,0.375,0.1875,0.1341666666666666
obci,blod,0.1666666666666666,0.5,0.3333333333333333,0.5,0.25,0.5,0.0,0.0,0.2033333333333333,0.0,0.1666666666666666,0.1666666666666666,0.375,0.1875,0.1341666666666666
ontology-of-traditional-chinese-medicine,blod,0.1666666666666666,0.5,0.3333333333333333,0.5,0.25,0.5,0.0,0.0,0.2033333333333333,0.0,0.1666666666666666,0.1666666666666666,0.375,0.1875,0.1341666666666666
bim-biomedical-image-ontology,blod,0.1666666666666666,0.5,0.3333333333333333,0.5,0.25,0.5,0.0,0.0,0.2033333333333333,0.0,0.1666666666666666,0.1666666666666666,0.375,0.1875,0.1341666666666666
debio,blod,0.1666666666666666,0.5,0.3333333333333333,0.5,0.25,0.5,0.0,0.0,0.2033333333333333,0.0,0.1666666666666666,0.1666666666666666,0.375,0.1875,0.1341666666666666
bioportal,blod,0.1666666666666666,0.375,0.0,0.0,0.0,0.5,0.0,0.0,0.2216666666666666,0.0,0.1666666666666666,0.5,0.1354166666666666,0.125,0.2220833333333333
obi-ontology.org,blod,0.1666666666666666,0.375,0.0,0.0,0.25,0.5,0.0,0.0,0.7600000000000001,0.0,0.1666666666666666,0.8333333333333334,0.1354166666666666,0.1875,0.44
yggdrasil,blod,0.1666666666666666,0.5,0.3333333333333333,0.5,0.25,0.5,0.0,0.0,0.2033333333333333,0.0,0.1666666666666666,0.1666666666666666,0.375,0.1875,0.1341666666666666
hpo-explorer,blod,0.1666666666666666,0.5,0.0,0.1666666666666666,0.25,0.5,0.0,0.0,0.2216666666666666,0.0,0.1666666666666666,0.5,0.2083333333333333,0.1875,0.2220833333333333
gene_ontology,blod,0.1666666666666666,0.5,0.3333333333333333,0.5,0.25,0.5,0.0,0.0,0.2033333333333333,0.0,0.1666666666666666,0.1666666666666666,0.375,0.1875,0.1341666666666666
pathogenesis-gene-ontology,blod,0.1666666666666666,0.5,0.3333333333333333,0.5,0.25,0.5,0.0,0.0,0.2033333333333333,0.0,0.1666666666666666,0.1666666666666666,0.375,0.1875,0.1341666666666666
geneontology.jl,blod,0.1666666666666666,0.5,0.3333333333333333,0.5,0.25,0.5,0.0,0.0,0.2216666666666666,0.0,0.1666666666666666,0.5,0.375,0.1875,0.2220833333333333
geneontologygraphdb,blod,0.1666666666666666,0.5,0.3333333333333333,0.5,0.25,0.5,0.0,0.0,0.2033333333333333,0.0,0.1666666666666666,0.1666666666666666,0.375,0.1875,0.1341666666666666
bacteria-ontologia,blod,0.1666666666666666,0.5,0.3333333333333333,0.5,0.25,0.5,0.0,0.0,0.2033333333333333,0.0,0.1666666666666666,0.1666666666666666,0.375,0.1875,0.1341666666666666
gene_onotology_obo_tools,blod,0.1666666666666666,0.5,0.3333333333333333,0.5,0.25,0.5,0.0,0.0,0.2033333333333333,0.0,0.1666666666666666,0.1666666666666666,0.375,0.1875,0.1341666666666666
zeogs_github,blod,0.1666666666666666,0.5,0.3333333333333333,0.5,0.25,0.5,0.0,0.0,0.2033333333333333,0.0,0.1666666666666666,0.1666666666666666,0.375,0.1875,0.1341666666666666
ogg-core,blod,0.1666666666666666,0.5,0.3333333333333333,0.5,0.25,0.5,0.0,0.0,0.2033333333333333,0.0,0.1666666666666666,0.1666666666666666,0.375,0.1875,0.1341666666666666
pcpannotationassessment,blod,0.1666666666666666,0.5,0.3333333333333333,0.5,0.25,0.5,0.0,0.0,0.2033333333333333,0.0,0.1666666666666666,0.1666666666666666,0.375,0.1875,0.1341666666666666
do2go_mouse,blod,0.1666666666666666,0.5,0.3333333333333333,0.5,0.25,0.5,0.0,0.0,0.2033333333333333,0.0,0.1666666666666666,0.1666666666666666,0.375,0.1875,0.1341666666666666
go2cell,blod,0.1666666666666666,0.5,0.3333333333333333,0.5,0.25,0.5,0.0,0.0,0.2033333333333333,0.0,0.1666666666666666,0.1666666666666666,0.375,0.1875,0.1341666666666666
dataset_gene_ontology_term,blod,0.1666666666666666,0.5,0.3333333333333333,0.5,0.25,0.5,0.0,0.0,0.2033333333333333,0.0,0.1666666666666666,0.1666666666666666,0.375,0.1875,0.1341666666666666
genes-data,blod,0.1666666666666666,0.5,0.3333333333333333,0.5,0.25,0.5,0.0,0.0,0.2033333333333333,0.0,0.1666666666666666,0.1666666666666666,0.375,0.1875,0.1341666666666666
gene-ontology-classification-of-protein-sequence,blod,0.1666666666666666,0.5,0.3333333333333333,0.5,0.25,0.5,0.0,0.0,0.2033333333333333,0.0,0.1666666666666666,0.1666666666666666,0.375,0.1875,0.1341666666666666
sepsis_gene_knowledgegraph_ontology,blod,0.1666666666666666,0.5,0.3333333333333333,0.5,0.25,0.5,0.0,0.0,0.2033333333333333,0.0,0.1666666666666666,0.1666666666666666,0.375,0.1875,0.1341666666666666
gocluster,blod,0.1666666666666666,0.5,0.3333333333333333,0.5,0.25,0.5,0.0,0.0,0.2033333333333333,0.0,0.1666666666666666,0.1666666666666666,0.375,0.1875,0.1341666666666666
regeneration-in-drosophila-melanogaster,blod,0.1666666666666666,0.5,0.3333333333333333,0.5,0.25,0.5,0.0,0.0,0.2033333333333333,0.0,0.1666666666666666,0.1666666666666666,0.375,0.1875,0.1341666666666666
ppi-research,blod,0.1666666666666666,0.5,0.3333333333333333,0.5,0.25,0.5,0.0,0.0,0.2033333333333333,0.0,0.1666666666666666,0.1666666666666666,0.375,0.1875,0.1341666666666666
clusterprofiler,blod,0.1666666666666666,0.5,0.0,0.1666666666666666,0.25,0.5,0.0,0.0,0.24,0.0,0.1666666666666666,0.8333333333333334,0.2083333333333333,0.1875,0.31
go-rdf,blod,0.1666666666666666,0.5,0.3333333333333333,0.5,0.25,0.5,0.0,0.0,0.2033333333333333,0.0,0.1666666666666666,0.1666666666666666,0.375,0.1875,0.1341666666666666
gograph,blod,0.1666666666666666,0.5,0.3333333333333333,0.5,0.25,0.5,0.0,0.0,0.2033333333333333,0.0,0.1666666666666666,0.1666666666666666,0.375,0.1875,0.1341666666666666
geneontologynextgeneration,blod,0.1666666666666666,0.5,0.3333333333333333,0.5,0.25,0.5,0.0,0.0,0.2033333333333333,0.0,0.1666666666666666,0.1666666666666666,0.375,0.1875,0.1341666666666666
gopher,blod,0.1666666666666666,0.5,0.3333333333333333,0.5,0.25,0.5,0.0,0.0,0.2033333333333333,0.0,0.1666666666666666,0.1666666666666666,0.375,0.1875,0.1341666666666666
bayesgo2do,blod,0.1666666666666666,0.5,0.3333333333333333,0.5,0.25,0.5,0.0,0.0,0.2033333333333333,0.0,0.1666666666666666,0.1666666666666666,0.375,0.1875,0.1341666666666666
gene-ontology-database,blod,0.1666666666666666,0.5,0.3333333333333333,0.5,0.25,0.5,0.0,0.0,0.2033333333333333,0.0,0.1666666666666666,0.1666666666666666,0.375,0.1875,0.1341666666666666
basic-gene-ontology,blod,0.1666666666666666,0.5,0.3333333333333333,0.5,0.25,0.5,0.0,0.0,0.2033333333333333,0.0,0.1666666666666666,0.1666666666666666,0.375,0.1875,0.1341666666666666
wbo-gene-ontology,blod,0.1666666666666666,0.5,0.3333333333333333,0.5,0.25,0.5,0.0,0.0,0.2033333333333333,0.0,0.1666666666666666,0.1666666666666666,0.375,0.1875,0.1341666666666666
gene-pleiotropy,blod,0.1666666666666666,0.5,0.3333333333333333,0.5,0.25,0.5,0.0,0.0,0.2033333333333333,0.0,0.1666666666666666,0.1666666666666666,0.375,0.1875,0.1341666666666666
gene-ontology-enrichment,blod,0.1666666666666666,0.5,0.3333333333333333,0.5,0.25,0.5,0.0,0.0,0.2033333333333333,0.0,0.1666666666666666,0.1666666666666666,0.375,0.1875,0.1341666666666666
bluegenes-gene-ontology,blod,0.1666666666666666,0.5,0.3333333333333333,0.1666666666666666,0.375,0.5,0.1666666666666666,0.0,0.2216666666666666,0.0,0.1666666666666666,0.5,0.2916666666666667,0.2604166666666667,0.2220833333333333
bacteria-ontology,blod,0.1666666666666666,0.375,0.0,0.0,0.25,0.0,0.1666666666666666,0.0,0.2033333333333333,0.0,0.1666666666666666,0.1666666666666666,0.1354166666666666,0.1041666666666666,0.1341666666666666
go_ltr,blod,0.1666666666666666,0.5,0.3333333333333333,0.5,0.25,0.5,0.0,0.0,0.2033333333333333,0.0,0.1666666666666666,0.1666666666666666,0.375,0.1875,0.1341666666666666
ogg-bacteria,blod,0.1666666666666666,0.375,0.0,0.0,0.0,0.5,0.0,0.0,0.7399999999999999,0.0,0.1666666666666666,0.5,0.1354166666666666,0.125,0.3516666666666666
ensembl_to_go,blod,0.1666666666666666,0.5,0.3333333333333333,0.5,0.25,0.5,0.0,0.0,0.2033333333333333,0.0,0.1666666666666666,0.1666666666666666,0.375,0.1875,0.1341666666666666
ontologyclassgenerator,blod,0.1666666666666666,0.5,0.3333333333333333,0.5,0.25,0.5,0.0,0.0,0.2033333333333333,0.0,0.1666666666666666,0.1666666666666666,0.375,0.1875,0.1341666666666666
geneontology,blod,0.1666666666666666,0.5,0.3333333333333333,0.5,0.25,0.5,0.0,0.0,0.2033333333333333,0.0,0.1666666666666666,0.1666666666666666,0.375,0.1875,0.1341666666666666
phewas-sd,blod,0.1666666666666666,0.5,0.3333333333333333,0.5,0.25,0.5,0.0,0.0,0.2033333333333333,0.0,0.1666666666666666,0.1666666666666666,0.375,0.1875,0.1341666666666666
goo,blod,0.1666666666666666,0.5,0.3333333333333333,0.5,0.25,0.5,0.0,0.0,0.2033333333333333,0.0,0.1666666666666666,0.1666666666666666,0.375,0.1875,0.1341666666666666
go-analysis,blod,0.1666666666666666,0.5,0.3333333333333333,0.5,0.25,0.5,0.0,0.0,0.2033333333333333,0.0,0.1666666666666666,0.1666666666666666,0.375,0.1875,0.1341666666666666
gdo,blod,0.1666666666666666,0.5,0.3333333333333333,0.5,0.25,0.5,0.0,0.0,0.2033333333333333,0.0,0.1666666666666666,0.1666666666666666,0.375,0.1875,0.1341666666666666
gosum,blod,0.1666666666666666,0.5,0.3333333333333333,0.5,0.25,0.5,0.0,0.0,0.2033333333333333,0.0,0.1666666666666666,0.1666666666666666,0.375,0.1875,0.1341666666666666
goenrichment.jl,blod,0.1666666666666666,0.5,0.3333333333333333,0.5,0.25,0.5,0.0,0.0,0.2216666666666666,0.0,0.1666666666666666,0.5,0.375,0.1875,0.2220833333333333
gow,blod,0.1666666666666666,0.5,0.3333333333333333,0.5,0.25,0.5,0.0,0.0,0.2033333333333333,0.0,0.1666666666666666,0.1666666666666666,0.375,0.1875,0.1341666666666666
bulk_rna_sequencing,blod,0.1666666666666666,0.5,0.3333333333333333,0.5,0.25,0.5,0.0,0.0,0.2033333333333333,0.0,0.1666666666666666,0.1666666666666666,0.375,0.1875,0.1341666666666666
page_mpo,blod,0.1666666666666666,0.5,0.3333333333333333,0.5,0.25,0.5,0.0,0.0,0.2033333333333333,0.0,0.1666666666666666,0.1666666666666666,0.375,0.1875,0.1341666666666666
goal2.0,blod,0.1666666666666666,0.5,0.3333333333333333,0.5,0.25,0.5,0.0,0.0,0.2033333333333333,0.0,0.1666666666666666,0.1666666666666666,0.375,0.1875,0.1341666666666666
clustering_on_gene_annotations,blod,0.1666666666666666,0.5,0.3333333333333333,0.5,0.25,0.5,0.0,0.0,0.2033333333333333,0.0,0.1666666666666666,0.1666666666666666,0.375,0.1875,0.1341666666666666
pslg-server,blod,0.1666666666666666,0.5,0.3333333333333333,0.5,0.25,0.5,0.0,0.0,0.2033333333333333,0.0,0.1666666666666666,0.1666666666666666,0.375,0.1875,0.1341666666666666
viral,blod,0.1666666666666666,0.5,0.3333333333333333,0.5,0.25,0.5,0.0,0.0,0.2033333333333333,0.0,0.1666666666666666,0.1666666666666666,0.375,0.1875,0.1341666666666666
binf,blod,0.1666666666666666,0.5,0.3333333333333333,0.5,0.25,0.5,0.0,0.0,0.2033333333333333,0.0,0.1666666666666666,0.1666666666666666,0.375,0.1875,0.1341666666666666
geneexpression-dataparser,blod,0.1666666666666666,0.5,0.3333333333333333,0.5,0.25,0.5,0.0,0.0,0.2033333333333333,0.0,0.1666666666666666,0.1666666666666666,0.375,0.1875,0.1341666666666666
10x_human_cerebellum_organoid,blod,0.1666666666666666,0.5,0.3333333333333333,0.5,0.25,0.5,0.0,0.0,0.2033333333333333,0.0,0.1666666666666666,0.1666666666666666,0.375,0.1875,0.1341666666666666
tissuephenomicsontology,blod,0.1666666666666666,0.5,0.3333333333333333,0.5,0.25,0.5,0.0,0.0,0.2033333333333333,0.0,0.1666666666666666,0.1666666666666666,0.375,0.1875,0.1341666666666666
htao,blod,0.1666666666666666,0.5,0.3333333333333333,0.5,0.25,0.5,0.0,0.0,0.2033333333333333,0.0,0.1666666666666666,0.1666666666666666,0.375,0.1875,0.1341666666666666
cellfinder,blod,0.1666666666666666,0.5,0.3333333333333333,0.5,0.25,0.5,0.0,0.0,0.2033333333333333,0.0,0.1666666666666666,0.1666666666666666,0.375,0.1875,0.1341666666666666
gombo,blod,0.1666666666666666,0.5,0.3333333333333333,0.5,0.25,0.5,0.0,0.0,0.2033333333333333,0.0,0.1666666666666666,0.1666666666666666,0.375,0.1875,0.1341666666666666
cellxgene-ontology-guide,blod,0.1666666666666666,0.5,0.3333333333333333,0.5,0.5,0.5,0.3333333333333333,0.1666666666666666,0.2216666666666666,0.0,0.1666666666666666,0.5,0.375,0.375,0.2220833333333333
zebrafish-anatomical-ontology,blod,0.1666666666666666,0.375,0.0,0.0,0.25,0.5,0.0,0.0,0.24,0.0,0.1666666666666666,0.8333333333333334,0.1354166666666666,0.1875,0.31
scdo-ontology,blod,0.1666666666666666,0.5,0.3333333333333333,0.5,0.25,0.5,0.0,0.0,0.2033333333333333,0.0,0.1666666666666666,0.1666666666666666,0.375,0.1875,0.1341666666666666
domain-sofc,blod,0.1666666666666666,0.5,0.3333333333333333,0.5,0.25,0.5,0.0,0.0,0.2033333333333333,0.0,0.1666666666666666,0.1666666666666666,0.375,0.1875,0.1341666666666666
scatlas,blod,0.1666666666666666,0.5,0.3333333333333333,0.5,0.25,0.5,0.0,0.0,0.2033333333333333,0.0,0.1666666666666666,0.1666666666666666,0.375,0.1875,0.1341666666666666
whole_human_brain_ontology,blod,0.1666666666666666,0.5,0.3333333333333333,0.5,0.25,0.5,0.0,0.0,0.2033333333333333,0.0,0.1666666666666666,0.1666666666666666,0.375,0.1875,0.1341666666666666
biological_co_analysis,blod,0.1666666666666666,0.5,0.3333333333333333,0.5,0.25,0.5,0.0,0.0,0.2033333333333333,0.0,0.1666666666666666,0.1666666666666666,0.375,0.1875,0.1341666666666666
cmeo,blod,0.1666666666666666,0.5,0.3333333333333333,0.5,0.25,0.5,0.0,0.0,0.2033333333333333,0.0,0.1666666666666666,0.1666666666666666,0.375,0.1875,0.1341666666666666
oncocl,blod,0.1666666666666666,0.5,0.3333333333333333,0.5,0.25,0.5,0.0,0.0,0.2033333333333333,0.0,0.1666666666666666,0.1666666666666666,0.375,0.1875,0.1341666666666666
peroman,blod,0.1666666666666666,0.5,0.3333333333333333,0.5,0.25,0.5,0.0,0.0,0.2033333333333333,0.0,0.1666666666666666,0.1666666666666666,0.375,0.1875,0.1341666666666666
obo_parser,blod,0.1666666666666666,0.5,0.3333333333333333,0.5,0.25,0.5,0.0,0.0,0.2033333333333333,0.0,0.1666666666666666,0.1666666666666666,0.375,0.1875,0.1341666666666666
phenostacks,blod,0.1666666666666666,0.5,0.3333333333333333,0.5,0.25,0.5,0.0,0.0,0.2033333333333333,0.0,0.1666666666666666,0.1666666666666666,0.375,0.1875,0.1341666666666666
human-phenotype-challenge,blod,0.1666666666666666,0.5,0.3333333333333333,0.5,0.25,0.5,0.0,0.0,0.2033333333333333,0.0,0.1666666666666666,0.1666666666666666,0.375,0.1875,0.1341666666666666
hpo_mp_matching,blod,0.1666666666666666,0.5,0.3333333333333333,0.5,0.25,0.5,0.0,0.0,0.2033333333333333,0.0,0.1666666666666666,0.1666666666666666,0.375,0.1875,0.1341666666666666
hpo_study_04_12_2020,blod,0.1666666666666666,0.5,0.3333333333333333,0.5,0.25,0.5,0.0,0.0,0.2033333333333333,0.0,0.1666666666666666,0.1666666666666666,0.375,0.1875,0.1341666666666666
human-developmental-anatomy-ontology,blod,0.1666666666666666,0.5,0.0,0.5,0.25,0.5,0.0,0.0,0.24,0.0,0.1666666666666666,0.8333333333333334,0.2916666666666666,0.1875,0.31
myupheno1,blod,0.1666666666666666,0.375,0.0,0.0,0.0,0.5,0.0,0.0,0.2216666666666666,0.0,0.1666666666666666,0.5,0.1354166666666666,0.125,0.2220833333333333
homology-ontology,blod,0.1666666666666666,0.5,0.6666666666666666,0.5,0.75,1.0,0.6666666666666666,0.8333333333333334,0.2933333333333333,1.0,0.5,0.8333333333333334,0.4583333333333333,0.8125,0.6566666666666667
infectious-disease-ontology,blod,0.1666666666666666,0.5,0.6666666666666666,0.0,0.5,0.5,0.3333333333333333,0.1666666666666666,0.2033333333333333,0.0,0.1666666666666666,0.1666666666666666,0.3333333333333333,0.375,0.1341666666666666
diseases-ontology,blod,0.1666666666666666,0.5,0.3333333333333333,0.5,0.25,0.5,0.0,0.0,0.2033333333333333,0.0,0.1666666666666666,0.1666666666666666,0.375,0.1875,0.1341666666666666
neurological-disease-ontology,blod,0.1666666666666666,0.5,0.3333333333333333,0.5,0.25,0.5,0.0,0.0,0.2033333333333333,0.0,0.1666666666666666,0.1666666666666666,0.375,0.1875,0.1341666666666666
diseasedriversontology,blod,0.1666666666666666,0.375,0.0,0.0,0.25,0.5,0.0,0.0,0.2216666666666666,0.0,0.1666666666666666,0.5,0.1354166666666666,0.1875,0.2220833333333333
dermatology,blod,0.1666666666666666,0.5,0.3333333333333333,0.5,0.25,0.5,0.0,0.0,0.2033333333333333,0.0,0.1666666666666666,0.1666666666666666,0.375,0.1875,0.1341666666666666
idoschisto,blod,0.1666666666666666,0.5,0.3333333333333333,0.5,0.25,0.5,0.0,0.0,0.2033333333333333,0.0,0.1666666666666666,0.1666666666666666,0.375,0.1875,0.1341666666666666
diseaseontology,blod,0.1666666666666666,0.5,0.3333333333333333,0.5,0.25,0.5,0.0,0.0,0.2033333333333333,0.0,0.1666666666666666,0.1666666666666666,0.375,0.1875,0.1341666666666666
idomen,blod,0.1666666666666666,0.5,0.3333333333333333,0.5,0.25,0.5,0.0,0.0,0.2033333333333333,0.0,0.1666666666666666,0.1666666666666666,0.375,0.1875,0.1341666666666666
ohboi_human_bacterial_infectious_disease_ontology_semtech_an,blod,0.1666666666666666,0.5,0.3333333333333333,0.5,0.25,0.5,0.0,0.0,0.2033333333333333,0.0,0.1666666666666666,0.1666666666666666,0.375,0.1875,0.1341666666666666
viraldiseasesanddrugs,blod,0.1666666666666666,0.5,0.3333333333333333,0.5,0.25,0.5,0.0,0.0,0.2033333333333333,0.0,0.1666666666666666,0.1666666666666666,0.375,0.1875,0.1341666666666666
disease-ontology_human-disease-ontology,blod,0.1666666666666666,0.5,0.3333333333333333,0.5,0.25,0.5,0.0,0.0,0.2033333333333333,0.0,0.1666666666666666,0.1666666666666666,0.375,0.1875,0.1341666666666666
diseasesontology,blod,0.1666666666666666,0.5,0.3333333333333333,0.5,0.25,0.5,0.0,0.0,0.2033333333333333,0.0,0.1666666666666666,0.1666666666666666,0.375,0.1875,0.1341666666666666
do-master-table,blod,0.1666666666666666,0.5,0.3333333333333333,0.5,0.25,0.5,0.0,0.0,0.2033333333333333,0.0,0.1666666666666666,0.1666666666666666,0.375,0.1875,0.1341666666666666
disease-incidence-ontology,blod,0.1666666666666666,0.5,0.3333333333333333,0.5,0.25,0.5,0.0,0.0,0.2033333333333333,0.0,0.1666666666666666,0.1666666666666666,0.375,0.1875,0.1341666666666666
crohn-ontology,blod,0.1666666666666666,0.5,0.3333333333333333,0.5,0.25,0.5,0.0,0.0,0.2033333333333333,0.0,0.1666666666666666,0.1666666666666666,0.375,0.1875,0.1341666666666666
radipo,blod,0.1666666666666666,0.5,0.3333333333333333,0.5,0.25,0.5,0.0,0.0,0.2033333333333333,0.0,0.1666666666666666,0.1666666666666666,0.375,0.1875,0.1341666666666666
pido,blod,0.1666666666666666,0.5,0.3333333333333333,0.5,0.25,0.5,0.0,0.0,0.2033333333333333,0.0,0.1666666666666666,0.1666666666666666,0.375,0.1875,0.1341666666666666
rice-pest-disease-ontology,blod,0.1666666666666666,0.5,0.3333333333333333,0.5,0.25,0.5,0.0,0.0,0.2033333333333333,0.0,0.1666666666666666,0.1666666666666666,0.375,0.1875,0.1341666666666666
yado,blod,0.1666666666666666,0.5,0.3333333333333333,0.5,0.25,0.5,0.0,0.0,0.2033333333333333,0.0,0.1666666666666666,0.1666666666666666,0.375,0.1875,0.1341666666666666
cancerdiseaseontology,blod,0.1666666666666666,0.5,0.3333333333333333,0.5,0.25,0.5,0.0,0.0,0.2033333333333333,0.0,0.1666666666666666,0.1666666666666666,0.375,0.1875,0.1341666666666666
eyediseaseontology,blod,0.1666666666666666,0.5,0.3333333333333333,0.5,0.25,0.5,0.0,0.0,0.2033333333333333,0.0,0.1666666666666666,0.1666666666666666,0.375,0.1875,0.1341666666666666
infectious-diseases-ontology,blod,0.1666666666666666,0.5,0.3333333333333333,0.5,0.25,0.5,0.0,0.0,0.2033333333333333,0.0,0.1666666666666666,0.1666666666666666,0.375,0.1875,0.1341666666666666
ocular-disease-ontology,blod,0.1666666666666666,0.5,0.3333333333333333,0.5,0.25,0.5,0.0,0.0,0.2033333333333333,0.0,0.1666666666666666,0.1666666666666666,0.375,0.1875,0.1341666666666666
cardiovasculardiseasesontology,blod,0.1666666666666666,0.5,0.3333333333333333,0.5,0.25,0.5,0.0,0.0,0.2033333333333333,0.0,0.1666666666666666,0.1666666666666666,0.375,0.1875,0.1341666666666666
huma_disease_ontology,blod,0.1666666666666666,0.5,0.3333333333333333,0.5,0.25,0.5,0.0,0.0,0.2033333333333333,0.0,0.1666666666666666,0.1666666666666666,0.375,0.1875,0.1341666666666666
ovd,blod,0.1666666666666666,0.5,0.3333333333333333,0.5,0.25,0.5,0.0,0.0,0.2033333333333333,0.0,0.1666666666666666,0.1666666666666666,0.375,0.1875,0.1341666666666666
animal-disease-symptom-ontology,blod,0.1666666666666666,0.5,0.3333333333333333,0.5,0.25,0.5,0.0,0.0,0.7216666666666667,0.0,0.1666666666666666,0.1666666666666666,0.375,0.1875,0.26375
bacteria-infectious-disease-ontology,blod,0.1666666666666666,0.5,0.3333333333333333,0.5,0.25,0.5,0.0,0.0,0.2033333333333333,0.0,0.1666666666666666,0.1666666666666666,0.375,0.1875,0.1341666666666666
adni_ontology,blod,0.1666666666666666,0.5,0.3333333333333333,0.5,0.25,0.5,0.0,0.0,0.2033333333333333,0.0,0.1666666666666666,0.1666666666666666,0.375,0.1875,0.1341666666666666
ordi,blod,0.1666666666666666,0.5,0.3333333333333333,0.5,0.25,0.5,0.0,0.0,0.2033333333333333,0.0,0.1666666666666666,0.1666666666666666,0.375,0.1875,0.1341666666666666
hcdo,blod,0.1666666666666666,0.5,0.3333333333333333,0.5,0.25,0.5,0.0,0.0,0.2033333333333333,0.0,0.1666666666666666,0.1666666666666666,0.375,0.1875,0.1341666666666666
ntdo,blod,0.1666666666666666,0.5,0.3333333333333333,0.5,0.25,0.5,0.0,0.0,0.2033333333333333,0.0,0.1666666666666666,0.1666666666666666,0.375,0.1875,0.1341666666666666
bcontology,blod,0.1666666666666666,0.5,0.3333333333333333,0.5,0.25,0.5,0.0,0.0,0.2033333333333333,0.0,0.1666666666666666,0.1666666666666666,0.375,0.1875,0.1341666666666666
covid-19-ontology,blod,0.1666666666666666,0.5,0.3333333333333333,0.5,0.25,0.5,0.0,0.0,0.2033333333333333,0.0,0.1666666666666666,0.1666666666666666,0.375,0.1875,0.1341666666666666
odao,blod,0.1666666666666666,0.5,0.3333333333333333,0.5,0.25,0.5,0.0,0.0,0.2033333333333333,0.0,0.1666666666666666,0.1666666666666666,0.375,0.1875,0.1341666666666666
opioiddrugontology.github.io,blod,0.1666666666666666,0.375,0.0,0.0,0.25,0.5,0.0,0.0,0.2216666666666666,0.0,0.1666666666666666,0.5,0.1354166666666666,0.1875,0.2220833333333333
uc_fooddruginteractionontology,blod,0.1666666666666666,0.5,0.3333333333333333,0.5,0.25,0.5,0.0,0.0,0.2033333333333333,0.0,0.1666666666666666,0.1666666666666666,0.375,0.1875,0.1341666666666666
dibo-ontology,blod,0.1666666666666666,0.5,0.3333333333333333,0.5,0.25,0.5,0.0,0.0,0.2033333333333333,0.0,0.1666666666666666,0.1666666666666666,0.375,0.1875,0.1341666666666666
dibo,blod,0.1666666666666666,0.5,0.3333333333333333,0.5,0.25,0.5,0.0,0.0,0.2033333333333333,0.0,0.1666666666666666,0.1666666666666666,0.375,0.1875,0.1341666666666666
breast_cancer_ontology,blod,0.1666666666666666,0.5,0.3333333333333333,0.5,0.25,0.5,0.0,0.0,0.2033333333333333,0.0,0.1666666666666666,0.1666666666666666,0.375,0.1875,0.1341666666666666
covid19-epidemiology-ontology,blod,0.1666666666666666,0.5,0.3333333333333333,0.5,0.25,0.5,0.0,0.0,0.2033333333333333,0.0,0.1666666666666666,0.1666666666666666,0.375,0.1875,0.1341666666666666
vfb-scrnaseq-ontology,blod,0.1666666666666666,0.5,0.3333333333333333,0.5,0.25,0.5,0.0,0.0,0.2033333333333333,0.0,0.1666666666666666,0.1666666666666666,0.375,0.1875,0.1341666666666666
orsa,blod,0.1666666666666666,0.5,0.3333333333333333,0.5,0.25,0.5,0.0,0.0,0.2033333333333333,0.0,0.1666666666666666,0.1666666666666666,0.375,0.1875,0.1341666666666666
ucva,blod,0.1666666666666666,0.5,0.6666666666666666,0.0,0.0,0.5,0.0,0.0,0.2033333333333333,0.0,0.1666666666666666,0.1666666666666666,0.3333333333333333,0.125,0.1341666666666666
jso,blod,0.1666666666666666,0.5,0.6666666666666666,0.0,0.0,0.5,0.0,0.0,0.2033333333333333,0.0,0.1666666666666666,0.1666666666666666,0.3333333333333333,0.125,0.1341666666666666
mirapie,blod,0.1666666666666666,0.5,0.6666666666666666,0.5,0.25,0.5,0.0,0.0,0.2033333333333333,0.0,0.1666666666666666,0.1666666666666666,0.4583333333333333,0.1875,0.1341666666666666
koio,blod,0.1666666666666666,0.5,0.6666666666666666,0.0,0.0,0.5,0.0,0.0,0.2033333333333333,0.0,0.1666666666666666,0.1666666666666666,0.3333333333333333,0.125,0.1341666666666666
datahub,blod,0.1666666666666666,0.5,0.6666666666666666,0.0,0.0,0.5,0.0,0.0,0.7783333333333333,0.25,0.5,0.5,0.3333333333333333,0.125,0.5070833333333333
genevieve,blod,0.1666666666666666,0.5,0.6666666666666666,0.0,0.0,0.5,0.0,0.0,0.2033333333333333,0.0,0.1666666666666666,0.1666666666666666,0.3333333333333333,0.125,0.1341666666666666
gdco,blod,0.1666666666666666,0.5,0.6666666666666666,0.0,0.0,0.5,0.0,0.0,0.2033333333333333,0.0,0.1666666666666666,0.1666666666666666,0.3333333333333333,0.125,0.1341666666666666
tm-other-factors,blod,0.1666666666666666,0.5,0.6666666666666666,0.0,0.0,0.5,0.0,0.0,0.2033333333333333,0.0,0.1666666666666666,0.1666666666666666,0.3333333333333333,0.125,0.1341666666666666
rdao,blod,0.1666666666666666,0.5,0.6666666666666666,0.0,0.0,0.5,0.0,0.0,0.2033333333333333,0.0,0.1666666666666666,0.1666666666666666,0.3333333333333333,0.125,0.1341666666666666
hfo,blod,0.1666666666666666,0.5,0.6666666666666666,0.0,0.0,0.5,0.0,0.0,0.2033333333333333,0.0,0.1666666666666666,0.1666666666666666,0.3333333333333333,0.125,0.1341666666666666
gfvo,blod,0.1666666666666666,0.5,0.6666666666666666,0.0,0.0,0.5,0.0,0.0,0.2033333333333333,0.0,0.1666666666666666,0.1666666666666666,0.3333333333333333,0.125,0.1341666666666666
g4-dsip,blod,0.1666666666666666,0.5,0.6666666666666666,0.0,0.0,0.5,0.0,0.0,0.2033333333333333,0.0,0.1666666666666666,0.1666666666666666,0.3333333333333333,0.125,0.1341666666666666
fisho,blod,0.1666666666666666,0.5,0.6666666666666666,0.0,0.0,0.5,0.0,0.0,0.2033333333333333,0.0,0.1666666666666666,0.1666666666666666,0.3333333333333333,0.125,0.1341666666666666
simon,blod,0.1666666666666666,0.5,0.6666666666666666,0.0,0.0,0.5,0.0,0.0,0.2033333333333333,0.0,0.1666666666666666,0.1666666666666666,0.3333333333333333,0.125,0.1341666666666666
injurytypes,blod,0.1666666666666666,0.5,0.6666666666666666,0.0,0.0,0.5,0.0,0.0,0.2033333333333333,0.0,0.1666666666666666,0.1666666666666666,0.3333333333333333,0.125,0.1341666666666666
cst,blod,0.1666666666666666,0.5,0.6666666666666666,0.0,0.0,0.5,0.0,0.0,0.2033333333333333,0.0,0.1666666666666666,0.1666666666666666,0.3333333333333333,0.125,0.1341666666666666
cstd,blod,0.1666666666666666,0.5,0.6666666666666666,0.0,0.0,0.5,0.0,0.0,0.2033333333333333,0.0,0.1666666666666666,0.1666666666666666,0.3333333333333333,0.125,0.1341666666666666
vimm,blod,0.1666666666666666,0.5,0.6666666666666666,0.0,0.0,0.5,0.0,0.0,0.2033333333333333,0.0,0.1666666666666666,0.1666666666666666,0.3333333333333333,0.125,0.1341666666666666
ontopbm,blod,0.1666666666666666,0.5,0.6666666666666666,0.0,0.0,0.5,0.0,0.0,0.2033333333333333,0.0,0.1666666666666666,0.1666666666666666,0.3333333333333333,0.125,0.1341666666666666
icd11-bodysystem,blod,0.1666666666666666,0.375,0.0,0.0,0.0,0.5,0.0,0.0,0.2033333333333333,0.0,0.1666666666666666,0.1666666666666666,0.1354166666666666,0.125,0.1341666666666666
vodanadiseases,blod,0.1666666666666666,0.5,0.6666666666666666,0.0,0.0,0.5,0.0,0.0,0.2033333333333333,0.0,0.1666666666666666,0.1666666666666666,0.3333333333333333,0.125,0.1341666666666666
iso19115mi,blod,0.1666666666666666,0.5,0.6666666666666666,0.0,0.0,0.5,0.0,0.0,0.2033333333333333,0.0,0.1666666666666666,0.1666666666666666,0.3333333333333333,0.125,0.1341666666666666
bim,blod,0.1666666666666666,0.5,0.6666666666666666,0.0,0.0,0.5,0.0,0.0,0.2033333333333333,0.0,0.1666666666666666,0.1666666666666666,0.3333333333333333,0.125,0.1341666666666666
hmis033b,blod,0.1666666666666666,0.5,0.6666666666666666,0.0,0.0,0.5,0.0,0.0,0.2033333333333333,0.0,0.1666666666666666,0.1666666666666666,0.3333333333333333,0.125,0.1341666666666666
rda-issuance,blod,0.1666666666666666,0.5,0.6666666666666666,0.0,0.0,0.5,0.0,0.0,0.2033333333333333,0.0,0.1666666666666666,0.1666666666666666,0.3333333333333333,0.125,0.1341666666666666
typon,blod,0.1666666666666666,0.5,0.6666666666666666,0.0,0.0,0.5,0.0,0.0,0.2033333333333333,0.0,0.1666666666666666,0.1666666666666666,0.3333333333333333,0.125,0.1341666666666666
test-m4m20-pav,blod,0.1666666666666666,0.5,0.6666666666666666,0.0,0.0,0.5,0.0,0.0,0.2033333333333333,0.0,0.1666666666666666,0.1666666666666666,0.3333333333333333,0.125,0.1341666666666666
neudigs,blod,0.1666666666666666,0.5,0.6666666666666666,0.0,0.0,0.5,0.0,0.0,0.2033333333333333,0.0,0.1666666666666666,0.1666666666666666,0.3333333333333333,0.125,0.1341666666666666
opde,blod,0.1666666666666666,0.5,0.6666666666666666,0.0,0.0,0.5,0.0,0.0,0.2033333333333333,0.0,0.1666666666666666,0.1666666666666666,0.3333333333333333,0.125,0.1341666666666666
opdt,blod,0.1666666666666666,0.5,0.6666666666666666,0.0,0.0,0.5,0.0,0.0,0.2033333333333333,0.0,0.1666666666666666,0.1666666666666666,0.3333333333333333,0.125,0.1341666666666666
ncod,blod,0.1666666666666666,0.5,0.6666666666666666,0.0,0.0,0.5,0.0,0.0,0.2033333333333333,0.0,0.1666666666666666,0.1666666666666666,0.3333333333333333,0.125,0.1341666666666666
lc-media,blod,0.1666666666666666,0.5,0.6666666666666666,0.0,0.0,0.5,0.0,0.0,0.2033333333333333,0.0,0.1666666666666666,0.1666666666666666,0.3333333333333333,0.125,0.1341666666666666
rnprio,blod,0.1666666666666666,0.5,0.6666666666666666,0.0,0.0,0.5,0.0,0.0,0.2033333333333333,0.0,0.1666666666666666,0.1666666666666666,0.3333333333333333,0.125,0.1341666666666666
nnd_nd,blod,0.1666666666666666,0.5,0.6666666666666666,0.0,0.0,0.5,0.0,0.0,0.2033333333333333,0.0,0.1666666666666666,0.1666666666666666,0.3333333333333333,0.125,0.1341666666666666
iso19115id,blod,0.1666666666666666,0.5,0.6666666666666666,0.0,0.0,0.5,0.0,0.0,0.2033333333333333,0.0,0.1666666666666666,0.1666666666666666,0.3333333333333333,0.125,0.1341666666666666
rdo,blod,0.1666666666666666,0.5,0.6666666666666666,0.0,0.0,0.5,0.0,0.0,0.2033333333333333,0.0,0.1666666666666666,0.1666666666666666,0.3333333333333333,0.125,0.1341666666666666
testex,blod,0.1666666666666666,0.5,0.6666666666666666,0.0,0.0,0.5,0.0,0.0,0.2033333333333333,0.0,0.1666666666666666,0.1666666666666666,0.3333333333333333,0.125,0.1341666666666666
ahso,blod,0.1666666666666666,0.5,0.6666666666666666,0.0,0.0,0.5,0.0,0.0,0.2033333333333333,0.0,0.1666666666666666,0.1666666666666666,0.3333333333333333,0.125,0.1341666666666666
imobo,blod,0.1666666666666666,0.5,0.6666666666666666,0.0,0.0,0.5,0.0,0.0,0.2033333333333333,0.0,0.1666666666666666,0.1666666666666666,0.3333333333333333,0.125,0.1341666666666666
rao,blod,0.1666666666666666,0.5,0.6666666666666666,0.0,0.0,0.5,0.0,0.0,0.2033333333333333,0.0,0.1666666666666666,0.1666666666666666,0.3333333333333333,0.125,0.1341666666666666
covidcrfrapid,blod,0.1666666666666666,0.5,0.6666666666666666,0.0,0.0,0.5,0.0,0.0,0.2033333333333333,0.0,0.1666666666666666,0.1666666666666666,0.3333333333333333,0.125,0.1341666666666666
ogroup,blod,0.1666666666666666,0.5,0.6666666666666666,0.0,0.0,0.5,0.0,0.0,0.2033333333333333,0.0,0.1666666666666666,0.1666666666666666,0.3333333333333333,0.125,0.1341666666666666
cokpme,blod,0.1666666666666666,0.5,0.6666666666666666,0.0,0.0,0.5,0.0,0.0,0.2033333333333333,0.0,0.1666666666666666,0.1666666666666666,0.3333333333333333,0.125,0.1341666666666666
odht,blod,0.1666666666666666,0.5,0.6666666666666666,0.0,0.0,0.5,0.0,0.0,0.2033333333333333,0.0,0.1666666666666666,0.1666666666666666,0.3333333333333333,0.125,0.1341666666666666
iso19115pr,blod,0.1666666666666666,0.5,0.6666666666666666,0.0,0.0,0.5,0.0,0.0,0.2033333333333333,0.0,0.1666666666666666,0.1666666666666666,0.3333333333333333,0.125,0.1341666666666666
pgxo,blod,0.1666666666666666,0.5,0.6666666666666666,0.0,0.0,0.5,0.0,0.0,0.2033333333333333,0.0,0.1666666666666666,0.1666666666666666,0.3333333333333333,0.125,0.1341666666666666
top-menelas,blod,0.1666666666666666,0.5,0.6666666666666666,0.0,0.0,0.5,0.0,0.0,0.2033333333333333,0.0,0.1666666666666666,0.1666666666666666,0.3333333333333333,0.125,0.1341666666666666
infrarisk,blod,0.1666666666666666,0.5,0.6666666666666666,0.0,0.0,0.5,0.0,0.0,0.2033333333333333,0.0,0.1666666666666666,0.1666666666666666,0.3333333333333333,0.125,0.1341666666666666
wc,blod,0.1666666666666666,0.5,0.6666666666666666,0.0,0.0,0.5,0.0,0.0,0.2033333333333333,0.0,0.1666666666666666,0.1666666666666666,0.3333333333333333,0.125,0.1341666666666666
vvmm,blod,0.1666666666666666,0.5,0.6666666666666666,0.0,0.0,0.5,0.0,0.0,0.2033333333333333,0.0,0.1666666666666666,0.1666666666666666,0.3333333333333333,0.125,0.1341666666666666
gamuts,blod,0.1666666666666666,0.5,0.6666666666666666,0.0,0.0,0.5,0.0,0.0,0.2033333333333333,0.0,0.1666666666666666,0.1666666666666666,0.3333333333333333,0.125,0.1341666666666666
ecosim,blod,0.1666666666666666,0.5,0.6666666666666666,0.0,0.0,0.5,0.0,0.0,0.2033333333333333,0.0,0.1666666666666666,0.1666666666666666,0.3333333333333333,0.125,0.1341666666666666
aura,blod,0.1666666666666666,0.5,0.6666666666666666,0.0,0.0,0.5,0.0,0.0,0.2033333333333333,0.0,0.1666666666666666,0.1666666666666666,0.3333333333333333,0.125,0.1341666666666666
frmo,blod,0.1666666666666666,0.5,0.6666666666666666,0.0,0.0,0.5,0.0,0.0,0.2033333333333333,0.0,0.1666666666666666,0.1666666666666666,0.3333333333333333,0.125,0.1341666666666666
plio,blod,0.1666666666666666,0.5,0.6666666666666666,0.0,0.0,0.5,0.0,0.0,0.2033333333333333,0.0,0.1666666666666666,0.1666666666666666,0.3333333333333333,0.125,0.1341666666666666
flyglycodb,blod,0.1666666666666666,0.5,0.6666666666666666,0.0,0.0,0.5,0.0,0.0,0.2033333333333333,0.0,0.1666666666666666,0.1666666666666666,0.3333333333333333,0.125,0.1341666666666666
ldbase,blod,0.1666666666666666,0.5,0.6666666666666666,0.0,0.0,0.5,0.0,0.0,0.2033333333333333,0.0,0.1666666666666666,0.1666666666666666,0.3333333333333333,0.125,0.1341666666666666
admin,blod,0.1666666666666666,0.5,0.6666666666666666,0.0,0.0,0.5,0.0,0.0,0.2033333333333333,0.0,0.1666666666666666,0.1666666666666666,0.3333333333333333,0.125,0.1341666666666666
hivhpvstom,blod,0.1666666666666666,0.5,0.6666666666666666,0.0,0.0,0.5,0.0,0.0,0.2033333333333333,0.0,0.1666666666666666,0.1666666666666666,0.3333333333333333,0.125,0.1341666666666666
fplx,blod,0.1666666666666666,0.5,0.6666666666666666,0.0,0.0,0.5,0.0,0.0,0.2033333333333333,0.0,0.1666666666666666,0.1666666666666666,0.3333333333333333,0.125,0.1341666666666666
epso,blod,0.1666666666666666,0.5,0.6666666666666666,0.0,0.0,0.5,0.0,0.0,0.2033333333333333,0.0,0.1666666666666666,0.1666666666666666,0.3333333333333333,0.125,0.1341666666666666
epie,blod,0.1666666666666666,0.5,0.6666666666666666,0.0,0.0,0.5,0.0,0.0,0.2033333333333333,0.0,0.1666666666666666,0.1666666666666666,0.3333333333333333,0.125,0.1341666666666666
epip,blod,0.1666666666666666,0.5,0.6666666666666666,0.0,0.0,0.5,0.0,0.0,0.2033333333333333,0.0,0.1666666666666666,0.1666666666666666,0.3333333333333333,0.125,0.1341666666666666
land-surface,blod,0.1666666666666666,0.5,0.6666666666666666,0.0,0.0,0.5,0.0,0.0,0.2033333333333333,0.0,0.1666666666666666,0.1666666666666666,0.3333333333333333,0.125,0.1341666666666666
panda,blod,0.1666666666666666,0.5,0.6666666666666666,0.0,0.0,0.5,0.0,0.0,0.2033333333333333,0.0,0.1666666666666666,0.1666666666666666,0.3333333333333333,0.125,0.1341666666666666
nnd_ch,blod,0.1666666666666666,0.5,0.6666666666666666,0.0,0.0,0.5,0.0,0.0,0.2033333333333333,0.0,0.1666666666666666,0.1666666666666666,0.3333333333333333,0.125,0.1341666666666666
dsip,blod,0.1666666666666666,0.5,0.6666666666666666,0.0,0.0,0.5,0.0,0.0,0.2033333333333333,0.0,0.1666666666666666,0.1666666666666666,0.3333333333333333,0.125,0.1341666666666666
lcdgt,blod,0.1666666666666666,0.5,0.6666666666666666,0.0,0.0,0.5,0.0,0.0,0.2033333333333333,0.0,0.1666666666666666,0.1666666666666666,0.3333333333333333,0.125,0.1341666666666666
sugarbind,blod,0.1666666666666666,0.5,0.6666666666666666,0.0,0.0,0.5,0.0,0.0,0.2033333333333333,0.0,0.1666666666666666,0.1666666666666666,0.3333333333333333,0.125,0.1341666666666666
omv,blod,0.1666666666666666,0.5,0.6666666666666666,0.0,0.0,0.5,0.0,0.0,0.2033333333333333,0.0,0.1666666666666666,0.1666666666666666,0.3333333333333333,0.125,0.1341666666666666
apaocuemploy,blod,0.1666666666666666,0.5,0.6666666666666666,0.0,0.0,0.5,0.0,0.0,0.2033333333333333,0.0,0.1666666666666666,0.1666666666666666,0.3333333333333333,0.125,0.1341666666666666
glyco,blod,0.1666666666666666,0.5,0.6666666666666666,0.0,0.0,0.5,0.0,0.0,0.2033333333333333,0.0,0.1666666666666666,0.1666666666666666,0.3333333333333333,0.125,0.1341666666666666
tm-const,blod,0.1666666666666666,0.5,0.6666666666666666,0.0,0.0,0.5,0.0,0.0,0.2033333333333333,0.0,0.1666666666666666,0.1666666666666666,0.3333333333333333,0.125,0.1341666666666666
cdmonto,blod,0.1666666666666666,0.5,0.6666666666666666,0.0,0.0,0.5,0.0,0.0,0.2033333333333333,0.0,0.1666666666666666,0.1666666666666666,0.3333333333333333,0.125,0.1341666666666666
rgd,blod,0.1666666666666666,0.5,0.6666666666666666,0.0,0.0,0.5,0.0,0.0,0.2033333333333333,0.0,0.1666666666666666,0.1666666666666666,0.3333333333333333,0.125,0.1341666666666666
gbol,blod,0.1666666666666666,0.5,0.6666666666666666,0.0,0.0,0.5,0.0,0.0,0.2033333333333333,0.0,0.1666666666666666,0.1666666666666666,0.3333333333333333,0.125,0.1341666666666666
tp_rel_fam,blod,0.1666666666666666,0.5,0.6666666666666666,0.0,0.0,0.5,0.0,0.0,0.2033333333333333,0.0,0.1666666666666666,0.1666666666666666,0.3333333333333333,0.125,0.1341666666666666
allergidoc,blod,0.1666666666666666,0.5,0.6666666666666666,0.0,0.0,0.5,0.0,0.0,0.2033333333333333,0.0,0.1666666666666666,0.1666666666666666,0.3333333333333333,0.125,0.1341666666666666
haroreado,blod,0.1666666666666666,0.5,0.6666666666666666,0.0,0.0,0.5,0.0,0.0,0.2033333333333333,0.0,0.1666666666666666,0.1666666666666666,0.3333333333333333,0.125,0.1341666666666666
cmr-qa,blod,0.1666666666666666,0.5,0.3333333333333333,0.5,0.25,0.5,0.0,0.0,0.2033333333333333,0.0,0.1666666666666666,0.1666666666666666,0.375,0.1875,0.1341666666666666
neomark4,blod,0.1666666666666666,0.5,0.6666666666666666,0.0,0.0,0.5,0.0,0.0,0.2033333333333333,0.0,0.1666666666666666,0.1666666666666666,0.3333333333333333,0.125,0.1341666666666666
pmd,blod,0.1666666666666666,0.5,0.6666666666666666,0.0,0.0,0.5,0.0,0.0,0.2033333333333333,0.0,0.1666666666666666,0.1666666666666666,0.3333333333333333,0.125,0.1341666666666666
pmdo,blod,0.1666666666666666,0.5,0.6666666666666666,0.0,0.0,0.5,0.0,0.0,0.2033333333333333,0.0,0.1666666666666666,0.1666666666666666,0.3333333333333333,0.125,0.1341666666666666
comodi,blod,0.1666666666666666,0.5,0.6666666666666666,0.0,0.0,0.5,0.0,0.0,0.2033333333333333,0.0,0.1666666666666666,0.1666666666666666,0.3333333333333333,0.125,0.1341666666666666
e-ppo,blod,0.1666666666666666,0.5,0.6666666666666666,0.0,0.0,0.5,0.0,0.0,0.2033333333333333,0.0,0.1666666666666666,0.1666666666666666,0.3333333333333333,0.125,0.1341666666666666
sos,blod,0.1666666666666666,0.5,0.6666666666666666,0.0,0.0,0.5,0.0,0.0,0.2033333333333333,0.0,0.1666666666666666,0.1666666666666666,0.3333333333333333,0.125,0.1341666666666666
chd,blod,0.1666666666666666,0.5,0.6666666666666666,0.0,0.0,0.5,0.0,0.0,0.2033333333333333,0.0,0.1666666666666666,0.1666666666666666,0.3333333333333333,0.125,0.1341666666666666
boshi,blod,0.1666666666666666,0.5,0.6666666666666666,0.0,0.0,0.5,0.0,0.0,0.2033333333333333,0.0,0.1666666666666666,0.1666666666666666,0.3333333333333333,0.125,0.1341666666666666
idg_gl,blod,0.1666666666666666,0.5,0.6666666666666666,0.0,0.0,0.5,0.0,0.0,0.2033333333333333,0.0,0.1666666666666666,0.1666666666666666,0.3333333333333333,0.125,0.1341666666666666
gco,blod,0.1666666666666666,0.5,0.6666666666666666,0.0,0.0,0.5,0.0,0.0,0.2033333333333333,0.0,0.1666666666666666,0.1666666666666666,0.3333333333333333,0.125,0.1341666666666666
zonmw-generic,blod,0.1666666666666666,0.5,0.6666666666666666,0.0,0.0,0.5,0.0,0.0,0.2033333333333333,0.0,0.1666666666666666,0.1666666666666666,0.3333333333333333,0.125,0.1341666666666666
extract,blod,0.1666666666666666,0.5,0.6666666666666666,0.0,0.0,0.5,0.0,0.0,0.2033333333333333,0.0,0.1666666666666666,0.1666666666666666,0.3333333333333333,0.125,0.1341666666666666
vodana-mpa,blod,0.1666666666666666,0.5,0.6666666666666666,0.0,0.0,0.5,0.0,0.0,0.2033333333333333,0.0,0.1666666666666666,0.1666666666666666,0.3333333333333333,0.125,0.1341666666666666
hmado,blod,0.1666666666666666,0.5,0.6666666666666666,0.0,0.0,0.5,0.0,0.0,0.2033333333333333,0.0,0.1666666666666666,0.1666666666666666,0.3333333333333333,0.125,0.1341666666666666
ontokbcf,blod,0.1666666666666666,0.5,0.6666666666666666,0.0,0.0,0.5,0.0,0.0,0.2033333333333333,0.0,0.1666666666666666,0.1666666666666666,0.3333333333333333,0.125,0.1341666666666666
electrica,blod,0.1666666666666666,0.5,0.6666666666666666,0.0,0.0,0.5,0.0,0.0,0.2033333333333333,0.0,0.1666666666666666,0.1666666666666666,0.3333333333333333,0.125,0.1341666666666666
covid19-ibo,blod,0.1666666666666666,0.5,0.6666666666666666,0.0,0.0,0.5,0.0,0.0,0.2033333333333333,0.0,0.1666666666666666,0.1666666666666666,0.3333333333333333,0.125,0.1341666666666666
rctv2,blod,0.1666666666666666,0.5,0.6666666666666666,0.0,0.0,0.5,0.0,0.0,0.2033333333333333,0.0,0.1666666666666666,0.1666666666666666,0.3333333333333333,0.125,0.1341666666666666
dhmo,blod,0.1666666666666666,0.5,0.6666666666666666,0.0,0.0,0.5,0.0,0.0,0.2033333333333333,0.0,0.1666666666666666,0.1666666666666666,0.3333333333333333,0.125,0.1341666666666666
medeon,blod,0.1666666666666666,0.5,0.6666666666666666,0.0,0.0,0.5,0.0,0.0,0.2033333333333333,0.0,0.1666666666666666,0.1666666666666666,0.3333333333333333,0.125,0.1341666666666666
npokb,blod,0.1666666666666666,0.5,0.6666666666666666,0.0,0.0,0.5,0.0,0.0,0.2033333333333333,0.0,0.1666666666666666,0.1666666666666666,0.3333333333333333,0.125,0.1341666666666666
dsip2324_demo,blod,0.1666666666666666,0.5,0.6666666666666666,0.0,0.0,0.5,0.0,0.0,0.2033333333333333,0.0,0.1666666666666666,0.1666666666666666,0.3333333333333333,0.125,0.1341666666666666
apaonto,blod,0.1666666666666666,0.375,0.0,0.0,0.0,0.5,0.0,0.0,0.2033333333333333,0.0,0.1666666666666666,0.1666666666666666,0.1354166666666666,0.125,0.1341666666666666
vodanamflcode,blod,0.1666666666666666,0.5,0.6666666666666666,0.0,0.0,0.5,0.0,0.0,0.2033333333333333,0.0,0.1666666666666666,0.1666666666666666,0.3333333333333333,0.125,0.1341666666666666
cisaviado,blod,0.1666666666666666,0.5,0.6666666666666666,0.0,0.0,0.5,0.0,0.0,0.2033333333333333,0.0,0.1666666666666666,0.1666666666666666,0.3333333333333333,0.125,0.1341666666666666
cso,blod,0.1666666666666666,0.5,0.6666666666666666,0.0,0.0,0.5,0.0,0.0,0.2033333333333333,0.0,0.1666666666666666,0.1666666666666666,0.3333333333333333,0.125,0.1341666666666666
asdf,blod,0.1666666666666666,0.5,0.6666666666666666,0.0,0.0,0.5,0.0,0.0,0.2033333333333333,0.0,0.1666666666666666,0.1666666666666666,0.3333333333333333,0.125,0.1341666666666666
ontosinasc,blod,0.1666666666666666,0.5,0.6666666666666666,0.0,0.0,0.5,0.0,0.0,0.2033333333333333,0.0,0.1666666666666666,0.1666666666666666,0.3333333333333333,0.125,0.1341666666666666
cidoc-crm,blod,0.1666666666666666,0.5,0.6666666666666666,0.0,0.0,0.5,0.0,0.0,0.2033333333333333,0.0,0.1666666666666666,0.1666666666666666,0.3333333333333333,0.125,0.1341666666666666
roo,blod,0.1666666666666666,0.5,0.6666666666666666,0.0,0.0,0.5,0.0,0.0,0.2033333333333333,0.0,0.1666666666666666,0.1666666666666666,0.3333333333333333,0.125,0.1341666666666666
sty,blod,0.1666666666666666,0.5,0.6666666666666666,0.0,0.0,0.5,0.0,0.0,0.2033333333333333,0.0,0.1666666666666666,0.1666666666666666,0.3333333333333333,0.125,0.1341666666666666
covid-19-ont-pm,blod,0.1666666666666666,0.5,0.6666666666666666,0.0,0.0,0.5,0.0,0.0,0.2033333333333333,0.0,0.1666666666666666,0.1666666666666666,0.3333333333333333,0.125,0.1341666666666666
nmdco,blod,0.1666666666666666,0.5,0.6666666666666666,0.0,0.0,0.5,0.0,0.0,0.2033333333333333,0.0,0.1666666666666666,0.1666666666666666,0.3333333333333333,0.125,0.1341666666666666
ogr,blod,0.1666666666666666,0.5,0.6666666666666666,0.0,0.0,0.5,0.0,0.0,0.2033333333333333,0.0,0.1666666666666666,0.1666666666666666,0.3333333333333333,0.125,0.1341666666666666
iso19115ex,blod,0.1666666666666666,0.5,0.6666666666666666,0.0,0.0,0.5,0.0,0.0,0.2033333333333333,0.0,0.1666666666666666,0.1666666666666666,0.3333333333333333,0.125,0.1341666666666666
ontodm-kdd,blod,0.1666666666666666,0.5,0.6666666666666666,0.0,0.0,0.5,0.0,0.0,0.2033333333333333,0.0,0.1666666666666666,0.1666666666666666,0.3333333333333333,0.125,0.1341666666666666
esfo,blod,0.1666666666666666,0.5,0.6666666666666666,0.0,0.0,0.5,0.0,0.0,0.2033333333333333,0.0,0.1666666666666666,0.1666666666666666,0.3333333333333333,0.125,0.1341666666666666
sbol,blod,0.1666666666666666,0.5,0.6666666666666666,0.0,0.0,0.5,0.0,0.0,0.2033333333333333,0.0,0.1666666666666666,0.1666666666666666,0.3333333333333333,0.125,0.1341666666666666
gdoa,blod,0.1666666666666666,0.5,0.6666666666666666,0.0,0.0,0.5,0.0,0.0,0.2033333333333333,0.0,0.1666666666666666,0.1666666666666666,0.3333333333333333,0.125,0.1341666666666666
mello-d,blod,0.1666666666666666,0.5,0.6666666666666666,0.0,0.0,0.5,0.0,0.0,0.2033333333333333,0.0,0.1666666666666666,0.1666666666666666,0.3333333333333333,0.125,0.1341666666666666
fire,blod,0.1666666666666666,0.5,0.6666666666666666,0.0,0.0,0.5,0.0,0.0,0.2033333333333333,0.0,0.1666666666666666,0.1666666666666666,0.3333333333333333,0.125,0.1341666666666666
ecm4m-md-vocabs,blod,0.1666666666666666,0.5,0.6666666666666666,0.0,0.0,0.5,0.0,0.0,0.2033333333333333,0.0,0.1666666666666666,0.1666666666666666,0.3333333333333333,0.125,0.1341666666666666
patit,blod,0.1666666666666666,0.5,0.6666666666666666,0.0,0.0,0.5,0.0,0.0,0.2033333333333333,0.0,0.1666666666666666,0.1666666666666666,0.3333333333333333,0.125,0.1341666666666666
itemas,blod,0.1666666666666666,0.5,0.6666666666666666,0.0,0.0,0.5,0.0,0.0,0.2033333333333333,0.0,0.1666666666666666,0.1666666666666666,0.3333333333333333,0.125,0.1341666666666666
senso,blod,0.1666666666666666,0.5,0.6666666666666666,0.0,0.0,0.5,0.0,0.0,0.2033333333333333,0.0,0.1666666666666666,0.1666666666666666,0.3333333333333333,0.125,0.1341666666666666
bof,blod,0.1666666666666666,0.5,0.6666666666666666,0.0,0.0,0.5,0.0,0.0,0.2033333333333333,0.0,0.1666666666666666,0.1666666666666666,0.3333333333333333,0.125,0.1341666666666666
uganda_diseases,blod,0.1666666666666666,0.5,0.6666666666666666,0.0,0.0,0.5,0.0,0.0,0.2033333333333333,0.0,0.1666666666666666,0.1666666666666666,0.3333333333333333,0.125,0.1341666666666666
taon,blod,0.1666666666666666,0.5,0.6666666666666666,0.0,0.0,0.5,0.0,0.0,0.2033333333333333,0.0,0.1666666666666666,0.1666666666666666,0.3333333333333333,0.125,0.1341666666666666
spo,blod,0.1666666666666666,0.5,0.6666666666666666,0.0,0.0,0.5,0.0,0.0,0.2033333333333333,0.0,0.1666666666666666,0.1666666666666666,0.3333333333333333,0.125,0.1341666666666666
oborel,blod,0.1666666666666666,0.5,0.6666666666666666,0.0,0.0,0.5,0.0,0.0,0.2033333333333333,0.0,0.1666666666666666,0.1666666666666666,0.3333333333333333,0.125,0.1341666666666666
xeo,blod,0.1666666666666666,0.5,0.6666666666666666,0.0,0.0,0.5,0.0,0.0,0.2033333333333333,0.0,0.1666666666666666,0.1666666666666666,0.3333333333333333,0.125,0.1341666666666666
doves,blod,0.1666666666666666,0.5,0.6666666666666666,0.0,0.0,0.5,0.0,0.0,0.2033333333333333,0.0,0.1666666666666666,0.1666666666666666,0.3333333333333333,0.125,0.1341666666666666
bpforms,blod,0.1666666666666666,0.5,0.6666666666666666,0.0,0.0,0.5,0.0,0.0,0.2033333333333333,0.0,0.1666666666666666,0.1666666666666666,0.3333333333333333,0.125,0.1341666666666666
datacite,blod,0.1666666666666666,0.5,0.6666666666666666,0.0,0.0,0.5,0.0,0.0,0.2033333333333333,0.0,0.1666666666666666,0.1666666666666666,0.3333333333333333,0.125,0.1341666666666666
marc-relators,blod,0.1666666666666666,0.5,0.6666666666666666,0.0,0.0,0.5,0.0,0.0,0.2033333333333333,0.0,0.1666666666666666,0.1666666666666666,0.3333333333333333,0.125,0.1341666666666666
fdc-gdmt,blod,0.1666666666666666,0.5,0.6666666666666666,0.0,0.0,0.5,0.0,0.0,0.2033333333333333,0.0,0.1666666666666666,0.1666666666666666,0.3333333333333333,0.125,0.1341666666666666
ontotox,blod,0.1666666666666666,0.5,0.6666666666666666,0.0,0.0,0.5,0.0,0.0,0.2033333333333333,0.0,0.1666666666666666,0.1666666666666666,0.3333333333333333,0.125,0.1341666666666666
pma,blod,0.1666666666666666,0.5,0.6666666666666666,0.0,0.0,0.5,0.0,0.0,0.2033333333333333,0.0,0.1666666666666666,0.1666666666666666,0.3333333333333333,0.125,0.1341666666666666
sto-draft,blod,0.1666666666666666,0.5,0.6666666666666666,0.0,0.0,0.5,0.0,0.0,0.2033333333333333,0.0,0.1666666666666666,0.1666666666666666,0.3333333333333333,0.125,0.1341666666666666
bto-provo,blod,0.1666666666666666,0.5,0.6666666666666666,0.0,0.0,0.5,0.0,0.0,0.2033333333333333,0.0,0.1666666666666666,0.1666666666666666,0.3333333333333333,0.125,0.1341666666666666
dct,blod,0.1666666666666666,0.5,0.6666666666666666,0.0,0.0,0.5,0.0,0.0,0.2033333333333333,0.0,0.1666666666666666,0.1666666666666666,0.3333333333333333,0.125,0.1341666666666666
into,blod,0.1666666666666666,0.5,0.6666666666666666,0.0,0.0,0.5,0.0,0.0,0.2033333333333333,0.0,0.1666666666666666,0.1666666666666666,0.3333333333333333,0.125,0.1341666666666666
henecon,blod,0.1666666666666666,0.5,0.6666666666666666,0.0,0.0,0.5,0.0,0.0,0.2033333333333333,0.0,0.1666666666666666,0.1666666666666666,0.3333333333333333,0.125,0.1341666666666666
ecso,blod,0.1666666666666666,0.5,0.6666666666666666,0.0,0.0,0.5,0.0,0.0,0.2033333333333333,0.0,0.1666666666666666,0.1666666666666666,0.3333333333333333,0.125,0.1341666666666666
gpml,blod,0.1666666666666666,0.5,0.6666666666666666,0.0,0.0,0.5,0.0,0.0,0.2033333333333333,0.0,0.1666666666666666,0.1666666666666666,0.3333333333333333,0.125,0.1341666666666666
olam,blod,0.1666666666666666,0.5,0.6666666666666666,0.0,0.0,0.5,0.0,0.0,0.2033333333333333,0.0,0.1666666666666666,0.1666666666666666,0.3333333333333333,0.125,0.1341666666666666
olas,blod,0.1666666666666666,0.5,0.6666666666666666,0.0,0.0,0.5,0.0,0.0,0.2033333333333333,0.0,0.1666666666666666,0.1666666666666666,0.3333333333333333,0.125,0.1341666666666666
paino,blod,0.1666666666666666,0.5,0.6666666666666666,0.0,0.0,0.5,0.0,0.0,0.2033333333333333,0.0,0.1666666666666666,0.1666666666666666,0.3333333333333333,0.125,0.1341666666666666
o-rextech,blod,0.1666666666666666,0.5,0.6666666666666666,0.0,0.0,0.5,0.0,0.0,0.2033333333333333,0.0,0.1666666666666666,0.1666666666666666,0.3333333333333333,0.125,0.1341666666666666
fdsajfahsjk,blod,0.1666666666666666,0.5,0.6666666666666666,0.0,0.0,0.5,0.0,0.0,0.2033333333333333,0.0,0.1666666666666666,0.1666666666666666,0.3333333333333333,0.125,0.1341666666666666
bhn,blod,0.1666666666666666,0.5,0.6666666666666666,0.0,0.0,0.5,0.0,0.0,0.2033333333333333,0.0,0.1666666666666666,0.1666666666666666,0.3333333333333333,0.125,0.1341666666666666
brain-cof,blod,0.1666666666666666,0.5,0.6666666666666666,0.0,0.0,0.5,0.0,0.0,0.2033333333333333,0.0,0.1666666666666666,0.1666666666666666,0.3333333333333333,0.125,0.1341666666666666
pnado,blod,0.1666666666666666,0.5,0.6666666666666666,0.0,0.0,0.5,0.0,0.0,0.2033333333333333,0.0,0.1666666666666666,0.1666666666666666,0.3333333333333333,0.125,0.1341666666666666
ontoad,blod,0.1666666666666666,0.5,0.6666666666666666,0.0,0.0,0.5,0.0,0.0,0.2033333333333333,0.0,0.1666666666666666,0.1666666666666666,0.3333333333333333,0.125,0.1341666666666666
hrdo,blod,0.1666666666666666,0.5,0.6666666666666666,0.0,0.0,0.5,0.0,0.0,0.2033333333333333,0.0,0.1666666666666666,0.1666666666666666,0.3333333333333333,0.125,0.1341666666666666
cdpeo,blod,0.1666666666666666,0.5,0.6666666666666666,0.0,0.0,0.5,0.0,0.0,0.2033333333333333,0.0,0.1666666666666666,0.1666666666666666,0.3333333333333333,0.125,0.1341666666666666
elter_cl,blod,0.1666666666666666,0.5,0.6666666666666666,0.0,0.0,0.5,0.0,0.0,0.2033333333333333,0.0,0.1666666666666666,0.1666666666666666,0.3333333333333333,0.125,0.1341666666666666
matrrockigneous,blod,0.1666666666666666,0.5,0.6666666666666666,0.0,0.0,0.5,0.0,0.0,0.2033333333333333,0.0,0.1666666666666666,0.1666666666666666,0.3333333333333333,0.125,0.1341666666666666
bms-lm,blod,0.1666666666666666,0.5,0.6666666666666666,0.0,0.0,0.5,0.0,0.0,0.2033333333333333,0.0,0.1666666666666666,0.1666666666666666,0.3333333333333333,0.125,0.1341666666666666
opdre,blod,0.1666666666666666,0.5,0.6666666666666666,0.0,0.0,0.5,0.0,0.0,0.2033333333333333,0.0,0.1666666666666666,0.1666666666666666,0.3333333333333333,0.125,0.1341666666666666
pmo-speed,blod,0.1666666666666666,0.5,0.6666666666666666,0.0,0.0,0.5,0.0,0.0,0.2033333333333333,0.0,0.1666666666666666,0.1666666666666666,0.3333333333333333,0.125,0.1341666666666666
idoden,blod,0.1666666666666666,0.5,0.6666666666666666,0.0,0.0,0.5,0.0,0.0,0.2033333333333333,0.0,0.1666666666666666,0.1666666666666666,0.3333333333333333,0.125,0.1341666666666666
birthonto,blod,0.1666666666666666,0.5,0.6666666666666666,0.0,0.0,0.5,0.0,0.0,0.2033333333333333,0.0,0.1666666666666666,0.1666666666666666,0.3333333333333333,0.125,0.1341666666666666
meo,blod,0.1666666666666666,0.5,0.6666666666666666,0.0,0.0,0.5,0.0,0.0,0.2033333333333333,0.0,0.1666666666666666,0.1666666666666666,0.3333333333333333,0.125,0.1341666666666666
idem,blod,0.1666666666666666,0.5,0.6666666666666666,0.0,0.0,0.5,0.0,0.0,0.2033333333333333,0.0,0.1666666666666666,0.1666666666666666,0.3333333333333333,0.125,0.1341666666666666
dilon,blod,0.1666666666666666,0.5,0.6666666666666666,0.0,0.0,0.5,0.0,0.0,0.2033333333333333,0.0,0.1666666666666666,0.1666666666666666,0.3333333333333333,0.125,0.1341666666666666
fmpm,blod,0.1666666666666666,0.5,0.6666666666666666,0.0,0.0,0.5,0.0,0.0,0.2033333333333333,0.0,0.1666666666666666,0.1666666666666666,0.3333333333333333,0.125,0.1341666666666666
patct,blod,0.1666666666666666,0.5,0.6666666666666666,0.0,0.0,0.5,0.0,0.0,0.2033333333333333,0.0,0.1666666666666666,0.1666666666666666,0.3333333333333333,0.125,0.1341666666666666
hiv,blod,0.1666666666666666,0.5,0.6666666666666666,0.0,0.0,0.5,0.0,0.0,0.2033333333333333,0.0,0.1666666666666666,0.1666666666666666,0.3333333333333333,0.125,0.1341666666666666
dsip1v,blod,0.1666666666666666,0.5,0.6666666666666666,0.0,0.0,0.5,0.0,0.0,0.2033333333333333,0.0,0.1666666666666666,0.1666666666666666,0.3333333333333333,0.125,0.1341666666666666
suicideo,blod,0.1666666666666666,0.5,0.6666666666666666,0.0,0.0,0.5,0.0,0.0,0.2033333333333333,0.0,0.1666666666666666,0.1666666666666666,0.3333333333333333,0.125,0.1341666666666666
smash,blod,0.1666666666666666,0.5,0.6666666666666666,0.0,0.0,0.5,0.0,0.0,0.2033333333333333,0.0,0.1666666666666666,0.1666666666666666,0.3333333333333333,0.125,0.1341666666666666
gvo,blod,0.1666666666666666,0.5,0.6666666666666666,0.0,0.0,0.5,0.0,0.0,0.2033333333333333,0.0,0.1666666666666666,0.1666666666666666,0.3333333333333333,0.125,0.1341666666666666
ibd,blod,0.1666666666666666,0.5,0.6666666666666666,0.0,0.0,0.5,0.0,0.0,0.2033333333333333,0.0,0.1666666666666666,0.1666666666666666,0.3333333333333333,0.125,0.1341666666666666
iso19115dtc,blod,0.1666666666666666,0.5,0.6666666666666666,0.0,0.0,0.5,0.0,0.0,0.2033333333333333,0.0,0.1666666666666666,0.1666666666666666,0.3333333333333333,0.125,0.1341666666666666
onl-mr-da,blod,0.1666666666666666,0.5,0.6666666666666666,0.0,0.0,0.5,0.0,0.0,0.2033333333333333,0.0,0.1666666666666666,0.1666666666666666,0.3333333333333333,0.125,0.1341666666666666
bipom,blod,0.1666666666666666,0.5,0.6666666666666666,0.0,0.0,0.5,0.0,0.0,0.2033333333333333,0.0,0.1666666666666666,0.1666666666666666,0.3333333333333333,0.125,0.1341666666666666
entity,blod,0.1666666666666666,0.5,0.6666666666666666,0.0,0.0,0.5,0.0,0.0,0.2033333333333333,0.0,0.1666666666666666,0.1666666666666666,0.3333333333333333,0.125,0.1341666666666666
mco4mcre,blod,0.1666666666666666,0.5,0.6666666666666666,0.0,0.0,0.5,0.0,0.0,0.2033333333333333,0.0,0.1666666666666666,0.1666666666666666,0.3333333333333333,0.125,0.1341666666666666
rdl,blod,0.1666666666666666,0.5,0.6666666666666666,0.0,0.0,0.5,0.0,0.0,0.2033333333333333,0.0,0.1666666666666666,0.1666666666666666,0.3333333333333333,0.125,0.1341666666666666
surgical,blod,0.1666666666666666,0.5,0.6666666666666666,0.0,0.0,0.5,0.0,0.0,0.2033333333333333,0.0,0.1666666666666666,0.1666666666666666,0.3333333333333333,0.125,0.1341666666666666
radxtt-mvreasons,blod,0.1666666666666666,0.5,0.6666666666666666,0.0,0.0,0.5,0.0,0.0,0.2033333333333333,0.0,0.1666666666666666,0.1666666666666666,0.3333333333333333,0.125,0.1341666666666666
omco,blod,0.1666666666666666,0.5,0.6666666666666666,0.0,0.0,0.5,0.0,0.0,0.2033333333333333,0.0,0.1666666666666666,0.1666666666666666,0.3333333333333333,0.125,0.1341666666666666
bpt,blod,0.1666666666666666,0.5,0.6666666666666666,0.0,0.0,0.5,0.0,0.0,0.2033333333333333,0.0,0.1666666666666666,0.1666666666666666,0.3333333333333333,0.125,0.1341666666666666
cho,blod,0.1666666666666666,0.5,0.6666666666666666,0.0,0.0,0.5,0.0,0.0,0.2033333333333333,0.0,0.1666666666666666,0.1666666666666666,0.3333333333333333,0.125,0.1341666666666666
bmt,blod,0.1666666666666666,0.5,0.6666666666666666,0.0,0.0,0.5,0.0,0.0,0.2033333333333333,0.0,0.1666666666666666,0.1666666666666666,0.3333333333333333,0.125,0.1341666666666666
weave,blod,0.1666666666666666,0.5,0.6666666666666666,0.0,0.0,0.5,0.0,0.0,0.2033333333333333,0.0,0.1666666666666666,0.1666666666666666,0.3333333333333333,0.125,0.1341666666666666
mnr,blod,0.1666666666666666,0.5,0.6666666666666666,0.0,0.0,0.5,0.0,0.0,0.2033333333333333,0.0,0.1666666666666666,0.1666666666666666,0.3333333333333333,0.125,0.1341666666666666
elig,blod,0.1666666666666666,0.5,0.6666666666666666,0.0,0.0,0.5,0.0,0.0,0.2033333333333333,0.0,0.1666666666666666,0.1666666666666666,0.3333333333333333,0.125,0.1341666666666666
asdpto,blod,0.1666666666666666,0.5,0.6666666666666666,0.0,0.0,0.5,0.0,0.0,0.2033333333333333,0.0,0.1666666666666666,0.1666666666666666,0.3333333333333333,0.125,0.1341666666666666
legalapa,blod,0.1666666666666666,0.5,0.6666666666666666,0.0,0.0,0.5,0.0,0.0,0.2033333333333333,0.0,0.1666666666666666,0.1666666666666666,0.3333333333333333,0.125,0.1341666666666666
deb,blod,0.1666666666666666,0.5,0.6666666666666666,0.0,0.0,0.5,0.0,0.0,0.2033333333333333,0.0,0.1666666666666666,0.1666666666666666,0.3333333333333333,0.125,0.1341666666666666
apro,blod,0.1666666666666666,0.5,0.6666666666666666,0.0,0.0,0.5,0.0,0.0,0.2033333333333333,0.0,0.1666666666666666,0.1666666666666666,0.3333333333333333,0.125,0.1341666666666666
cabro,blod,0.1666666666666666,0.5,0.6666666666666666,0.0,0.0,0.5,0.0,0.0,0.2033333333333333,0.0,0.1666666666666666,0.1666666666666666,0.3333333333333333,0.125,0.1341666666666666
helifit,blod,0.1666666666666666,0.5,0.6666666666666666,0.0,0.0,0.5,0.0,0.0,0.2033333333333333,0.0,0.1666666666666666,0.1666666666666666,0.3333333333333333,0.125,0.1341666666666666
i2sv,blod,0.1666666666666666,0.5,0.6666666666666666,0.0,0.0,0.5,0.0,0.0,0.2033333333333333,0.0,0.1666666666666666,0.1666666666666666,0.3333333333333333,0.125,0.1341666666666666
ochv,blod,0.1666666666666666,0.5,0.6666666666666666,0.0,0.0,0.5,0.0,0.0,0.2033333333333333,0.0,0.1666666666666666,0.1666666666666666,0.3333333333333333,0.125,0.1341666666666666
gro-cpd,blod,0.1666666666666666,0.5,0.6666666666666666,0.0,0.0,0.5,0.0,0.0,0.2033333333333333,0.0,0.1666666666666666,0.1666666666666666,0.3333333333333333,0.125,0.1341666666666666
nifsubcell,blod,0.1666666666666666,0.5,0.6666666666666666,0.0,0.0,0.5,0.0,0.0,0.2033333333333333,0.0,0.1666666666666666,0.1666666666666666,0.3333333333333333,0.125,0.1341666666666666
nmosp,blod,0.1666666666666666,0.5,0.6666666666666666,0.0,0.0,0.5,0.0,0.0,0.2033333333333333,0.0,0.1666666666666666,0.1666666666666666,0.3333333333333333,0.125,0.1341666666666666
hamidehsgh,blod,0.1666666666666666,0.5,0.6666666666666666,0.0,0.5,0.5,0.6666666666666666,0.1666666666666666,0.2033333333333333,0.0,0.1666666666666666,0.1666666666666666,0.3333333333333333,0.4583333333333333,0.1341666666666666
mim,blod,0.1666666666666666,0.5,0.6666666666666666,0.0,0.0,0.5,0.0,0.0,0.2033333333333333,0.0,0.1666666666666666,0.1666666666666666,0.3333333333333333,0.125,0.1341666666666666
sepon,blod,0.1666666666666666,0.5,0.6666666666666666,0.0,0.0,0.5,0.0,0.0,0.2033333333333333,0.0,0.1666666666666666,0.1666666666666666,0.3333333333333333,0.125,0.1341666666666666
tma,blod,0.1666666666666666,0.5,0.6666666666666666,0.0,0.0,0.5,0.0,0.0,0.2033333333333333,0.0,0.1666666666666666,0.1666666666666666,0.3333333333333333,0.125,0.1341666666666666
nero,blod,0.1666666666666666,0.5,0.6666666666666666,0.0,0.0,0.5,0.0,0.0,0.2033333333333333,0.0,0.1666666666666666,0.1666666666666666,0.3333333333333333,0.125,0.1341666666666666
n-cdoh,blod,0.1666666666666666,0.5,0.6666666666666666,0.0,0.0,0.5,0.0,0.0,0.2033333333333333,0.0,0.1666666666666666,0.1666666666666666,0.3333333333333333,0.125,0.1341666666666666
ocdm,blod,0.1666666666666666,0.5,0.6666666666666666,0.0,0.0,0.5,0.0,0.0,0.2033333333333333,0.0,0.1666666666666666,0.1666666666666666,0.3333333333333333,0.125,0.1341666666666666
cedarpc,blod,0.1666666666666666,0.5,0.6666666666666666,0.0,0.0,0.5,0.0,0.0,0.2033333333333333,0.0,0.1666666666666666,0.1666666666666666,0.3333333333333333,0.125,0.1341666666666666
wsm-library,blod,0.1666666666666666,0.5,0.6666666666666666,0.0,0.0,0.5,0.0,0.0,0.2033333333333333,0.0,0.1666666666666666,0.1666666666666666,0.3333333333333333,0.125,0.1341666666666666
mnv,blod,0.1666666666666666,0.5,0.6666666666666666,0.0,0.0,0.5,0.0,0.0,0.2033333333333333,0.0,0.1666666666666666,0.1666666666666666,0.3333333333333333,0.125,0.1341666666666666
nist_gel,blod,0.1666666666666666,0.5,0.6666666666666666,0.0,0.0,0.5,0.0,0.0,0.2033333333333333,0.0,0.1666666666666666,0.1666666666666666,0.3333333333333333,0.125,0.1341666666666666
fast-formgenre,blod,0.1666666666666666,0.5,0.6666666666666666,0.0,0.0,0.5,0.0,0.0,0.2033333333333333,0.0,0.1666666666666666,0.1666666666666666,0.3333333333333333,0.125,0.1341666666666666
galen,blod,0.1666666666666666,0.5,0.6666666666666666,0.0,0.0,0.5,0.0,0.0,0.2033333333333333,0.0,0.1666666666666666,0.1666666666666666,0.3333333333333333,0.125,0.1341666666666666
biomodels,blod,0.1666666666666666,0.5,0.6666666666666666,0.0,0.0,0.5,0.0,0.0,0.2033333333333333,0.0,0.1666666666666666,0.1666666666666666,0.3333333333333333,0.125,0.1341666666666666
pregonto,blod,0.1666666666666666,0.5,0.6666666666666666,0.0,0.0,0.5,0.0,0.0,0.2033333333333333,0.0,0.1666666666666666,0.1666666666666666,0.3333333333333333,0.125,0.1341666666666666
url,blod,0.1666666666666666,0.5,0.6666666666666666,0.0,0.0,0.5,0.0,0.0,0.2033333333333333,0.0,0.1666666666666666,0.1666666666666666,0.3333333333333333,0.125,0.1341666666666666
exon,blod,0.1666666666666666,0.5,0.6666666666666666,0.0,0.0,0.5,0.0,0.0,0.2033333333333333,0.0,0.1666666666666666,0.1666666666666666,0.3333333333333333,0.125,0.1341666666666666
dcat-fdc,blod,0.1666666666666666,0.5,0.6666666666666666,0.0,0.0,0.5,0.0,0.0,0.2033333333333333,0.0,0.1666666666666666,0.1666666666666666,0.3333333333333333,0.125,0.1341666666666666
poem,blod,0.1666666666666666,0.5,0.6666666666666666,0.0,0.0,0.5,0.0,0.0,0.2033333333333333,0.0,0.1666666666666666,0.1666666666666666,0.3333333333333333,0.125,0.1341666666666666
ofl,blod,0.1666666666666666,0.5,0.6666666666666666,0.0,0.0,0.5,0.0,0.0,0.2033333333333333,0.0,0.1666666666666666,0.1666666666666666,0.3333333333333333,0.125,0.1341666666666666
sd3,blod,0.1666666666666666,0.5,0.6666666666666666,0.0,0.0,0.5,0.0,0.0,0.2033333333333333,0.0,0.1666666666666666,0.1666666666666666,0.3333333333333333,0.125,0.1341666666666666
be,blod,0.1666666666666666,0.5,0.6666666666666666,0.0,0.0,0.5,0.0,0.0,0.2033333333333333,0.0,0.1666666666666666,0.1666666666666666,0.3333333333333333,0.125,0.1341666666666666
ontolurgences,blod,0.1666666666666666,0.5,0.6666666666666666,0.0,0.0,0.5,0.0,0.0,0.2033333333333333,0.0,0.1666666666666666,0.1666666666666666,0.3333333333333333,0.125,0.1341666666666666
test_cbi,blod,0.1666666666666666,0.5,0.6666666666666666,0.0,0.0,0.5,0.0,0.0,0.2033333333333333,0.0,0.1666666666666666,0.1666666666666666,0.3333333333333333,0.125,0.1341666666666666
adcad,blod,0.1666666666666666,0.5,0.6666666666666666,0.0,0.0,0.5,0.0,0.0,0.2033333333333333,0.0,0.1666666666666666,0.1666666666666666,0.3333333333333333,0.125,0.1341666666666666
decide,blod,0.1666666666666666,0.5,0.6666666666666666,0.0,0.0,0.5,0.0,0.0,0.2033333333333333,0.0,0.1666666666666666,0.1666666666666666,0.3333333333333333,0.125,0.1341666666666666
iso19115roles,blod,0.1666666666666666,0.5,0.6666666666666666,0.0,0.0,0.5,0.0,0.0,0.2033333333333333,0.0,0.1666666666666666,0.1666666666666666,0.3333333333333333,0.125,0.1341666666666666
pso_2,blod,0.1666666666666666,0.5,0.6666666666666666,0.0,0.0,0.5,0.0,0.0,0.2033333333333333,0.0,0.1666666666666666,0.1666666666666666,0.3333333333333333,0.125,0.1341666666666666
ontodm-algorithm,blod,0.1666666666666666,0.5,0.6666666666666666,0.0,0.0,0.5,0.0,0.0,0.2033333333333333,0.0,0.1666666666666666,0.1666666666666666,0.3333333333333333,0.125,0.1341666666666666
vfb_drivers,blod,0.1666666666666666,0.5,0.6666666666666666,0.0,0.0,0.5,0.0,0.0,0.2033333333333333,0.0,0.1666666666666666,0.1666666666666666,0.3333333333333333,0.125,0.1341666666666666
lifo,blod,0.1666666666666666,0.5,0.6666666666666666,0.0,0.0,0.5,0.0,0.0,0.2033333333333333,0.0,0.1666666666666666,0.1666666666666666,0.3333333333333333,0.125,0.1341666666666666
phy,blod,0.1666666666666666,0.5,0.6666666666666666,0.0,0.0,0.5,0.0,0.0,0.2033333333333333,0.0,0.1666666666666666,0.1666666666666666,0.3333333333333333,0.125,0.1341666666666666
dermo,blod,0.1666666666666666,0.5,0.6666666666666666,0.0,0.0,0.5,0.0,0.0,0.2033333333333333,0.0,0.1666666666666666,0.1666666666666666,0.3333333333333333,0.125,0.1341666666666666
msv,blod,0.1666666666666666,0.5,0.6666666666666666,0.0,0.0,0.5,0.0,0.0,0.2033333333333333,0.0,0.1666666666666666,0.1666666666666666,0.3333333333333333,0.125,0.1341666666666666
pp,blod,0.1666666666666666,0.5,0.6666666666666666,0.0,0.0,0.5,0.0,0.0,0.2033333333333333,0.0,0.1666666666666666,0.1666666666666666,0.3333333333333333,0.125,0.1341666666666666
pe,blod,0.1666666666666666,0.5,0.6666666666666666,0.0,0.0,0.5,0.0,0.0,0.2033333333333333,0.0,0.1666666666666666,0.1666666666666666,0.3333333333333333,0.125,0.1341666666666666
pu,blod,0.1666666666666666,0.5,0.6666666666666666,0.0,0.0,0.5,0.0,0.0,0.2033333333333333,0.0,0.1666666666666666,0.1666666666666666,0.3333333333333333,0.125,0.1341666666666666
ngsonto,blod,0.1666666666666666,0.5,0.6666666666666666,0.0,0.0,0.5,0.0,0.0,0.2033333333333333,0.0,0.1666666666666666,0.1666666666666666,0.3333333333333333,0.125,0.1341666666666666
dsip7,blod,0.1666666666666666,0.5,0.6666666666666666,0.0,0.0,0.5,0.0,0.0,0.2033333333333333,0.0,0.1666666666666666,0.1666666666666666,0.3333333333333333,0.125,0.1341666666666666
creno,blod,0.1666666666666666,0.5,0.6666666666666666,0.0,0.0,0.5,0.0,0.0,0.2033333333333333,0.0,0.1666666666666666,0.1666666666666666,0.3333333333333333,0.125,0.1341666666666666
ddss,blod,0.1666666666666666,0.5,0.6666666666666666,0.0,0.0,0.5,0.0,0.0,0.2033333333333333,0.0,0.1666666666666666,0.1666666666666666,0.3333333333333333,0.125,0.1341666666666666
apatandt,blod,0.1666666666666666,0.5,0.6666666666666666,0.0,0.0,0.5,0.0,0.0,0.2033333333333333,0.0,0.1666666666666666,0.1666666666666666,0.3333333333333333,0.125,0.1341666666666666
cto-ndd,blod,0.1666666666666666,0.5,0.6666666666666666,0.0,0.0,0.5,0.0,0.0,0.2033333333333333,0.0,0.1666666666666666,0.1666666666666666,0.3333333333333333,0.125,0.1341666666666666
umms,blod,0.1666666666666666,0.5,0.6666666666666666,0.0,0.0,0.5,0.0,0.0,0.2033333333333333,0.0,0.1666666666666666,0.1666666666666666,0.3333333333333333,0.125,0.1341666666666666
tml,blod,0.1666666666666666,0.5,0.6666666666666666,0.0,0.0,0.5,0.0,0.0,0.2033333333333333,0.0,0.1666666666666666,0.1666666666666666,0.3333333333333333,0.125,0.1341666666666666
peao,blod,0.1666666666666666,0.5,0.6666666666666666,0.0,0.0,0.5,0.0,0.0,0.2033333333333333,0.0,0.1666666666666666,0.1666666666666666,0.3333333333333333,0.125,0.1341666666666666
soho,blod,0.1666666666666666,0.5,0.6666666666666666,0.0,0.0,0.5,0.0,0.0,0.2033333333333333,0.0,0.1666666666666666,0.1666666666666666,0.3333333333333333,0.125,0.1341666666666666
pe-o,blod,0.1666666666666666,0.5,0.6666666666666666,0.0,0.0,0.5,0.0,0.0,0.2033333333333333,0.0,0.1666666666666666,0.1666666666666666,0.3333333333333333,0.125,0.1341666666666666
neicbeer,blod,0.1666666666666666,0.5,0.6666666666666666,0.0,0.0,0.5,0.0,0.0,0.2033333333333333,0.0,0.1666666666666666,0.1666666666666666,0.3333333333333333,0.125,0.1341666666666666
cmdo,blod,0.1666666666666666,0.5,0.6666666666666666,0.0,0.0,0.5,0.0,0.0,0.2033333333333333,0.0,0.1666666666666666,0.1666666666666666,0.3333333333333333,0.125,0.1341666666666666
hhearvs,blod,0.1666666666666666,0.5,0.6666666666666666,0.0,0.0,0.5,0.0,0.0,0.2033333333333333,0.0,0.1666666666666666,0.1666666666666666,0.3333333333333333,0.125,0.1341666666666666
sasap,blod,0.1666666666666666,0.5,0.6666666666666666,0.0,0.0,0.5,0.0,0.0,0.2033333333333333,0.0,0.1666666666666666,0.1666666666666666,0.3333333333333333,0.125,0.1341666666666666
bctt,blod,0.1666666666666666,0.5,0.6666666666666666,0.0,0.0,0.5,0.0,0.0,0.2033333333333333,0.0,0.1666666666666666,0.1666666666666666,0.3333333333333333,0.125,0.1341666666666666
hivhpvschistosom,blod,0.1666666666666666,0.5,0.6666666666666666,0.0,0.0,0.5,0.0,0.0,0.2033333333333333,0.0,0.1666666666666666,0.1666666666666666,0.3333333333333333,0.125,0.1341666666666666
iobc,blod,0.1666666666666666,0.5,0.6666666666666666,0.0,0.0,0.5,0.0,0.0,0.2033333333333333,0.0,0.1666666666666666,0.1666666666666666,0.3333333333333333,0.125,0.1341666666666666
fast-event,blod,0.1666666666666666,0.5,0.6666666666666666,0.0,0.0,0.5,0.0,0.0,0.2033333333333333,0.0,0.1666666666666666,0.1666666666666666,0.3333333333333333,0.125,0.1341666666666666
nio,blod,0.1666666666666666,0.5,0.6666666666666666,0.0,0.0,0.5,0.0,0.0,0.2033333333333333,0.0,0.1666666666666666,0.1666666666666666,0.3333333333333333,0.125,0.1341666666666666
glycordf,blod,0.1666666666666666,0.5,0.6666666666666666,0.0,0.0,0.5,0.0,0.0,0.2033333333333333,0.0,0.1666666666666666,0.1666666666666666,0.3333333333333333,0.125,0.1341666666666666
syriandrugs,blod,0.1666666666666666,0.5,0.6666666666666666,0.0,0.0,0.5,0.0,0.0,0.2033333333333333,0.0,0.1666666666666666,0.1666666666666666,0.3333333333333333,0.125,0.1341666666666666
ipd,blod,0.1666666666666666,0.5,0.6666666666666666,0.0,0.0,0.5,0.0,0.0,0.2033333333333333,0.0,0.1666666666666666,0.1666666666666666,0.3333333333333333,0.125,0.1341666666666666
mads-rdf,blod,0.1666666666666666,0.5,0.6666666666666666,0.0,0.0,0.5,0.0,0.0,0.2033333333333333,0.0,0.1666666666666666,0.1666666666666666,0.3333333333333333,0.125,0.1341666666666666
rsa,blod,0.1666666666666666,0.5,0.6666666666666666,0.0,0.0,0.5,0.0,0.0,0.2033333333333333,0.0,0.1666666666666666,0.1666666666666666,0.3333333333333333,0.125,0.1341666666666666
icd-o-3,blod,0.1666666666666666,0.5,0.6666666666666666,0.0,0.0,0.5,0.0,0.0,0.2033333333333333,0.0,0.1666666666666666,0.1666666666666666,0.3333333333333333,0.125,0.1341666666666666
dreamdnpto,blod,0.1666666666666666,0.5,0.6666666666666666,0.0,0.0,0.5,0.0,0.0,0.2033333333333333,0.0,0.1666666666666666,0.1666666666666666,0.3333333333333333,0.125,0.1341666666666666
npi,blod,0.1666666666666666,0.5,0.6666666666666666,0.0,0.0,0.5,0.0,0.0,0.2033333333333333,0.0,0.1666666666666666,0.1666666666666666,0.3333333333333333,0.125,0.1341666666666666
bflc,blod,0.1666666666666666,0.5,0.6666666666666666,0.0,0.0,0.5,0.0,0.0,0.2033333333333333,0.0,0.1666666666666666,0.1666666666666666,0.3333333333333333,0.125,0.1341666666666666
hhear,blod,0.1666666666666666,0.5,0.6666666666666666,0.0,0.0,0.5,0.0,0.0,0.2033333333333333,0.0,0.1666666666666666,0.1666666666666666,0.3333333333333333,0.125,0.1341666666666666
hhearp,blod,0.1666666666666666,0.5,0.6666666666666666,0.0,0.0,0.5,0.0,0.0,0.2033333333333333,0.0,0.1666666666666666,0.1666666666666666,0.3333333333333333,0.125,0.1341666666666666
sarsmutonto,blod,0.1666666666666666,0.5,0.6666666666666666,0.0,0.0,0.5,0.0,0.0,0.2033333333333333,0.0,0.1666666666666666,0.1666666666666666,0.3333333333333333,0.125,0.1341666666666666
ecp,blod,0.1666666666666666,0.5,0.6666666666666666,0.0,0.0,0.5,0.0,0.0,0.2033333333333333,0.0,0.1666666666666666,0.1666666666666666,0.3333333333333333,0.125,0.1341666666666666
bcsr-onto,blod,0.1666666666666666,0.5,0.6666666666666666,0.0,0.0,0.5,0.0,0.0,0.2033333333333333,0.0,0.1666666666666666,0.1666666666666666,0.3333333333333333,0.125,0.1341666666666666
lpt,blod,0.1666666666666666,0.5,0.6666666666666666,0.0,0.0,0.5,0.0,0.0,0.2033333333333333,0.0,0.1666666666666666,0.1666666666666666,0.3333333333333333,0.125,0.1341666666666666
orcs,blod,0.1666666666666666,0.5,0.6666666666666666,0.0,0.0,0.5,0.0,0.0,0.2033333333333333,0.0,0.1666666666666666,0.1666666666666666,0.3333333333333333,0.125,0.1341666666666666
genai,blod,0.1666666666666666,0.5,0.6666666666666666,0.0,0.0,0.5,0.0,0.0,0.2033333333333333,0.0,0.1666666666666666,0.1666666666666666,0.3333333333333333,0.125,0.1341666666666666
pharmgkb,blod,0.1666666666666666,0.5,0.6666666666666666,0.0,0.0,0.5,0.0,0.0,0.2033333333333333,0.0,0.1666666666666666,0.1666666666666666,0.3333333333333333,0.125,0.1341666666666666
gdmt,blod,0.1666666666666666,0.5,0.6666666666666666,0.0,0.0,0.5,0.0,0.0,0.2033333333333333,0.0,0.1666666666666666,0.1666666666666666,0.3333333333333333,0.125,0.1341666666666666
cdo,blod,0.1666666666666666,0.5,0.6666666666666666,0.0,0.0,0.5,0.0,0.0,0.2033333333333333,0.0,0.1666666666666666,0.1666666666666666,0.3333333333333333,0.125,0.1341666666666666
cdoh,blod,0.1666666666666666,0.5,0.6666666666666666,0.0,0.0,0.5,0.0,0.0,0.2033333333333333,0.0,0.1666666666666666,0.1666666666666666,0.3333333333333333,0.125,0.1341666666666666
adicap,blod,0.1666666666666666,0.5,0.6666666666666666,0.0,0.0,0.5,0.0,0.0,0.2033333333333333,0.0,0.1666666666666666,0.1666666666666666,0.3333333333333333,0.125,0.1341666666666666
cohsi2termsweekx,blod,0.1666666666666666,0.5,0.6666666666666666,0.0,0.0,0.5,0.0,0.0,0.2033333333333333,0.0,0.1666666666666666,0.1666666666666666,0.3333333333333333,0.125,0.1341666666666666
dmto,blod,0.1666666666666666,0.5,0.6666666666666666,0.0,0.0,0.5,0.0,0.0,0.2033333333333333,0.0,0.1666666666666666,0.1666666666666666,0.3333333333333333,0.125,0.1341666666666666
tm-mer,blod,0.1666666666666666,0.5,0.6666666666666666,0.0,0.0,0.5,0.0,0.0,0.2033333333333333,0.0,0.1666666666666666,0.1666666666666666,0.3333333333333333,0.125,0.1341666666666666
mamo-scr-onto,blod,0.1666666666666666,0.5,0.6666666666666666,0.0,0.0,0.5,0.0,0.0,0.2033333333333333,0.0,0.1666666666666666,0.1666666666666666,0.3333333333333333,0.125,0.1341666666666666
comet,blod,0.1666666666666666,0.5,0.6666666666666666,0.0,0.0,0.5,0.0,0.0,0.2033333333333333,0.0,0.1666666666666666,0.1666666666666666,0.3333333333333333,0.125,0.1341666666666666
bero,blod,0.1666666666666666,0.5,0.6666666666666666,0.0,0.0,0.5,0.0,0.0,0.2033333333333333,0.0,0.1666666666666666,0.1666666666666666,0.3333333333333333,0.125,0.1341666666666666
drmo,blod,0.1666666666666666,0.5,0.6666666666666666,0.0,0.0,0.5,0.0,0.0,0.2033333333333333,0.0,0.1666666666666666,0.1666666666666666,0.3333333333333333,0.125,0.1341666666666666
assaynode,blod,0.1666666666666666,0.5,0.6666666666666666,0.0,0.0,0.5,0.0,0.0,0.2033333333333333,0.0,0.1666666666666666,0.1666666666666666,0.3333333333333333,0.125,0.1341666666666666
neic-onto,blod,0.1666666666666666,0.5,0.6666666666666666,0.0,0.0,0.5,0.0,0.0,0.2033333333333333,0.0,0.1666666666666666,0.1666666666666666,0.3333333333333333,0.125,0.1341666666666666
nic,blod,0.1666666666666666,0.5,0.6666666666666666,0.0,0.0,0.5,0.0,0.0,0.2033333333333333,0.0,0.1666666666666666,0.1666666666666666,0.3333333333333333,0.125,0.1341666666666666
contsonto,blod,0.1666666666666666,0.5,0.6666666666666666,0.0,0.0,0.5,0.0,0.0,0.2033333333333333,0.0,0.1666666666666666,0.1666666666666666,0.3333333333333333,0.125,0.1341666666666666
momcare,blod,0.1666666666666666,0.5,0.6666666666666666,0.0,0.0,0.5,0.0,0.0,0.2033333333333333,0.0,0.1666666666666666,0.1666666666666666,0.3333333333333333,0.125,0.1341666666666666
peo_ontology,blod,0.1666666666666666,0.5,0.6666666666666666,0.0,0.0,0.5,0.0,0.0,0.2033333333333333,0.0,0.1666666666666666,0.1666666666666666,0.3333333333333333,0.125,0.1341666666666666
iso19115srs,blod,0.1666666666666666,0.5,0.6666666666666666,0.0,0.0,0.5,0.0,0.0,0.2033333333333333,0.0,0.1666666666666666,0.1666666666666666,0.3333333333333333,0.125,0.1341666666666666
iso19115tcc,blod,0.1666666666666666,0.5,0.6666666666666666,0.0,0.0,0.5,0.0,0.0,0.2033333333333333,0.0,0.1666666666666666,0.1666666666666666,0.3333333333333333,0.125,0.1341666666666666
m4m-21-variables,blod,0.1666666666666666,0.5,0.6666666666666666,0.0,0.0,0.5,0.0,0.0,0.2033333333333333,0.0,0.1666666666666666,0.1666666666666666,0.3333333333333333,0.125,0.1341666666666666
pbpko,blod,0.1666666666666666,0.5,0.6666666666666666,0.0,0.0,0.5,0.0,0.0,0.2033333333333333,0.0,0.1666666666666666,0.1666666666666666,0.3333333333333333,0.125,0.1341666666666666
trak,blod,0.1666666666666666,0.5,0.6666666666666666,0.0,0.0,0.5,0.0,0.0,0.2033333333333333,0.0,0.1666666666666666,0.1666666666666666,0.3333333333333333,0.125,0.1341666666666666
kenyaanc,blod,0.1666666666666666,0.5,0.6666666666666666,0.0,0.0,0.5,0.0,0.0,0.2033333333333333,0.0,0.1666666666666666,0.1666666666666666,0.3333333333333333,0.125,0.1341666666666666
inbiodiv,blod,0.1666666666666666,0.5,0.6666666666666666,0.0,0.0,0.5,0.0,0.0,0.2033333333333333,0.0,0.1666666666666666,0.1666666666666666,0.3333333333333333,0.125,0.1341666666666666
canont,blod,0.1666666666666666,0.5,0.6666666666666666,0.0,0.0,0.5,0.0,0.0,0.2033333333333333,0.0,0.1666666666666666,0.1666666666666666,0.3333333333333333,0.125,0.1341666666666666
dcat3,blod,0.1666666666666666,0.5,0.6666666666666666,0.0,0.0,0.5,0.0,0.0,0.2033333333333333,0.0,0.1666666666666666,0.1666666666666666,0.3333333333333333,0.125,0.1341666666666666
m4m-21-subjects,blod,0.1666666666666666,0.5,0.6666666666666666,0.0,0.0,0.5,0.0,0.0,0.2033333333333333,0.0,0.1666666666666666,0.1666666666666666,0.3333333333333333,0.125,0.1341666666666666
hio,blod,0.1666666666666666,0.5,0.6666666666666666,0.0,0.0,0.5,0.0,0.0,0.2033333333333333,0.0,0.1666666666666666,0.1666666666666666,0.3333333333333333,0.125,0.1341666666666666
option-ontology,blod,0.1666666666666666,0.5,0.6666666666666666,0.0,0.0,0.5,0.0,0.0,0.2033333333333333,0.0,0.1666666666666666,0.1666666666666666,0.3333333333333333,0.125,0.1341666666666666
vrd,blod,0.1666666666666666,0.5,0.6666666666666666,0.0,0.0,0.5,0.0,0.0,0.2033333333333333,0.0,0.1666666666666666,0.1666666666666666,0.3333333333333333,0.125,0.1341666666666666
bcs8,blod,0.1666666666666666,0.5,0.6666666666666666,0.0,0.0,0.5,0.0,0.0,0.2033333333333333,0.0,0.1666666666666666,0.1666666666666666,0.3333333333333333,0.125,0.1341666666666666
bcs7,blod,0.1666666666666666,0.5,0.6666666666666666,0.0,0.0,0.5,0.0,0.0,0.2033333333333333,0.0,0.1666666666666666,0.1666666666666666,0.3333333333333333,0.125,0.1341666666666666
aspect,blod,0.1666666666666666,0.5,0.6666666666666666,0.0,0.0,0.5,0.0,0.0,0.2033333333333333,0.0,0.1666666666666666,0.1666666666666666,0.3333333333333333,0.125,0.1341666666666666
brazi,blod,0.1666666666666666,0.375,0.0,0.0,0.0,0.5,0.0,0.0,0.2033333333333333,0.0,0.1666666666666666,0.1666666666666666,0.1354166666666666,0.125,0.1341666666666666
bci-o,blod,0.1666666666666666,0.5,0.6666666666666666,0.0,0.0,0.5,0.0,0.0,0.2033333333333333,0.0,0.1666666666666666,0.1666666666666666,0.3333333333333333,0.125,0.1341666666666666
dseo,blod,0.1666666666666666,0.5,0.6666666666666666,0.0,0.0,0.5,0.0,0.0,0.2033333333333333,0.0,0.1666666666666666,0.1666666666666666,0.3333333333333333,0.125,0.1341666666666666
ho,blod,0.1666666666666666,0.375,0.0,0.0,0.0,0.5,0.0,0.0,0.2033333333333333,0.0,0.1666666666666666,0.1666666666666666,0.1354166666666666,0.125,0.1341666666666666
hc,blod,0.1666666666666666,0.5,0.6666666666666666,0.0,0.0,0.5,0.0,0.0,0.2033333333333333,0.0,0.1666666666666666,0.1666666666666666,0.3333333333333333,0.125,0.1341666666666666
oco,blod,0.1666666666666666,0.5,0.6666666666666666,0.0,0.0,0.5,0.0,0.0,0.2033333333333333,0.0,0.1666666666666666,0.1666666666666666,0.3333333333333333,0.125,0.1341666666666666
apaeducluster,blod,0.1666666666666666,0.5,0.6666666666666666,0.0,0.0,0.5,0.0,0.0,0.2033333333333333,0.0,0.1666666666666666,0.1666666666666666,0.3333333333333333,0.125,0.1341666666666666
proj,blod,0.1666666666666666,0.5,0.6666666666666666,0.0,0.0,0.5,0.0,0.0,0.2033333333333333,0.0,0.1666666666666666,0.1666666666666666,0.3333333333333333,0.125,0.1341666666666666
zahrahaddad,blod,0.1666666666666666,0.375,0.0,0.0,0.0,0.5,0.0,0.0,0.2033333333333333,0.0,0.1666666666666666,0.1666666666666666,0.1354166666666666,0.125,0.1341666666666666
qudt2,blod,0.1666666666666666,0.5,0.6666666666666666,0.0,0.0,0.5,0.0,0.0,0.2033333333333333,0.0,0.1666666666666666,0.1666666666666666,0.3333333333333333,0.125,0.1341666666666666
gmm,blod,0.1666666666666666,0.5,0.6666666666666666,0.0,0.0,0.5,0.0,0.0,0.2033333333333333,0.0,0.1666666666666666,0.1666666666666666,0.3333333333333333,0.125,0.1341666666666666
my_syriancinema,blod,0.1666666666666666,0.5,0.6666666666666666,0.0,0.0,0.5,0.0,0.0,0.2033333333333333,0.0,0.1666666666666666,0.1666666666666666,0.3333333333333333,0.125,0.1341666666666666
reproduce-me,blod,0.1666666666666666,0.5,0.6666666666666666,0.0,0.0,0.5,0.0,0.0,0.2033333333333333,0.0,0.1666666666666666,0.1666666666666666,0.3333333333333333,0.125,0.1341666666666666
dccdfv,blod,0.1666666666666666,0.5,0.6666666666666666,0.0,0.0,0.5,0.0,0.0,0.2033333333333333,0.0,0.1666666666666666,0.1666666666666666,0.3333333333333333,0.125,0.1341666666666666
premedonto,blod,0.1666666666666666,0.5,0.6666666666666666,0.0,0.0,0.5,0.0,0.0,0.2033333333333333,0.0,0.1666666666666666,0.1666666666666666,0.3333333333333333,0.125,0.1341666666666666
ontosim,blod,0.1666666666666666,0.5,0.6666666666666666,0.0,0.0,0.5,0.0,0.0,0.2033333333333333,0.0,0.1666666666666666,0.1666666666666666,0.3333333333333333,0.125,0.1341666666666666
zonmw-content,blod,0.1666666666666666,0.5,0.6666666666666666,0.0,0.0,0.5,0.0,0.0,0.2033333333333333,0.0,0.1666666666666666,0.1666666666666666,0.3333333333333333,0.125,0.1341666666666666
apatreatment,blod,0.1666666666666666,0.5,0.6666666666666666,0.0,0.0,0.5,0.0,0.0,0.2033333333333333,0.0,0.1666666666666666,0.1666666666666666,0.3333333333333333,0.125,0.1341666666666666
melo,blod,0.1666666666666666,0.5,0.6666666666666666,0.0,0.0,0.5,0.0,0.0,0.2033333333333333,0.0,0.1666666666666666,0.1666666666666666,0.3333333333333333,0.125,0.1341666666666666
glycocoo,blod,0.1666666666666666,0.5,0.6666666666666666,0.0,0.0,0.5,0.0,0.0,0.2033333333333333,0.0,0.1666666666666666,0.1666666666666666,0.3333333333333333,0.125,0.1341666666666666
m4m19-subs,blod,0.1666666666666666,0.5,0.6666666666666666,0.0,0.0,0.5,0.0,0.0,0.2033333333333333,0.0,0.1666666666666666,0.1666666666666666,0.3333333333333333,0.125,0.1341666666666666
issva,blod,0.1666666666666666,0.5,0.6666666666666666,0.0,0.0,0.5,0.0,0.0,0.2033333333333333,0.0,0.1666666666666666,0.1666666666666666,0.3333333333333333,0.125,0.1341666666666666
phfumiado,blod,0.1666666666666666,0.5,0.6666666666666666,0.0,0.0,0.5,0.0,0.0,0.2033333333333333,0.0,0.1666666666666666,0.1666666666666666,0.3333333333333333,0.125,0.1341666666666666
patel,blod,0.1666666666666666,0.5,0.6666666666666666,0.0,0.0,0.5,0.0,0.0,0.2033333333333333,0.0,0.1666666666666666,0.1666666666666666,0.3333333333333333,0.125,0.1341666666666666
evi,blod,0.1666666666666666,0.5,0.6666666666666666,0.0,0.0,0.5,0.0,0.0,0.2033333333333333,0.0,0.1666666666666666,0.1666666666666666,0.3333333333333333,0.125,0.1341666666666666
ontodm-core,blod,0.1666666666666666,0.5,0.6666666666666666,0.0,0.0,0.5,0.0,0.0,0.2033333333333333,0.0,0.1666666666666666,0.1666666666666666,0.3333333333333333,0.125,0.1341666666666666
dsip8,blod,0.1666666666666666,0.5,0.6666666666666666,0.0,0.0,0.5,0.0,0.0,0.2033333333333333,0.0,0.1666666666666666,0.1666666666666666,0.3333333333333333,0.125,0.1341666666666666
agromop,blod,0.1666666666666666,0.5,0.6666666666666666,0.0,0.0,0.5,0.0,0.0,0.2033333333333333,0.0,0.1666666666666666,0.1666666666666666,0.3333333333333333,0.125,0.1341666666666666
sco_f23,blod,0.1666666666666666,0.5,0.6666666666666666,0.0,0.0,0.5,0.0,0.0,0.2033333333333333,0.0,0.1666666666666666,0.1666666666666666,0.3333333333333333,0.125,0.1341666666666666
rocknrolltest,blod,0.1666666666666666,0.5,0.6666666666666666,0.0,0.0,0.5,0.0,0.0,0.2033333333333333,0.0,0.1666666666666666,0.1666666666666666,0.3333333333333333,0.125,0.1341666666666666
hcm-d,blod,0.1666666666666666,0.5,0.6666666666666666,0.0,0.0,0.5,0.0,0.0,0.2033333333333333,0.0,0.1666666666666666,0.1666666666666666,0.3333333333333333,0.125,0.1341666666666666
fitbit,blod,0.1666666666666666,0.5,0.6666666666666666,0.0,0.0,0.5,0.0,0.0,0.2033333333333333,0.0,0.1666666666666666,0.1666666666666666,0.3333333333333333,0.125,0.1341666666666666
optimal,blod,0.1666666666666666,0.5,0.6666666666666666,0.0,0.0,0.5,0.0,0.0,0.2033333333333333,0.0,0.1666666666666666,0.1666666666666666,0.3333333333333333,0.125,0.1341666666666666
tcdo,blod,0.1666666666666666,0.5,0.6666666666666666,0.0,0.0,0.5,0.0,0.0,0.2033333333333333,0.0,0.1666666666666666,0.1666666666666666,0.3333333333333333,0.125,0.1341666666666666
ooevv,blod,0.1666666666666666,0.5,0.6666666666666666,0.0,0.0,0.5,0.0,0.0,0.2033333333333333,0.0,0.1666666666666666,0.1666666666666666,0.3333333333333333,0.125,0.1341666666666666
ontriscal,blod,0.1666666666666666,0.5,0.6666666666666666,0.0,0.0,0.5,0.0,0.0,0.2033333333333333,0.0,0.1666666666666666,0.1666666666666666,0.3333333333333333,0.125,0.1341666666666666
diab,blod,0.1666666666666666,0.5,0.6666666666666666,0.0,0.0,0.5,0.0,0.0,0.2033333333333333,0.0,0.1666666666666666,0.1666666666666666,0.3333333333333333,0.125,0.1341666666666666
dfo,blod,0.1666666666666666,0.5,0.6666666666666666,0.0,0.0,0.5,0.0,0.0,0.2033333333333333,0.0,0.1666666666666666,0.1666666666666666,0.3333333333333333,0.125,0.1341666666666666
brct,blod,0.1666666666666666,0.5,0.6666666666666666,0.0,0.0,0.5,0.0,0.0,0.2033333333333333,0.0,0.1666666666666666,0.1666666666666666,0.3333333333333333,0.125,0.1341666666666666
ctgo,blod,0.1666666666666666,0.5,0.6666666666666666,0.0,0.0,0.5,0.0,0.0,0.2033333333333333,0.0,0.1666666666666666,0.1666666666666666,0.3333333333333333,0.125,0.1341666666666666
gender,blod,0.1666666666666666,0.5,0.6666666666666666,0.0,0.0,0.5,0.0,0.0,0.2033333333333333,0.0,0.1666666666666666,0.1666666666666666,0.3333333333333333,0.125,0.1341666666666666
aceso,blod,0.1666666666666666,0.5,0.6666666666666666,0.0,0.0,0.5,0.0,0.0,0.2033333333333333,0.0,0.1666666666666666,0.1666666666666666,0.3333333333333333,0.125,0.1341666666666666
cryoem,blod,0.1666666666666666,0.5,0.6666666666666666,0.0,0.0,0.5,0.0,0.0,0.2033333333333333,0.0,0.1666666666666666,0.1666666666666666,0.3333333333333333,0.125,0.1341666666666666
hivmt,blod,0.1666666666666666,0.5,0.6666666666666666,0.0,0.0,0.5,0.0,0.0,0.2033333333333333,0.0,0.1666666666666666,0.1666666666666666,0.3333333333333333,0.125,0.1341666666666666
ethanc,blod,0.1666666666666666,0.5,0.6666666666666666,0.0,0.0,0.5,0.0,0.0,0.2033333333333333,0.0,0.1666666666666666,0.1666666666666666,0.3333333333333333,0.125,0.1341666666666666
dsipfl7,blod,0.1666666666666666,0.5,0.6666666666666666,0.0,0.0,0.5,0.0,0.0,0.2033333333333333,0.0,0.1666666666666666,0.1666666666666666,0.3333333333333333,0.125,0.1341666666666666
plosthes,blod,0.1666666666666666,0.5,0.6666666666666666,0.0,0.0,0.5,0.0,0.0,0.2033333333333333,0.0,0.1666666666666666,0.1666666666666666,0.3333333333333333,0.125,0.1341666666666666
go-plus,blod,0.1666666666666666,0.375,0.0,0.0,0.0,0.5,0.0,0.0,0.2033333333333333,0.0,0.1666666666666666,0.1666666666666666,0.1354166666666666,0.125,0.1341666666666666
wear,blod,0.1666666666666666,0.5,0.6666666666666666,0.0,0.0,0.5,0.0,0.0,0.2033333333333333,0.0,0.1666666666666666,0.1666666666666666,0.3333333333333333,0.125,0.1341666666666666
datacite-vocab,blod,0.1666666666666666,0.5,0.6666666666666666,0.0,0.0,0.5,0.0,0.0,0.2033333333333333,0.0,0.1666666666666666,0.1666666666666666,0.3333333333333333,0.125,0.1341666666666666
vodana-migrants,blod,0.1666666666666666,0.5,0.6666666666666666,0.0,0.0,0.5,0.0,0.0,0.2033333333333333,0.0,0.1666666666666666,0.1666666666666666,0.3333333333333333,0.125,0.1341666666666666
mineral,blod,0.1666666666666666,0.5,0.6666666666666666,0.0,0.0,0.5,0.0,0.0,0.2033333333333333,0.0,0.1666666666666666,0.1666666666666666,0.3333333333333333,0.125,0.1341666666666666
ckdo,blod,0.1666666666666666,0.5,0.6666666666666666,0.0,0.0,0.5,0.0,0.0,0.2033333333333333,0.0,0.1666666666666666,0.1666666666666666,0.3333333333333333,0.125,0.1341666666666666
hdmponto,blod,0.1666666666666666,0.5,0.6666666666666666,0.0,0.0,0.5,0.0,0.0,0.2033333333333333,0.0,0.1666666666666666,0.1666666666666666,0.3333333333333333,0.125,0.1341666666666666
onstr,blod,0.1666666666666666,0.5,0.6666666666666666,0.0,0.0,0.5,0.0,0.0,0.2033333333333333,0.0,0.1666666666666666,0.1666666666666666,0.3333333333333333,0.125,0.1341666666666666
hcodonont,blod,0.1666666666666666,0.5,0.6666666666666666,0.0,0.0,0.5,0.0,0.0,0.2033333333333333,0.0,0.1666666666666666,0.1666666666666666,0.3333333333333333,0.125,0.1341666666666666
vodanacovid,blod,0.1666666666666666,0.5,0.6666666666666666,0.0,0.0,0.5,0.0,0.0,0.2033333333333333,0.0,0.1666666666666666,0.1666666666666666,0.3333333333333333,0.125,0.1341666666666666
test_a,blod,0.1666666666666666,0.5,0.6666666666666666,0.0,0.0,0.5,0.0,0.0,0.2033333333333333,0.0,0.1666666666666666,0.1666666666666666,0.3333333333333333,0.125,0.1341666666666666
pcalion,blod,0.1666666666666666,0.5,0.6666666666666666,0.0,0.0,0.5,0.0,0.0,0.2033333333333333,0.0,0.1666666666666666,0.1666666666666666,0.3333333333333333,0.125,0.1341666666666666
mono,blod,0.1666666666666666,0.5,0.6666666666666666,0.0,0.0,0.5,0.0,0.0,0.2033333333333333,0.0,0.1666666666666666,0.1666666666666666,0.3333333333333333,0.125,0.1341666666666666
macroalgaetraits,blod,0.1666666666666666,0.5,0.6666666666666666,0.0,0.0,0.5,0.0,0.0,0.2033333333333333,0.0,0.1666666666666666,0.1666666666666666,0.3333333333333333,0.125,0.1341666666666666
mosaic,blod,0.1666666666666666,0.5,0.6666666666666666,0.0,0.0,0.5,0.0,0.0,0.2033333333333333,0.0,0.1666666666666666,0.1666666666666666,0.3333333333333333,0.125,0.1341666666666666
bcteo,blod,0.1666666666666666,0.5,0.6666666666666666,0.0,0.0,0.5,0.0,0.0,0.2033333333333333,0.0,0.1666666666666666,0.1666666666666666,0.3333333333333333,0.125,0.1341666666666666
triage,blod,0.1666666666666666,0.5,0.6666666666666666,0.0,0.0,0.5,0.0,0.0,0.2033333333333333,0.0,0.1666666666666666,0.1666666666666666,0.3333333333333333,0.125,0.1341666666666666
socpres,blod,0.1666666666666666,0.5,0.6666666666666666,0.0,0.0,0.5,0.0,0.0,0.2033333333333333,0.0,0.1666666666666666,0.1666666666666666,0.3333333333333333,0.125,0.1341666666666666
mcr_tx,blod,0.1666666666666666,0.5,0.6666666666666666,0.0,0.0,0.5,0.0,0.0,0.2033333333333333,0.0,0.1666666666666666,0.1666666666666666,0.3333333333333333,0.125,0.1341666666666666
sp_ontology,blod,0.1666666666666666,0.5,0.6666666666666666,0.0,0.0,0.5,0.0,0.0,0.2033333333333333,0.0,0.1666666666666666,0.1666666666666666,0.3333333333333333,0.125,0.1341666666666666
ontoparon_social,blod,0.1666666666666666,0.5,0.6666666666666666,0.0,0.0,0.5,0.0,0.0,0.2033333333333333,0.0,0.1666666666666666,0.1666666666666666,0.3333333333333333,0.125,0.1341666666666666
nddo,blod,0.1666666666666666,0.5,0.6666666666666666,0.0,0.0,0.5,0.0,0.0,0.2033333333333333,0.0,0.1666666666666666,0.1666666666666666,0.3333333333333333,0.125,0.1341666666666666
opd-nambobi,blod,0.1666666666666666,0.5,0.6666666666666666,0.0,0.0,0.5,0.0,0.0,0.2033333333333333,0.0,0.1666666666666666,0.1666666666666666,0.3333333333333333,0.125,0.1341666666666666
lbo,blod,0.1666666666666666,0.5,0.6666666666666666,0.0,0.0,0.5,0.0,0.0,0.2033333333333333,0.0,0.1666666666666666,0.1666666666666666,0.3333333333333333,0.125,0.1341666666666666
lungmap-mouse,blod,0.1666666666666666,0.5,0.6666666666666666,0.0,0.0,0.5,0.0,0.0,0.2033333333333333,0.0,0.1666666666666666,0.1666666666666666,0.3333333333333333,0.125,0.1341666666666666
incentive,blod,0.1666666666666666,0.5,0.6666666666666666,0.0,0.0,0.5,0.0,0.0,0.2033333333333333,0.0,0.1666666666666666,0.1666666666666666,0.3333333333333333,0.125,0.1341666666666666
ontopsychia,blod,0.1666666666666666,0.5,0.6666666666666666,0.0,0.0,0.5,0.0,0.0,0.2033333333333333,0.0,0.1666666666666666,0.1666666666666666,0.3333333333333333,0.125,0.1341666666666666
ml_mcr_tx,blod,0.1666666666666666,0.5,0.6666666666666666,0.0,0.0,0.5,0.0,0.0,0.2033333333333333,0.0,0.1666666666666666,0.1666666666666666,0.3333333333333333,0.125,0.1341666666666666
nihss,blod,0.1666666666666666,0.5,0.6666666666666666,0.0,0.0,0.5,0.0,0.0,0.2033333333333333,0.0,0.1666666666666666,0.1666666666666666,0.3333333333333333,0.125,0.1341666666666666
ros,blod,0.1666666666666666,0.5,0.6666666666666666,0.0,0.0,0.5,0.0,0.0,0.2033333333333333,0.0,0.1666666666666666,0.1666666666666666,0.3333333333333333,0.125,0.1341666666666666
allergydetector,blod,0.1666666666666666,0.5,0.6666666666666666,0.0,0.0,0.5,0.0,0.0,0.2033333333333333,0.0,0.1666666666666666,0.1666666666666666,0.3333333333333333,0.125,0.1341666666666666
nhsqi2009,blod,0.1666666666666666,0.5,0.6666666666666666,0.0,0.0,0.5,0.0,0.0,0.2033333333333333,0.0,0.1666666666666666,0.1666666666666666,0.3333333333333333,0.125,0.1341666666666666
hord,blod,0.1666666666666666,0.5,0.6666666666666666,0.0,0.0,0.5,0.0,0.0,0.2033333333333333,0.0,0.1666666666666666,0.1666666666666666,0.3333333333333333,0.125,0.1341666666666666
hasco,blod,0.1666666666666666,0.5,0.6666666666666666,0.0,0.0,0.5,0.0,0.0,0.2033333333333333,0.0,0.1666666666666666,0.1666666666666666,0.3333333333333333,0.125,0.1341666666666666
envthes,blod,0.1666666666666666,0.5,0.6666666666666666,0.0,0.0,0.5,0.0,0.0,0.2033333333333333,0.0,0.1666666666666666,0.1666666666666666,0.3333333333333333,0.125,0.1341666666666666
geosparql,blod,0.1666666666666666,0.5,0.6666666666666666,0.0,0.0,0.5,0.0,0.0,0.2033333333333333,0.0,0.1666666666666666,0.1666666666666666,0.3333333333333333,0.125,0.1341666666666666
mvaont,blod,0.1666666666666666,0.5,0.6666666666666666,0.0,0.0,0.5,0.0,0.0,0.2033333333333333,0.0,0.1666666666666666,0.1666666666666666,0.3333333333333333,0.125,0.1341666666666666
legalapatest2,blod,0.1666666666666666,0.5,0.6666666666666666,0.0,0.0,0.5,0.0,0.0,0.2033333333333333,0.0,0.1666666666666666,0.1666666666666666,0.3333333333333333,0.125,0.1341666666666666
agrocymac,blod,0.1666666666666666,0.5,0.6666666666666666,0.0,0.0,0.5,0.0,0.0,0.2033333333333333,0.0,0.1666666666666666,0.1666666666666666,0.3333333333333333,0.125,0.1341666666666666
gecco,blod,0.1666666666666666,0.5,0.6666666666666666,0.0,0.0,0.5,0.0,0.0,0.2033333333333333,0.0,0.1666666666666666,0.1666666666666666,0.3333333333333333,0.125,0.1341666666666666
lsfc,blod,0.1666666666666666,0.5,0.6666666666666666,0.0,0.0,0.5,0.0,0.0,0.2033333333333333,0.0,0.1666666666666666,0.1666666666666666,0.3333333333333333,0.125,0.1341666666666666
lsfo,blod,0.1666666666666666,0.5,0.6666666666666666,0.0,0.0,0.5,0.0,0.0,0.2033333333333333,0.0,0.1666666666666666,0.1666666666666666,0.3333333333333333,0.125,0.1341666666666666
hmislab0115,blod,0.1666666666666666,0.5,0.6666666666666666,0.0,0.0,0.5,0.0,0.0,0.2033333333333333,0.0,0.1666666666666666,0.1666666666666666,0.3333333333333333,0.125,0.1341666666666666
pino,blod,0.1666666666666666,0.5,0.6666666666666666,0.0,0.0,0.5,0.0,0.0,0.2033333333333333,0.0,0.1666666666666666,0.1666666666666666,0.3333333333333333,0.125,0.1341666666666666
mio,blod,0.1666666666666666,0.5,0.6666666666666666,0.0,0.0,0.5,0.0,0.0,0.2033333333333333,0.0,0.1666666666666666,0.1666666666666666,0.3333333333333333,0.125,0.1341666666666666
hsclo38,blod,0.1666666666666666,0.5,0.6666666666666666,0.0,0.0,0.5,0.0,0.0,0.2033333333333333,0.0,0.1666666666666666,0.1666666666666666,0.3333333333333333,0.125,0.1341666666666666
lcgft,blod,0.1666666666666666,0.5,0.6666666666666666,0.0,0.0,0.5,0.0,0.0,0.2033333333333333,0.0,0.1666666666666666,0.1666666666666666,0.3333333333333333,0.125,0.1341666666666666
infra-en,blod,0.1666666666666666,0.5,0.6666666666666666,0.0,0.0,0.5,0.0,0.0,0.2033333333333333,0.0,0.1666666666666666,0.1666666666666666,0.3333333333333333,0.125,0.1341666666666666
koro,blod,0.1666666666666666,0.5,0.6666666666666666,0.0,0.0,0.5,0.0,0.0,0.2033333333333333,0.0,0.1666666666666666,0.1666666666666666,0.3333333333333333,0.125,0.1341666666666666
eol,blod,0.1666666666666666,0.5,0.6666666666666666,0.0,0.0,0.5,0.0,0.0,0.2033333333333333,0.0,0.1666666666666666,0.1666666666666666,0.3333333333333333,0.125,0.1341666666666666
bsao,blod,0.1666666666666666,0.5,0.6666666666666666,0.0,0.0,0.5,0.0,0.0,0.2033333333333333,0.0,0.1666666666666666,0.1666666666666666,0.3333333333333333,0.125,0.1341666666666666
hupson,blod,0.1666666666666666,0.5,0.6666666666666666,0.0,0.0,0.5,0.0,0.0,0.2033333333333333,0.0,0.1666666666666666,0.1666666666666666,0.3333333333333333,0.125,0.1341666666666666
farmaci,blod,0.1666666666666666,0.5,0.6666666666666666,0.0,0.0,0.5,0.0,0.0,0.2033333333333333,0.0,0.1666666666666666,0.1666666666666666,0.3333333333333333,0.125,0.1341666666666666
tp4,blod,0.1666666666666666,0.5,0.6666666666666666,0.0,0.0,0.5,0.0,0.0,0.2033333333333333,0.0,0.1666666666666666,0.1666666666666666,0.3333333333333333,0.125,0.1341666666666666
ai,blod,0.1666666666666666,0.5,0.6666666666666666,0.0,0.0,0.5,0.0,0.0,0.2033333333333333,0.0,0.1666666666666666,0.1666666666666666,0.3333333333333333,0.125,0.1341666666666666
sse,blod,0.1666666666666666,0.5,0.6666666666666666,0.0,0.0,0.5,0.0,0.0,0.2033333333333333,0.0,0.1666666666666666,0.1666666666666666,0.3333333333333333,0.125,0.1341666666666666
pghd-bp,blod,0.1666666666666666,0.5,0.6666666666666666,0.0,0.0,0.5,0.0,0.0,0.2033333333333333,0.0,0.1666666666666666,0.1666666666666666,0.3333333333333333,0.125,0.1341666666666666
evs,blod,0.1666666666666666,0.5,0.6666666666666666,0.0,0.0,0.5,0.0,0.0,0.2033333333333333,0.0,0.1666666666666666,0.1666666666666666,0.3333333333333333,0.125,0.1341666666666666
intveetype,blod,0.1666666666666666,0.5,0.6666666666666666,0.0,0.0,0.5,0.0,0.0,0.2033333333333333,0.0,0.1666666666666666,0.1666666666666666,0.3333333333333333,0.125,0.1341666666666666
hcdr,blod,0.1666666666666666,0.5,0.6666666666666666,0.0,0.0,0.5,0.0,0.0,0.2033333333333333,0.0,0.1666666666666666,0.1666666666666666,0.3333333333333333,0.125,0.1341666666666666
inverseroles,blod,0.1666666666666666,0.5,0.6666666666666666,0.0,0.0,0.5,0.0,0.0,0.2033333333333333,0.0,0.1666666666666666,0.1666666666666666,0.3333333333333333,0.125,0.1341666666666666
preo,blod,0.1666666666666666,0.5,0.6666666666666666,0.0,0.0,0.5,0.0,0.0,0.2033333333333333,0.0,0.1666666666666666,0.1666666666666666,0.3333333333333333,0.125,0.1341666666666666
i-adopt,blod,0.1666666666666666,0.5,0.6666666666666666,0.0,0.0,0.5,0.0,0.0,0.2033333333333333,0.0,0.1666666666666666,0.1666666666666666,0.3333333333333333,0.125,0.1341666666666666
mltx,blod,0.1666666666666666,0.5,0.6666666666666666,0.0,0.0,0.5,0.0,0.0,0.2033333333333333,0.0,0.1666666666666666,0.1666666666666666,0.3333333333333333,0.125,0.1341666666666666
pseudo,blod,0.1666666666666666,0.5,0.6666666666666666,0.0,0.0,0.5,0.0,0.0,0.2033333333333333,0.0,0.1666666666666666,0.1666666666666666,0.3333333333333333,0.125,0.1341666666666666
dermlex,blod,0.1666666666666666,0.5,0.6666666666666666,0.0,0.0,0.5,0.0,0.0,0.2033333333333333,0.0,0.1666666666666666,0.1666666666666666,0.3333333333333333,0.125,0.1341666666666666
ibo,blod,0.1666666666666666,0.5,0.6666666666666666,0.0,0.0,0.5,0.0,0.0,0.2033333333333333,0.0,0.1666666666666666,0.1666666666666666,0.3333333333333333,0.125,0.1341666666666666
phenx,blod,0.1666666666666666,0.5,0.6666666666666666,0.0,0.0,0.5,0.0,0.0,0.2033333333333333,0.0,0.1666666666666666,0.1666666666666666,0.3333333333333333,0.125,0.1341666666666666
smo,blod,0.1666666666666666,0.5,0.6666666666666666,0.0,0.0,0.5,0.0,0.0,0.2033333333333333,0.0,0.1666666666666666,0.1666666666666666,0.3333333333333333,0.125,0.1341666666666666
apastatistical,blod,0.1666666666666666,0.5,0.6666666666666666,0.0,0.0,0.5,0.0,0.0,0.2033333333333333,0.0,0.1666666666666666,0.1666666666666666,0.3333333333333333,0.125,0.1341666666666666
partumdo,blod,0.1666666666666666,0.5,0.6666666666666666,0.0,0.0,0.5,0.0,0.0,0.2033333333333333,0.0,0.1666666666666666,0.1666666666666666,0.3333333333333333,0.125,0.1341666666666666
matrrock,blod,0.1666666666666666,0.5,0.6666666666666666,0.0,0.0,0.5,0.0,0.0,0.2033333333333333,0.0,0.1666666666666666,0.1666666666666666,0.3333333333333333,0.125,0.1341666666666666
strong,blod,0.1666666666666666,0.5,0.6666666666666666,0.0,0.0,0.5,0.0,0.0,0.2033333333333333,0.0,0.1666666666666666,0.1666666666666666,0.3333333333333333,0.125,0.1341666666666666
adher_intcare_en,blod,0.1666666666666666,0.5,0.6666666666666666,0.0,0.0,0.5,0.0,0.0,0.2033333333333333,0.0,0.1666666666666666,0.1666666666666666,0.3333333333333333,0.125,0.1341666666666666
ontopneumo,blod,0.1666666666666666,0.5,0.6666666666666666,0.0,0.0,0.5,0.0,0.0,0.2033333333333333,0.0,0.1666666666666666,0.1666666666666666,0.3333333333333333,0.125,0.1341666666666666
sco_v1,blod,0.1666666666666666,0.5,0.6666666666666666,0.0,0.0,0.5,0.0,0.0,0.2033333333333333,0.0,0.1666666666666666,0.1666666666666666,0.3333333333333333,0.125,0.1341666666666666
ontoparon,blod,0.1666666666666666,0.5,0.6666666666666666,0.0,0.0,0.5,0.0,0.0,0.2033333333333333,0.0,0.1666666666666666,0.1666666666666666,0.3333333333333333,0.125,0.1341666666666666
fldlb3,blod,0.1666666666666666,0.5,0.6666666666666666,0.0,0.0,0.5,0.0,0.0,0.2033333333333333,0.0,0.1666666666666666,0.1666666666666666,0.3333333333333333,0.125,0.1341666666666666
tron,blod,0.1666666666666666,0.5,0.6666666666666666,0.0,0.0,0.5,0.0,0.0,0.2033333333333333,0.0,0.1666666666666666,0.1666666666666666,0.3333333333333333,0.125,0.1341666666666666
kusiima,blod,0.1666666666666666,0.5,0.6666666666666666,0.0,0.0,0.5,0.0,0.0,0.2033333333333333,0.0,0.1666666666666666,0.1666666666666666,0.3333333333333333,0.125,0.1341666666666666
jerm,blod,0.1666666666666666,0.5,0.6666666666666666,0.0,0.0,0.5,0.0,0.0,0.2033333333333333,0.0,0.1666666666666666,0.1666666666666666,0.3333333333333333,0.125,0.1341666666666666
nln,blod,0.1666666666666666,0.5,0.6666666666666666,0.0,0.0,0.5,0.0,0.0,0.2033333333333333,0.0,0.1666666666666666,0.1666666666666666,0.3333333333333333,0.125,0.1341666666666666
chear,blod,0.1666666666666666,0.5,0.6666666666666666,0.0,0.0,0.5,0.0,0.0,0.2033333333333333,0.0,0.1666666666666666,0.1666666666666666,0.3333333333333333,0.125,0.1341666666666666
bao-gpcr,blod,0.1666666666666666,0.5,0.6666666666666666,0.0,0.0,0.5,0.0,0.0,0.2033333333333333,0.0,0.1666666666666666,0.1666666666666666,0.3333333333333333,0.125,0.1341666666666666
cptac,blod,0.1666666666666666,0.5,0.6666666666666666,0.0,0.0,0.5,0.0,0.0,0.2033333333333333,0.0,0.1666666666666666,0.1666666666666666,0.3333333333333333,0.125,0.1341666666666666
paco,blod,0.1666666666666666,0.5,0.6666666666666666,0.0,0.0,0.5,0.0,0.0,0.2033333333333333,0.0,0.1666666666666666,0.1666666666666666,0.3333333333333333,0.125,0.1341666666666666
heio,blod,0.1666666666666666,0.5,0.6666666666666666,0.0,0.0,0.5,0.0,0.0,0.2033333333333333,0.0,0.1666666666666666,0.1666666666666666,0.3333333333333333,0.125,0.1341666666666666
abd,blod,0.1666666666666666,0.5,0.6666666666666666,0.0,0.0,0.5,0.0,0.0,0.2033333333333333,0.0,0.1666666666666666,0.1666666666666666,0.3333333333333333,0.125,0.1341666666666666
nccnehr,blod,0.1666666666666666,0.5,0.6666666666666666,0.0,0.0,0.5,0.0,0.0,0.2033333333333333,0.0,0.1666666666666666,0.1666666666666666,0.3333333333333333,0.125,0.1341666666666666
mstde,blod,0.1666666666666666,0.5,0.6666666666666666,0.0,0.0,0.5,0.0,0.0,0.2033333333333333,0.0,0.1666666666666666,0.1666666666666666,0.3333333333333333,0.125,0.1341666666666666
m4m-20-subjects,blod,0.1666666666666666,0.5,0.6666666666666666,0.0,0.0,0.5,0.0,0.0,0.2033333333333333,0.0,0.1666666666666666,0.1666666666666666,0.3333333333333333,0.125,0.1341666666666666
lungmap_h_cell,blod,0.1666666666666666,0.5,0.6666666666666666,0.0,0.0,0.5,0.0,0.0,0.2033333333333333,0.0,0.1666666666666666,0.1666666666666666,0.3333333333333333,0.125,0.1341666666666666
pdon,blod,0.1666666666666666,0.5,0.6666666666666666,0.0,0.0,0.5,0.0,0.0,0.2033333333333333,0.0,0.1666666666666666,0.1666666666666666,0.3333333333333333,0.125,0.1341666666666666
iso639-1,blod,0.1666666666666666,0.5,0.6666666666666666,0.0,0.0,0.5,0.0,0.0,0.2033333333333333,0.0,0.1666666666666666,0.1666666666666666,0.3333333333333333,0.125,0.1341666666666666
iso639-2,blod,0.1666666666666666,0.5,0.6666666666666666,0.0,0.0,0.5,0.0,0.0,0.2033333333333333,0.0,0.1666666666666666,0.1666666666666666,0.3333333333333333,0.125,0.1341666666666666
tco,blod,0.1666666666666666,0.5,0.6666666666666666,0.0,0.0,0.5,0.0,0.0,0.2033333333333333,0.0,0.1666666666666666,0.1666666666666666,0.3333333333333333,0.125,0.1341666666666666
tst7,blod,0.1666666666666666,0.5,0.6666666666666666,0.0,0.0,0.5,0.0,0.0,0.2033333333333333,0.0,0.1666666666666666,0.1666666666666666,0.3333333333333333,0.125,0.1341666666666666
lungmap_m_cell,blod,0.1666666666666666,0.5,0.6666666666666666,0.0,0.0,0.5,0.0,0.0,0.2033333333333333,0.0,0.1666666666666666,0.1666666666666666,0.3333333333333333,0.125,0.1341666666666666
idqa,blod,0.1666666666666666,0.5,0.6666666666666666,0.0,0.0,0.5,0.0,0.0,0.2033333333333333,0.0,0.1666666666666666,0.1666666666666666,0.3333333333333333,0.125,0.1341666666666666
eld,blod,0.1666666666666666,0.5,0.6666666666666666,0.0,0.0,0.5,0.0,0.0,0.2033333333333333,0.0,0.1666666666666666,0.1666666666666666,0.3333333333333333,0.125,0.1341666666666666
iceci,blod,0.1666666666666666,0.5,0.6666666666666666,0.0,0.0,0.5,0.0,0.0,0.2033333333333333,0.0,0.1666666666666666,0.1666666666666666,0.3333333333333333,0.125,0.1341666666666666
iso19115con,blod,0.1666666666666666,0.5,0.6666666666666666,0.0,0.0,0.5,0.0,0.0,0.2033333333333333,0.0,0.1666666666666666,0.1666666666666666,0.3333333333333333,0.125,0.1341666666666666
id-amr,blod,0.1666666666666666,0.5,0.6666666666666666,0.0,0.0,0.5,0.0,0.0,0.2033333333333333,0.0,0.1666666666666666,0.1666666666666666,0.3333333333333333,0.125,0.1341666666666666
patmhc,blod,0.1666666666666666,0.5,0.6666666666666666,0.0,0.0,0.5,0.0,0.0,0.2033333333333333,0.0,0.1666666666666666,0.1666666666666666,0.3333333333333333,0.125,0.1341666666666666
neurobrg,blod,0.1666666666666666,0.5,0.6666666666666666,0.0,0.0,0.5,0.0,0.0,0.2033333333333333,0.0,0.1666666666666666,0.1666666666666666,0.3333333333333333,0.125,0.1341666666666666
ontotoxnuc,blod,0.1666666666666666,0.5,0.6666666666666666,0.0,0.0,0.5,0.0,0.0,0.2033333333333333,0.0,0.1666666666666666,0.1666666666666666,0.3333333333333333,0.125,0.1341666666666666
regn_bro,blod,0.1666666666666666,0.5,0.6666666666666666,0.0,0.0,0.5,0.0,0.0,0.2033333333333333,0.0,0.1666666666666666,0.1666666666666666,0.3333333333333333,0.125,0.1341666666666666
bridg,blod,0.1666666666666666,0.5,0.6666666666666666,0.0,0.0,0.5,0.0,0.0,0.2033333333333333,0.0,0.1666666666666666,0.1666666666666666,0.3333333333333333,0.125,0.1341666666666666
m4m19-vars,blod,0.1666666666666666,0.5,0.6666666666666666,0.0,0.0,0.5,0.0,0.0,0.2033333333333333,0.0,0.1666666666666666,0.1666666666666666,0.3333333333333333,0.125,0.1341666666666666
fns-h,blod,0.1666666666666666,0.5,0.6666666666666666,0.0,0.0,0.5,0.0,0.0,0.2033333333333333,0.0,0.1666666666666666,0.1666666666666666,0.3333333333333333,0.125,0.1341666666666666
ncco,blod,0.1666666666666666,0.5,0.6666666666666666,0.0,0.0,0.5,0.0,0.0,0.2033333333333333,0.0,0.1666666666666666,0.1666666666666666,0.3333333333333333,0.125,0.1341666666666666
ad-drop,blod,0.1666666666666666,0.5,0.6666666666666666,0.0,0.0,0.5,0.0,0.0,0.2033333333333333,0.0,0.1666666666666666,0.1666666666666666,0.3333333333333333,0.125,0.1341666666666666
mchvodanaterms,blod,0.1666666666666666,0.5,0.6666666666666666,0.0,0.0,0.5,0.0,0.0,0.2033333333333333,0.0,0.1666666666666666,0.1666666666666666,0.3333333333333333,0.125,0.1341666666666666
edda_pt,blod,0.1666666666666666,0.5,0.6666666666666666,0.0,0.0,0.5,0.0,0.0,0.2033333333333333,0.0,0.1666666666666666,0.1666666666666666,0.3333333333333333,0.125,0.1341666666666666
mdm,blod,0.1666666666666666,0.5,0.6666666666666666,0.0,0.0,0.5,0.0,0.0,0.2033333333333333,0.0,0.1666666666666666,0.1666666666666666,0.3333333333333333,0.125,0.1341666666666666
svu_mws_wsm,blod,0.1666666666666666,0.5,0.6666666666666666,0.0,0.0,0.5,0.0,0.0,0.2033333333333333,0.0,0.1666666666666666,0.1666666666666666,0.3333333333333333,0.125,0.1341666666666666
adalab-meta,blod,0.1666666666666666,0.5,0.6666666666666666,0.0,0.0,0.5,0.0,0.0,0.2033333333333333,0.0,0.1666666666666666,0.1666666666666666,0.3333333333333333,0.125,0.1341666666666666
exact,blod,0.1666666666666666,0.5,0.6666666666666666,0.0,0.0,0.5,0.0,0.0,0.2033333333333333,0.0,0.1666666666666666,0.1666666666666666,0.3333333333333333,0.125,0.1341666666666666
rvo,blod,0.1666666666666666,0.5,0.6666666666666666,0.0,0.0,0.5,0.0,0.0,0.2033333333333333,0.0,0.1666666666666666,0.1666666666666666,0.3333333333333333,0.125,0.1341666666666666
library,blod,0.1666666666666666,0.5,0.6666666666666666,0.0,0.0,0.5,0.0,0.0,0.2033333333333333,0.0,0.1666666666666666,0.1666666666666666,0.3333333333333333,0.125,0.1341666666666666
lc-carriers,blod,0.1666666666666666,0.5,0.6666666666666666,0.0,0.0,0.5,0.0,0.0,0.2033333333333333,0.0,0.1666666666666666,0.1666666666666666,0.3333333333333333,0.125,0.1341666666666666
iso19115cc,blod,0.1666666666666666,0.5,0.6666666666666666,0.0,0.0,0.5,0.0,0.0,0.2033333333333333,0.0,0.1666666666666666,0.1666666666666666,0.3333333333333333,0.125,0.1341666666666666
iso19115ci,blod,0.1666666666666666,0.5,0.6666666666666666,0.0,0.0,0.5,0.0,0.0,0.2033333333333333,0.0,0.1666666666666666,0.1666666666666666,0.3333333333333333,0.125,0.1341666666666666
stmso,blod,0.1666666666666666,0.5,0.6666666666666666,0.0,0.0,0.5,0.0,0.0,0.2033333333333333,0.0,0.1666666666666666,0.1666666666666666,0.3333333333333333,0.125,0.1341666666666666
ddiem,blod,0.1666666666666666,0.5,0.6666666666666666,0.0,0.0,0.5,0.0,0.0,0.2033333333333333,0.0,0.1666666666666666,0.1666666666666666,0.3333333333333333,0.125,0.1341666666666666
adar,blod,0.1666666666666666,0.5,0.6666666666666666,0.0,0.0,0.5,0.0,0.0,0.2033333333333333,0.0,0.1666666666666666,0.1666666666666666,0.3333333333333333,0.125,0.1341666666666666
lion,blod,0.1666666666666666,0.5,0.6666666666666666,0.0,0.0,0.5,0.0,0.0,0.2033333333333333,0.0,0.1666666666666666,0.1666666666666666,0.3333333333333333,0.125,0.1341666666666666
covid19,blod,0.1666666666666666,0.5,0.6666666666666666,0.0,0.0,0.5,0.0,0.0,0.2033333333333333,0.0,0.1666666666666666,0.1666666666666666,0.3333333333333333,0.125,0.1341666666666666
phylont,blod,0.1666666666666666,0.5,0.6666666666666666,0.0,0.0,0.5,0.0,0.0,0.2033333333333333,0.0,0.1666666666666666,0.1666666666666666,0.3333333333333333,0.125,0.1341666666666666
fast-event-skos,blod,0.1666666666666666,0.375,0.0,0.0,0.0,0.5,0.0,0.0,0.2033333333333333,0.0,0.1666666666666666,0.1666666666666666,0.1354166666666666,0.125,0.1341666666666666
iso19108to,blod,0.1666666666666666,0.5,0.6666666666666666,0.0,0.0,0.5,0.0,0.0,0.2033333333333333,0.0,0.1666666666666666,0.1666666666666666,0.3333333333333333,0.125,0.1341666666666666
longcovid,blod,0.1666666666666666,0.5,0.6666666666666666,0.0,0.0,0.5,0.0,0.0,0.2033333333333333,0.0,0.1666666666666666,0.1666666666666666,0.3333333333333333,0.125,0.1341666666666666
ahol,blod,0.1666666666666666,0.5,0.6666666666666666,0.0,0.0,0.5,0.0,0.0,0.2033333333333333,0.0,0.1666666666666666,0.1666666666666666,0.3333333333333333,0.125,0.1341666666666666
cyto,blod,0.1666666666666666,0.5,0.6666666666666666,0.0,0.0,0.5,0.0,0.0,0.2033333333333333,0.0,0.1666666666666666,0.1666666666666666,0.3333333333333333,0.125,0.1341666666666666
aio,blod,0.1666666666666666,0.5,0.6666666666666666,0.0,0.0,0.5,0.0,0.0,0.2033333333333333,0.0,0.1666666666666666,0.1666666666666666,0.3333333333333333,0.125,0.1341666666666666
radmo,blod,0.1666666666666666,0.5,0.6666666666666666,0.0,0.0,0.5,0.0,0.0,0.2033333333333333,0.0,0.1666666666666666,0.1666666666666666,0.3333333333333333,0.125,0.1341666666666666
vdot,blod,0.1666666666666666,0.5,0.6666666666666666,0.0,0.0,0.5,0.0,0.0,0.2033333333333333,0.0,0.1666666666666666,0.1666666666666666,0.3333333333333333,0.125,0.1341666666666666
hp_o,blod,0.1666666666666666,0.5,0.6666666666666666,0.0,0.0,0.5,0.0,0.0,0.2033333333333333,0.0,0.1666666666666666,0.1666666666666666,0.3333333333333333,0.125,0.1341666666666666
pesont,blod,0.1666666666666666,0.5,0.6666666666666666,0.0,0.0,0.5,0.0,0.0,0.2033333333333333,0.0,0.1666666666666666,0.1666666666666666,0.3333333333333333,0.125,0.1341666666666666
phenomeblast,blod,0.1666666666666666,0.5,0.6666666666666666,0.0,0.0,0.5,0.0,0.0,0.2033333333333333,0.0,0.1666666666666666,0.1666666666666666,0.3333333333333333,0.125,0.1341666666666666
three-st,blod,0.1666666666666666,0.5,0.6666666666666666,0.0,0.0,0.5,0.0,0.0,0.2033333333333333,0.0,0.1666666666666666,0.1666666666666666,0.3333333333333333,0.125,0.1341666666666666
hspo,blod,0.1666666666666666,0.5,0.6666666666666666,0.0,0.0,0.5,0.0,0.0,0.2033333333333333,0.0,0.1666666666666666,0.1666666666666666,0.3333333333333333,0.125,0.1341666666666666
doccc,blod,0.1666666666666666,0.5,0.6666666666666666,0.0,0.0,0.5,0.0,0.0,0.2033333333333333,0.0,0.1666666666666666,0.1666666666666666,0.3333333333333333,0.125,0.1341666666666666
vodana-general,blod,0.1666666666666666,0.5,0.6666666666666666,0.0,0.0,0.5,0.0,0.0,0.2033333333333333,0.0,0.1666666666666666,0.1666666666666666,0.3333333333333333,0.125,0.1341666666666666
opdront,blod,0.1666666666666666,0.5,0.6666666666666666,0.0,0.0,0.5,0.0,0.0,0.2033333333333333,0.0,0.1666666666666666,0.1666666666666666,0.3333333333333333,0.125,0.1341666666666666
medicalinfo,blod,0.1666666666666666,0.5,0.6666666666666666,0.0,0.0,0.5,0.0,0.0,0.2033333333333333,0.0,0.1666666666666666,0.1666666666666666,0.3333333333333333,0.125,0.1341666666666666
hecon,blod,0.1666666666666666,0.5,0.6666666666666666,0.0,0.0,0.5,0.0,0.0,0.2033333333333333,0.0,0.1666666666666666,0.1666666666666666,0.3333333333333333,0.125,0.1341666666666666
bto-bfo,blod,0.1666666666666666,0.5,0.6666666666666666,0.0,0.0,0.5,0.0,0.0,0.2033333333333333,0.0,0.1666666666666666,0.1666666666666666,0.3333333333333333,0.125,0.1341666666666666
vodanethiopia_or,blod,0.1666666666666666,0.5,0.6666666666666666,0.0,0.0,0.5,0.0,0.0,0.2033333333333333,0.0,0.1666666666666666,0.1666666666666666,0.3333333333333333,0.125,0.1341666666666666
kgcl,blod,0.1666666666666666,0.5,0.6666666666666666,0.0,0.0,0.5,0.0,0.0,0.2033333333333333,0.0,0.1666666666666666,0.1666666666666666,0.3333333333333333,0.125,0.1341666666666666
bifo,blod,0.1666666666666666,0.5,0.6666666666666666,0.0,0.0,0.5,0.0,0.0,0.2033333333333333,0.0,0.1666666666666666,0.1666666666666666,0.3333333333333333,0.125,0.1341666666666666
oto,blod,0.1666666666666666,0.5,0.6666666666666666,0.0,0.0,0.5,0.0,0.0,0.2033333333333333,0.0,0.1666666666666666,0.1666666666666666,0.3333333333333333,0.125,0.1341666666666666
ird,blod,0.1666666666666666,0.5,0.6666666666666666,0.0,0.0,0.5,0.0,0.0,0.2033333333333333,0.0,0.1666666666666666,0.1666666666666666,0.3333333333333333,0.125,0.1341666666666666
irdg,blod,0.1666666666666666,0.5,0.6666666666666666,0.0,0.0,0.5,0.0,0.0,0.2033333333333333,0.0,0.1666666666666666,0.1666666666666666,0.3333333333333333,0.125,0.1341666666666666
sst,blod,0.1666666666666666,0.5,0.6666666666666666,0.0,0.0,0.5,0.0,0.0,0.2033333333333333,0.0,0.1666666666666666,0.1666666666666666,0.3333333333333333,0.125,0.1341666666666666
snmi,blod,0.1666666666666666,0.5,0.6666666666666666,0.0,0.0,0.5,0.0,0.0,0.2033333333333333,0.0,0.1666666666666666,0.1666666666666666,0.3333333333333333,0.125,0.1341666666666666
esso,blod,0.1666666666666666,0.5,0.6666666666666666,0.0,0.0,0.5,0.0,0.0,0.2033333333333333,0.0,0.1666666666666666,0.1666666666666666,0.3333333333333333,0.125,0.1341666666666666
ecdo,blod,0.1666666666666666,0.5,0.6666666666666666,0.0,0.0,0.5,0.0,0.0,0.2033333333333333,0.0,0.1666666666666666,0.1666666666666666,0.3333333333333333,0.125,0.1341666666666666
brso,blod,0.1666666666666666,0.5,0.6666666666666666,0.0,0.0,0.5,0.0,0.0,0.2033333333333333,0.0,0.1666666666666666,0.1666666666666666,0.3333333333333333,0.125,0.1341666666666666
haauraado,blod,0.1666666666666666,0.5,0.6666666666666666,0.0,0.0,0.5,0.0,0.0,0.2033333333333333,0.0,0.1666666666666666,0.1666666666666666,0.3333333333333333,0.125,0.1341666666666666
onl-tasks,blod,0.1666666666666666,0.5,0.6666666666666666,0.0,0.0,0.5,0.0,0.0,0.2033333333333333,0.0,0.1666666666666666,0.1666666666666666,0.3333333333333333,0.125,0.1341666666666666
mera,blod,0.1666666666666666,0.5,0.6666666666666666,0.0,0.0,0.5,0.0,0.0,0.2033333333333333,0.0,0.1666666666666666,0.1666666666666666,0.3333333333333333,0.125,0.1341666666666666
inbancido,blod,0.1666666666666666,0.5,0.6666666666666666,0.0,0.0,0.5,0.0,0.0,0.2033333333333333,0.0,0.1666666666666666,0.1666666666666666,0.3333333333333333,0.125,0.1341666666666666
etanc,blod,0.1666666666666666,0.5,0.6666666666666666,0.0,0.0,0.5,0.0,0.0,0.2033333333333333,0.0,0.1666666666666666,0.1666666666666666,0.3333333333333333,0.125,0.1341666666666666
bno,blod,0.1666666666666666,0.5,0.6666666666666666,0.0,0.0,0.5,0.0,0.0,0.2033333333333333,0.0,0.1666666666666666,0.1666666666666666,0.3333333333333333,0.125,0.1341666666666666
cwd,blod,0.1666666666666666,0.5,0.6666666666666666,0.0,0.0,0.5,0.0,0.0,0.2033333333333333,0.0,0.1666666666666666,0.1666666666666666,0.3333333333333333,0.125,0.1341666666666666
doremus-keys,blod,0.1666666666666666,0.5,0.6666666666666666,0.0,0.0,0.5,0.0,0.0,0.2033333333333333,0.0,0.1666666666666666,0.1666666666666666,0.3333333333333333,0.125,0.1341666666666666
pathlex,blod,0.1666666666666666,0.5,0.6666666666666666,0.0,0.0,0.5,0.0,0.0,0.2033333333333333,0.0,0.1666666666666666,0.1666666666666666,0.3333333333333333,0.125,0.1341666666666666
bcon,blod,0.1666666666666666,0.5,0.6666666666666666,0.0,0.0,0.5,0.0,0.0,0.2033333333333333,0.0,0.1666666666666666,0.1666666666666666,0.3333333333333333,0.125,0.1341666666666666
bt-ontology,blod,0.1666666666666666,0.5,0.6666666666666666,0.0,0.0,0.5,0.0,0.0,0.2033333333333333,0.0,0.1666666666666666,0.1666666666666666,0.3333333333333333,0.125,0.1341666666666666
iso-annotations,blod,0.1666666666666666,0.5,0.6666666666666666,0.0,0.0,0.5,0.0,0.0,0.2033333333333333,0.0,0.1666666666666666,0.1666666666666666,0.3333333333333333,0.125,0.1341666666666666
fdt-o,blod,0.1666666666666666,0.5,0.6666666666666666,0.0,0.0,0.5,0.0,0.0,0.2033333333333333,0.0,0.1666666666666666,0.1666666666666666,0.3333333333333333,0.125,0.1341666666666666
hero,blod,0.1666666666666666,0.5,0.6666666666666666,0.0,0.0,0.5,0.0,0.0,0.2033333333333333,0.0,0.1666666666666666,0.1666666666666666,0.3333333333333333,0.125,0.1341666666666666
home,blod,0.1666666666666666,0.5,0.6666666666666666,0.0,0.0,0.5,0.0,0.0,0.2033333333333333,0.0,0.1666666666666666,0.1666666666666666,0.3333333333333333,0.125,0.1341666666666666
ciinteado,blod,0.1666666666666666,0.5,0.6666666666666666,0.0,0.0,0.5,0.0,0.0,0.2033333333333333,0.0,0.1666666666666666,0.1666666666666666,0.3333333333333333,0.125,0.1341666666666666
procchemical,blod,0.1666666666666666,0.5,0.6666666666666666,0.0,0.0,0.5,0.0,0.0,0.2033333333333333,0.0,0.1666666666666666,0.1666666666666666,0.3333333333333333,0.125,0.1341666666666666
iso-15926-2_2003,blod,0.1666666666666666,0.5,0.6666666666666666,0.0,0.0,0.5,0.0,0.0,0.2033333333333333,0.0,0.1666666666666666,0.1666666666666666,0.3333333333333333,0.125,0.1341666666666666
bcmo,blod,0.1666666666666666,0.5,0.6666666666666666,0.0,0.0,0.5,0.0,0.0,0.2033333333333333,0.0,0.1666666666666666,0.1666666666666666,0.3333333333333333,0.125,0.1341666666666666
ccon,blod,0.1666666666666666,0.5,0.6666666666666666,0.0,0.0,0.5,0.0,0.0,0.2033333333333333,0.0,0.1666666666666666,0.1666666666666666,0.3333333333333333,0.125,0.1341666666666666
lda,blod,0.1666666666666666,0.5,0.6666666666666666,0.0,0.0,0.5,0.0,0.0,0.2033333333333333,0.0,0.1666666666666666,0.1666666666666666,0.3333333333333333,0.125,0.1341666666666666
sk,blod,0.1666666666666666,0.5,0.6666666666666666,0.0,0.0,0.5,0.0,0.0,0.2033333333333333,0.0,0.1666666666666666,0.1666666666666666,0.3333333333333333,0.125,0.1341666666666666
metpo,blod,0.1666666666666666,0.5,0.6666666666666666,0.0,0.0,0.5,0.0,0.0,0.2033333333333333,0.0,0.1666666666666666,0.1666666666666666,0.3333333333333333,0.125,0.1341666666666666
incentive-vars,blod,0.1666666666666666,0.5,0.6666666666666666,0.0,0.0,0.5,0.0,0.0,0.2033333333333333,0.0,0.1666666666666666,0.1666666666666666,0.3333333333333333,0.125,0.1341666666666666
wsio,blod,0.1666666666666666,0.5,0.6666666666666666,0.0,0.0,0.5,0.0,0.0,0.2033333333333333,0.0,0.1666666666666666,0.1666666666666666,0.3333333333333333,0.125,0.1341666666666666
soil-prof,blod,0.1666666666666666,0.5,0.6666666666666666,0.0,0.0,0.5,0.0,0.0,0.2033333333333333,0.0,0.1666666666666666,0.1666666666666666,0.3333333333333333,0.125,0.1341666666666666
gfo-bio,blod,0.1666666666666666,0.5,0.6666666666666666,0.0,0.0,0.5,0.0,0.0,0.2033333333333333,0.0,0.1666666666666666,0.1666666666666666,0.3333333333333333,0.125,0.1341666666666666
carre,blod,0.1666666666666666,0.5,0.6666666666666666,0.0,0.0,0.5,0.0,0.0,0.2033333333333333,0.0,0.1666666666666666,0.1666666666666666,0.3333333333333333,0.125,0.1341666666666666
landform,blod,0.1666666666666666,0.5,0.6666666666666666,0.0,0.0,0.5,0.0,0.0,0.2033333333333333,0.0,0.1666666666666666,0.1666666666666666,0.3333333333333333,0.125,0.1341666666666666
opdzimbabwe,blod,0.1666666666666666,0.5,0.6666666666666666,0.0,0.0,0.5,0.0,0.0,0.2033333333333333,0.0,0.1666666666666666,0.1666666666666666,0.3333333333333333,0.125,0.1341666666666666
ontovip,blod,0.1666666666666666,0.5,0.6666666666666666,0.0,0.0,0.5,0.0,0.0,0.2033333333333333,0.0,0.1666666666666666,0.1666666666666666,0.3333333333333333,0.125,0.1341666666666666
lungmap-human,blod,0.1666666666666666,0.5,0.6666666666666666,0.0,0.0,0.5,0.0,0.0,0.2033333333333333,0.0,0.1666666666666666,0.1666666666666666,0.3333333333333333,0.125,0.1341666666666666
payor,blod,0.1666666666666666,0.5,0.6666666666666666,0.0,0.0,0.5,0.0,0.0,0.2033333333333333,0.0,0.1666666666666666,0.1666666666666666,0.3333333333333333,0.125,0.1341666666666666
dsipf7,blod,0.1666666666666666,0.5,0.6666666666666666,0.0,0.0,0.5,0.0,0.0,0.2033333333333333,0.0,0.1666666666666666,0.1666666666666666,0.3333333333333333,0.125,0.1341666666666666
onlira,blod,0.1666666666666666,0.5,0.6666666666666666,0.0,0.0,0.5,0.0,0.0,0.2033333333333333,0.0,0.1666666666666666,0.1666666666666666,0.3333333333333333,0.125,0.1341666666666666
bko,blod,0.1666666666666666,0.5,0.6666666666666666,0.0,0.0,0.5,0.0,0.0,0.2033333333333333,0.0,0.1666666666666666,0.1666666666666666,0.3333333333333333,0.125,0.1341666666666666
medo,blod,0.1666666666666666,0.5,0.6666666666666666,0.0,0.0,0.5,0.0,0.0,0.2033333333333333,0.0,0.1666666666666666,0.1666666666666666,0.3333333333333333,0.125,0.1341666666666666
sdoed,blod,0.1666666666666666,0.375,0.0,0.0,0.0,0.5,0.0,0.0,0.2033333333333333,0.0,0.1666666666666666,0.1666666666666666,0.1354166666666666,0.125,0.1341666666666666
episem,blod,0.1666666666666666,0.5,0.6666666666666666,0.0,0.0,0.5,0.0,0.0,0.2033333333333333,0.0,0.1666666666666666,0.1666666666666666,0.3333333333333333,0.125,0.1341666666666666
sedi,blod,0.1666666666666666,0.5,0.6666666666666666,0.0,0.0,0.5,0.0,0.0,0.2033333333333333,0.0,0.1666666666666666,0.1666666666666666,0.3333333333333333,0.125,0.1341666666666666
gmo,blod,0.1666666666666666,0.5,0.6666666666666666,0.0,0.0,0.5,0.0,0.0,0.2033333333333333,0.0,0.1666666666666666,0.1666666666666666,0.3333333333333333,0.125,0.1341666666666666
zonmw-admin-md,blod,0.1666666666666666,0.5,0.6666666666666666,0.0,0.0,0.5,0.0,0.0,0.2033333333333333,0.0,0.1666666666666666,0.1666666666666666,0.3333333333333333,0.125,0.1341666666666666
moc,blod,0.1666666666666666,0.5,0.6666666666666666,0.0,0.0,0.5,0.0,0.0,0.2033333333333333,0.0,0.1666666666666666,0.1666666666666666,0.3333333333333333,0.125,0.1341666666666666
nemo,blod,0.1666666666666666,0.5,0.6666666666666666,0.0,0.0,0.5,0.0,0.0,0.2033333333333333,0.0,0.1666666666666666,0.1666666666666666,0.3333333333333333,0.125,0.1341666666666666
m4m-20-variables,blod,0.1666666666666666,0.5,0.6666666666666666,0.0,0.0,0.5,0.0,0.0,0.2033333333333333,0.0,0.1666666666666666,0.1666666666666666,0.3333333333333333,0.125,0.1341666666666666
repos,blod,0.1666666666666666,0.5,0.6666666666666666,0.0,0.0,0.5,0.0,0.0,0.2033333333333333,0.0,0.1666666666666666,0.1666666666666666,0.3333333333333333,0.125,0.1341666666666666
hravs,blod,0.1666666666666666,0.5,0.6666666666666666,0.0,0.0,0.5,0.0,0.0,0.2033333333333333,0.0,0.1666666666666666,0.1666666666666666,0.3333333333333333,0.125,0.1341666666666666
case-base-onto,blod,0.1666666666666666,0.5,0.6666666666666666,0.0,0.0,0.5,0.0,0.0,0.2033333333333333,0.0,0.1666666666666666,0.1666666666666666,0.3333333333333333,0.125,0.1341666666666666
onl-msa,blod,0.1666666666666666,0.5,0.6666666666666666,0.0,0.0,0.5,0.0,0.0,0.2033333333333333,0.0,0.1666666666666666,0.1666666666666666,0.3333333333333333,0.125,0.1341666666666666
xref-funder-reg,blod,0.1666666666666666,0.5,0.6666666666666666,0.0,0.0,0.5,0.0,0.0,0.2033333333333333,0.0,0.1666666666666666,0.1666666666666666,0.3333333333333333,0.125,0.1341666666666666
dikb,blod,0.1666666666666666,0.5,0.6666666666666666,0.0,0.0,0.5,0.0,0.0,0.2033333333333333,0.0,0.1666666666666666,0.1666666666666666,0.3333333333333333,0.125,0.1341666666666666
ebp,blod,0.1666666666666666,0.5,0.6666666666666666,0.0,0.0,0.5,0.0,0.0,0.2033333333333333,0.0,0.1666666666666666,0.1666666666666666,0.3333333333333333,0.125,0.1341666666666666
sleep,blod,0.1666666666666666,0.5,0.6666666666666666,0.0,0.0,0.5,0.0,0.0,0.2033333333333333,0.0,0.1666666666666666,0.1666666666666666,0.3333333333333333,0.125,0.1341666666666666
henegeo,blod,0.1666666666666666,0.5,0.6666666666666666,0.0,0.0,0.5,0.0,0.0,0.2033333333333333,0.0,0.1666666666666666,0.1666666666666666,0.3333333333333333,0.125,0.1341666666666666
uhc-metadata,blod,0.1666666666666666,0.5,0.6666666666666666,0.0,0.0,0.5,0.0,0.0,0.2033333333333333,0.0,0.1666666666666666,0.1666666666666666,0.3333333333333333,0.125,0.1341666666666666
fenics,blod,0.1666666666666666,0.5,0.6666666666666666,0.0,0.0,0.5,0.0,0.0,0.2033333333333333,0.0,0.1666666666666666,0.1666666666666666,0.3333333333333333,0.125,0.1341666666666666
vodana-mi,blod,0.1666666666666666,0.5,0.6666666666666666,0.0,0.0,0.5,0.0,0.0,0.2033333333333333,0.0,0.1666666666666666,0.1666666666666666,0.3333333333333333,0.125,0.1341666666666666
dmdsont,blod,0.1666666666666666,0.5,0.6666666666666666,0.0,0.0,0.5,0.0,0.0,0.2033333333333333,0.0,0.1666666666666666,0.1666666666666666,0.3333333333333333,0.125,0.1341666666666666
chr,blod,0.1666666666666666,0.5,0.6666666666666666,0.0,0.0,0.5,0.0,0.0,0.2033333333333333,0.0,0.1666666666666666,0.1666666666666666,0.3333333333333333,0.125,0.1341666666666666
chro,blod,0.1666666666666666,0.5,0.6666666666666666,0.0,0.0,0.5,0.0,0.0,0.2033333333333333,0.0,0.1666666666666666,0.1666666666666666,0.3333333333333333,0.125,0.1341666666666666
como,blod,0.1666666666666666,0.5,0.6666666666666666,0.0,0.0,0.5,0.0,0.0,0.2033333333333333,0.0,0.1666666666666666,0.1666666666666666,0.3333333333333333,0.125,0.1341666666666666
mco4hke,blod,0.1666666666666666,0.5,0.6666666666666666,0.0,0.0,0.5,0.0,0.0,0.2033333333333333,0.0,0.1666666666666666,0.1666666666666666,0.3333333333333333,0.125,0.1341666666666666
copdo,blod,0.1666666666666666,0.5,0.6666666666666666,0.0,0.0,0.5,0.0,0.0,0.2033333333333333,0.0,0.1666666666666666,0.1666666666666666,0.3333333333333333,0.125,0.1341666666666666
hivo004,blod,0.1666666666666666,0.5,0.6666666666666666,0.0,0.0,0.5,0.0,0.0,0.2033333333333333,0.0,0.1666666666666666,0.1666666666666666,0.3333333333333333,0.125,0.1341666666666666
ccont,blod,0.1666666666666666,0.5,0.6666666666666666,0.0,0.0,0.5,0.0,0.0,0.2033333333333333,0.0,0.1666666666666666,0.1666666666666666,0.3333333333333333,0.125,0.1341666666666666
vodan_anc,blod,0.1666666666666666,0.5,0.6666666666666666,0.0,0.0,0.5,0.0,0.0,0.2033333333333333,0.0,0.1666666666666666,0.1666666666666666,0.3333333333333333,0.125,0.1341666666666666
g-prov,blod,0.1666666666666666,0.5,0.6666666666666666,0.0,0.0,0.5,0.0,0.0,0.2033333333333333,0.0,0.1666666666666666,0.1666666666666666,0.3333333333333333,0.125,0.1341666666666666
bto_ontology,blod,0.1666666666666666,0.5,0.6666666666666666,0.0,0.0,0.5,0.0,0.0,0.2033333333333333,0.0,0.1666666666666666,0.1666666666666666,0.3333333333333333,0.125,0.1341666666666666
mccl,blod,0.1666666666666666,0.5,0.6666666666666666,0.0,0.0,0.5,0.0,0.0,0.2033333333333333,0.0,0.1666666666666666,0.1666666666666666,0.3333333333333333,0.125,0.1341666666666666
mccv,blod,0.1666666666666666,0.5,0.6666666666666666,0.0,0.0,0.5,0.0,0.0,0.2033333333333333,0.0,0.1666666666666666,0.1666666666666666,0.3333333333333333,0.125,0.1341666666666666
bllm,blod,0.1666666666666666,0.5,0.6666666666666666,0.0,0.0,0.5,0.0,0.0,0.2033333333333333,0.0,0.1666666666666666,0.1666666666666666,0.3333333333333333,0.125,0.1341666666666666
drpsnpto,blod,0.1666666666666666,0.5,0.6666666666666666,0.0,0.0,0.5,0.0,0.0,0.2033333333333333,0.0,0.1666666666666666,0.1666666666666666,0.3333333333333333,0.125,0.1341666666666666
goldterms,blod,0.1666666666666666,0.5,0.6666666666666666,0.0,0.0,0.5,0.0,0.0,0.2033333333333333,0.0,0.1666666666666666,0.1666666666666666,0.3333333333333333,0.125,0.1341666666666666
piero,blod,0.1666666666666666,0.5,0.6666666666666666,0.0,0.0,0.5,0.0,0.0,0.2033333333333333,0.0,0.1666666666666666,0.1666666666666666,0.3333333333333333,0.125,0.1341666666666666
fcc1,blod,0.1666666666666666,0.5,0.6666666666666666,0.0,0.0,0.5,0.0,0.0,0.2033333333333333,0.0,0.1666666666666666,0.1666666666666666,0.3333333333333333,0.125,0.1341666666666666
fo,blod,0.1666666666666666,0.5,0.6666666666666666,0.0,0.0,0.5,0.0,0.0,0.2033333333333333,0.0,0.1666666666666666,0.1666666666666666,0.3333333333333333,0.125,0.1341666666666666
fg,blod,0.1666666666666666,0.5,0.6666666666666666,0.0,0.0,0.5,0.0,0.0,0.2033333333333333,0.0,0.1666666666666666,0.1666666666666666,0.3333333333333333,0.125,0.1341666666666666
cu-vo,blod,0.1666666666666666,0.5,0.6666666666666666,0.0,0.0,0.5,0.0,0.0,0.2033333333333333,0.0,0.1666666666666666,0.1666666666666666,0.3333333333333333,0.125,0.1341666666666666
sato,blod,0.1666666666666666,0.5,0.6666666666666666,0.0,0.0,0.5,0.0,0.0,0.2033333333333333,0.0,0.1666666666666666,0.1666666666666666,0.3333333333333333,0.125,0.1341666666666666
orex-sam,blod,0.1666666666666666,0.5,0.6666666666666666,0.0,0.0,0.5,0.0,0.0,0.2033333333333333,0.0,0.1666666666666666,0.1666666666666666,0.3333333333333333,0.125,0.1341666666666666
scio,blod,0.1666666666666666,0.5,0.6666666666666666,0.0,0.0,0.5,0.0,0.0,0.2033333333333333,0.0,0.1666666666666666,0.1666666666666666,0.3333333333333333,0.125,0.1341666666666666
admf,blod,0.1666666666666666,0.5,0.6666666666666666,0.0,0.0,0.5,0.0,0.0,0.2033333333333333,0.0,0.1666666666666666,0.1666666666666666,0.3333333333333333,0.125,0.1341666666666666
admo,blod,0.1666666666666666,0.5,0.6666666666666666,0.0,0.0,0.5,0.0,0.0,0.2033333333333333,0.0,0.1666666666666666,0.1666666666666666,0.3333333333333333,0.125,0.1341666666666666
rnrmu,blod,0.1666666666666666,0.5,0.6666666666666666,0.0,0.0,0.5,0.0,0.0,0.2033333333333333,0.0,0.1666666666666666,0.1666666666666666,0.3333333333333333,0.125,0.1341666666666666
edem-connectonto,blod,0.1666666666666666,0.5,0.6666666666666666,0.0,0.0,0.5,0.0,0.0,0.2033333333333333,0.0,0.1666666666666666,0.1666666666666666,0.3333333333333333,0.125,0.1341666666666666
cn,blod,0.1666666666666666,0.5,0.6666666666666666,0.0,0.0,0.5,0.0,0.0,0.2033333333333333,0.0,0.1666666666666666,0.1666666666666666,0.3333333333333333,0.125,0.1341666666666666
gff-m4m,blod,0.1666666666666666,0.5,0.6666666666666666,0.0,0.0,0.5,0.0,0.0,0.2033333333333333,0.0,0.1666666666666666,0.1666666666666666,0.3333333333333333,0.125,0.1341666666666666
pdo_cas,blod,0.1666666666666666,0.5,0.6666666666666666,0.0,0.0,0.5,0.0,0.0,0.2033333333333333,0.0,0.1666666666666666,0.1666666666666666,0.3333333333333333,0.125,0.1341666666666666
emo,blod,0.1666666666666666,0.5,0.6666666666666666,0.0,0.0,0.5,0.0,0.0,0.2033333333333333,0.0,0.1666666666666666,0.1666666666666666,0.3333333333333333,0.125,0.1341666666666666
qudt2-1,blod,0.1666666666666666,0.5,0.6666666666666666,0.0,0.0,0.5,0.0,0.0,0.2033333333333333,0.0,0.1666666666666666,0.1666666666666666,0.3333333333333333,0.125,0.1341666666666666
rpo,blod,0.1666666666666666,0.5,0.6666666666666666,0.0,0.0,0.5,0.0,0.0,0.2033333333333333,0.0,0.1666666666666666,0.1666666666666666,0.3333333333333333,0.125,0.1341666666666666
syrian-cinema,blod,0.1666666666666666,0.5,0.6666666666666666,0.0,0.0,0.5,0.0,0.0,0.2033333333333333,0.0,0.1666666666666666,0.1666666666666666,0.3333333333333333,0.125,0.1341666666666666
pts,blod,0.1666666666666666,0.5,0.6666666666666666,0.0,0.0,0.5,0.0,0.0,0.2033333333333333,0.0,0.1666666666666666,0.1666666666666666,0.3333333333333333,0.125,0.1341666666666666
exmo,blod,0.1666666666666666,0.5,0.6666666666666666,0.0,0.0,0.5,0.0,0.0,0.2033333333333333,0.0,0.1666666666666666,0.1666666666666666,0.3333333333333333,0.125,0.1341666666666666
lico,blod,0.1666666666666666,0.5,0.6666666666666666,0.0,0.0,0.5,0.0,0.0,0.2033333333333333,0.0,0.1666666666666666,0.1666666666666666,0.3333333333333333,0.125,0.1341666666666666
matr,blod,0.1666666666666666,0.5,0.6666666666666666,0.0,0.0,0.5,0.0,0.0,0.2033333333333333,0.0,0.1666666666666666,0.1666666666666666,0.3333333333333333,0.125,0.1341666666666666
mini-fast-1,blod,0.1666666666666666,0.5,0.6666666666666666,0.0,0.0,0.5,0.0,0.0,0.2033333333333333,0.0,0.1666666666666666,0.1666666666666666,0.3333333333333333,0.125,0.1341666666666666
neumore,blod,0.1666666666666666,0.5,0.6666666666666666,0.0,0.0,0.5,0.0,0.0,0.2033333333333333,0.0,0.1666666666666666,0.1666666666666666,0.3333333333333333,0.125,0.1341666666666666
panet,blod,0.1666666666666666,0.5,0.6666666666666666,0.0,0.0,0.5,0.0,0.0,0.2033333333333333,0.0,0.1666666666666666,0.1666666666666666,0.3333333333333333,0.125,0.1341666666666666
envs_variables,blod,0.1666666666666666,0.5,0.6666666666666666,0.0,0.0,0.5,0.0,0.0,0.2033333333333333,0.0,0.1666666666666666,0.1666666666666666,0.3333333333333333,0.125,0.1341666666666666
snomedct,blod,0.1666666666666666,0.5,0.6666666666666666,0.0,0.0,0.5,0.0,0.0,0.2033333333333333,0.0,0.1666666666666666,0.1666666666666666,0.3333333333333333,0.125,0.1341666666666666
fit_bit,blod,0.1666666666666666,0.5,0.6666666666666666,0.0,0.0,0.5,0.0,0.0,0.2033333333333333,0.0,0.1666666666666666,0.1666666666666666,0.3333333333333333,0.125,0.1341666666666666
icw,blod,0.1666666666666666,0.5,0.6666666666666666,0.0,0.0,0.5,0.0,0.0,0.2033333333333333,0.0,0.1666666666666666,0.1666666666666666,0.3333333333333333,0.125,0.1341666666666666
ogco,blod,0.1666666666666666,0.5,0.6666666666666666,0.0,0.0,0.5,0.0,0.0,0.2033333333333333,0.0,0.1666666666666666,0.1666666666666666,0.3333333333333333,0.125,0.1341666666666666
insname,blod,0.1666666666666666,0.5,0.6666666666666666,0.0,0.0,0.5,0.0,0.0,0.2033333333333333,0.0,0.1666666666666666,0.1666666666666666,0.3333333333333333,0.125,0.1341666666666666
ontoreplicov,blod,0.1666666666666666,0.5,0.6666666666666666,0.0,0.0,0.5,0.0,0.0,0.2033333333333333,0.0,0.1666666666666666,0.1666666666666666,0.3333333333333333,0.125,0.1341666666666666
nidm-results,blod,0.1666666666666666,0.5,0.6666666666666666,0.0,0.0,0.5,0.0,0.0,0.2033333333333333,0.0,0.1666666666666666,0.1666666666666666,0.3333333333333333,0.125,0.1341666666666666
hivcrs,blod,0.1666666666666666,0.5,0.6666666666666666,0.0,0.0,0.5,0.0,0.0,0.2033333333333333,0.0,0.1666666666666666,0.1666666666666666,0.3333333333333333,0.125,0.1341666666666666
dloro,blod,0.1666666666666666,0.5,0.6666666666666666,0.0,0.0,0.5,0.0,0.0,0.2033333333333333,0.0,0.1666666666666666,0.1666666666666666,0.3333333333333333,0.125,0.1341666666666666
gffo,blod,0.1666666666666666,0.5,0.6666666666666666,0.0,0.0,0.5,0.0,0.0,0.2033333333333333,0.0,0.1666666666666666,0.1666666666666666,0.3333333333333333,0.125,0.1341666666666666
nro,blod,0.1666666666666666,0.5,0.6666666666666666,0.0,0.0,0.5,0.0,0.0,0.2033333333333333,0.0,0.1666666666666666,0.1666666666666666,0.3333333333333333,0.125,0.1341666666666666
rh-mesh,blod,0.1666666666666666,0.5,0.6666666666666666,0.0,0.0,0.5,0.0,0.0,0.2033333333333333,0.0,0.1666666666666666,0.1666666666666666,0.3333333333333333,0.125,0.1341666666666666
intvmode,blod,0.1666666666666666,0.5,0.6666666666666666,0.0,0.0,0.5,0.0,0.0,0.2033333333333333,0.0,0.1666666666666666,0.1666666666666666,0.3333333333333333,0.125,0.1341666666666666
cohsi2study,blod,0.1666666666666666,0.5,0.6666666666666666,0.0,0.0,0.5,0.0,0.0,0.2033333333333333,0.0,0.1666666666666666,0.1666666666666666,0.3333333333333333,0.125,0.1341666666666666
fast-chrono,blod,0.1666666666666666,0.5,0.6666666666666666,0.0,0.0,0.5,0.0,0.0,0.2033333333333333,0.0,0.1666666666666666,0.1666666666666666,0.3333333333333333,0.125,0.1341666666666666
ibio,blod,0.1666666666666666,0.5,0.6666666666666666,0.0,0.0,0.5,0.0,0.0,0.2033333333333333,0.0,0.1666666666666666,0.1666666666666666,0.3333333333333333,0.125,0.1341666666666666
adher_intcare_sp,blod,0.1666666666666666,0.5,0.6666666666666666,0.0,0.0,0.5,0.0,0.0,0.2033333333333333,0.0,0.1666666666666666,0.1666666666666666,0.3333333333333333,0.125,0.1341666666666666
edda,blod,0.1666666666666666,0.5,0.6666666666666666,0.0,0.0,0.5,0.0,0.0,0.2033333333333333,0.0,0.1666666666666666,0.1666666666666666,0.3333333333333333,0.125,0.1341666666666666
patgv,blod,0.1666666666666666,0.5,0.6666666666666666,0.0,0.0,0.5,0.0,0.0,0.2033333333333333,0.0,0.1666666666666666,0.1666666666666666,0.3333333333333333,0.125,0.1341666666666666
eso_c,blod,0.1666666666666666,0.5,0.6666666666666666,0.0,0.0,0.5,0.0,0.0,0.2033333333333333,0.0,0.1666666666666666,0.1666666666666666,0.3333333333333333,0.125,0.1341666666666666
hns,blod,0.1666666666666666,0.5,0.6666666666666666,0.0,0.0,0.5,0.0,0.0,0.2033333333333333,0.0,0.1666666666666666,0.1666666666666666,0.3333333333333333,0.125,0.1341666666666666
mixs,blod,0.1666666666666666,0.5,0.6666666666666666,0.0,0.0,0.5,0.0,0.0,0.2033333333333333,0.0,0.1666666666666666,0.1666666666666666,0.3333333333333333,0.125,0.1341666666666666
mooccuado,blod,0.1666666666666666,0.5,0.6666666666666666,0.0,0.0,0.5,0.0,0.0,0.2033333333333333,0.0,0.1666666666666666,0.1666666666666666,0.3333333333333333,0.125,0.1341666666666666
fish-ast,blod,0.1666666666666666,0.5,0.6666666666666666,0.0,0.0,0.5,0.0,0.0,0.2033333333333333,0.0,0.1666666666666666,0.1666666666666666,0.3333333333333333,0.125,0.1341666666666666
mpo,blod,0.1666666666666666,0.5,0.6666666666666666,0.0,0.0,0.5,0.0,0.0,0.2033333333333333,0.0,0.1666666666666666,0.1666666666666666,0.3333333333333333,0.125,0.1341666666666666
cseo,blod,0.1666666666666666,0.5,0.6666666666666666,0.0,0.0,0.5,0.0,0.0,0.2033333333333333,0.0,0.1666666666666666,0.1666666666666666,0.3333333333333333,0.125,0.1341666666666666
bp-metadata,blod,0.1666666666666666,0.5,0.6666666666666666,0.0,0.0,0.5,0.0,0.0,0.2033333333333333,0.0,0.1666666666666666,0.1666666666666666,0.3333333333333333,0.125,0.1341666666666666
obs,blod,0.1666666666666666,0.5,0.6666666666666666,0.0,0.0,0.5,0.0,0.0,0.2033333333333333,0.0,0.1666666666666666,0.1666666666666666,0.3333333333333333,0.125,0.1341666666666666
ito,blod,0.1666666666666666,0.5,0.6666666666666666,0.0,0.0,0.5,0.0,0.0,0.2033333333333333,0.0,0.1666666666666666,0.1666666666666666,0.3333333333333333,0.125,0.1341666666666666
leo,blod,0.1666666666666666,0.5,0.6666666666666666,0.0,0.0,0.5,0.0,0.0,0.2033333333333333,0.0,0.1666666666666666,0.1666666666666666,0.3333333333333333,0.125,0.1341666666666666
adalab,blod,0.1666666666666666,0.5,0.6666666666666666,0.0,0.0,0.5,0.0,0.0,0.2033333333333333,0.0,0.1666666666666666,0.1666666666666666,0.3333333333333333,0.125,0.1341666666666666
mepo,blod,0.1666666666666666,0.5,0.6666666666666666,0.0,0.0,0.5,0.0,0.0,0.2033333333333333,0.0,0.1666666666666666,0.1666666666666666,0.3333333333333333,0.125,0.1341666666666666
arcrc,blod,0.1666666666666666,0.5,0.6666666666666666,0.0,0.0,0.5,0.0,0.0,0.2033333333333333,0.0,0.1666666666666666,0.1666666666666666,0.3333333333333333,0.125,0.1341666666666666
csso,blod,0.1666666666666666,0.5,0.6666666666666666,0.0,0.0,0.5,0.0,0.0,0.2033333333333333,0.0,0.1666666666666666,0.1666666666666666,0.3333333333333333,0.125,0.1341666666666666
apadisorders,blod,0.1666666666666666,0.5,0.6666666666666666,0.0,0.0,0.5,0.0,0.0,0.2033333333333333,0.0,0.1666666666666666,0.1666666666666666,0.3333333333333333,0.125,0.1341666666666666
sweet,blod,0.1666666666666666,0.5,0.6666666666666666,0.0,0.0,0.5,0.0,0.0,0.2033333333333333,0.0,0.1666666666666666,0.1666666666666666,0.3333333333333333,0.125,0.1341666666666666
eo1,blod,0.1666666666666666,0.5,0.6666666666666666,0.0,0.0,0.5,0.0,0.0,0.2033333333333333,0.0,0.1666666666666666,0.1666666666666666,0.3333333333333333,0.125,0.1341666666666666
satusehatthesis,blod,0.1666666666666666,0.5,0.6666666666666666,0.0,0.0,0.5,0.0,0.0,0.2033333333333333,0.0,0.1666666666666666,0.1666666666666666,0.3333333333333333,0.125,0.1341666666666666
mwla,blod,0.1666666666666666,0.5,0.6666666666666666,0.0,0.0,0.5,0.0,0.0,0.2033333333333333,0.0,0.1666666666666666,0.1666666666666666,0.3333333333333333,0.125,0.1341666666666666
fgnhns,blod,0.1666666666666666,0.5,0.6666666666666666,0.0,0.0,0.5,0.0,0.0,0.2033333333333333,0.0,0.1666666666666666,0.1666666666666666,0.3333333333333333,0.125,0.1341666666666666
m,blod,0.1666666666666666,0.5,0.6666666666666666,0.0,0.0,0.5,0.0,0.0,0.2033333333333333,0.0,0.1666666666666666,0.1666666666666666,0.3333333333333333,0.125,0.1341666666666666
mm,blod,0.1666666666666666,0.5,0.6666666666666666,0.0,0.0,0.5,0.0,0.0,0.2033333333333333,0.0,0.1666666666666666,0.1666666666666666,0.3333333333333333,0.125,0.1341666666666666
pmo,blod,0.1666666666666666,0.5,0.6666666666666666,0.0,0.0,0.5,0.0,0.0,0.2033333333333333,0.0,0.1666666666666666,0.1666666666666666,0.3333333333333333,0.125,0.1341666666666666
ftc,blod,0.1666666666666666,0.5,0.6666666666666666,0.0,0.0,0.5,0.0,0.0,0.2033333333333333,0.0,0.1666666666666666,0.1666666666666666,0.3333333333333333,0.125,0.1341666666666666
ifar,blod,0.1666666666666666,0.5,0.6666666666666666,0.0,0.0,0.5,0.0,0.0,0.2033333333333333,0.0,0.1666666666666666,0.1666666666666666,0.3333333333333333,0.125,0.1341666666666666
onl-dp,blod,0.1666666666666666,0.5,0.6666666666666666,0.0,0.0,0.5,0.0,0.0,0.2033333333333333,0.0,0.1666666666666666,0.1666666666666666,0.3333333333333333,0.125,0.1341666666666666
cpro,blod,0.1666666666666666,0.5,0.6666666666666666,0.0,0.0,0.5,0.0,0.0,0.2033333333333333,0.0,0.1666666666666666,0.1666666666666666,0.3333333333333333,0.125,0.1341666666666666
altproton,blod,0.1666666666666666,0.5,0.6666666666666666,0.0,0.0,0.5,0.0,0.0,0.2033333333333333,0.0,0.1666666666666666,0.1666666666666666,0.3333333333333333,0.125,0.1341666666666666
inbio,blod,0.1666666666666666,0.5,0.6666666666666666,0.0,0.0,0.5,0.0,0.0,0.2033333333333333,0.0,0.1666666666666666,0.1666666666666666,0.3333333333333333,0.125,0.1341666666666666
ik,blod,0.1666666666666666,0.375,0.0,0.0,0.0,0.5,0.0,0.0,0.2033333333333333,0.0,0.1666666666666666,0.1666666666666666,0.1354166666666666,0.125,0.1341666666666666
vodanauganda,blod,0.1666666666666666,0.5,0.6666666666666666,0.0,0.0,0.5,0.0,0.0,0.2033333333333333,0.0,0.1666666666666666,0.1666666666666666,0.3333333333333333,0.125,0.1341666666666666
pcao,blod,0.1666666666666666,0.5,0.6666666666666666,0.0,0.0,0.5,0.0,0.0,0.2033333333333333,0.0,0.1666666666666666,0.1666666666666666,0.3333333333333333,0.125,0.1341666666666666
gb,blod,0.1666666666666666,0.5,0.6666666666666666,0.0,0.0,0.5,0.0,0.0,0.2033333333333333,0.0,0.1666666666666666,0.1666666666666666,0.3333333333333333,0.125,0.1341666666666666
fall,blod,0.1666666666666666,0.5,0.6666666666666666,0.0,0.0,0.5,0.0,0.0,0.2033333333333333,0.0,0.1666666666666666,0.1666666666666666,0.3333333333333333,0.125,0.1341666666666666
hed,blod,0.1666666666666666,0.5,0.6666666666666666,0.0,0.0,0.5,0.0,0.0,0.2033333333333333,0.0,0.1666666666666666,0.1666666666666666,0.3333333333333333,0.125,0.1341666666666666
regn_go,blod,0.1666666666666666,0.5,0.6666666666666666,0.0,0.0,0.5,0.0,0.0,0.2033333333333333,0.0,0.1666666666666666,0.1666666666666666,0.3333333333333333,0.125,0.1341666666666666
bclion,blod,0.1666666666666666,0.5,0.6666666666666666,0.0,0.0,0.5,0.0,0.0,0.2033333333333333,0.0,0.1666666666666666,0.1666666666666666,0.3333333333333333,0.125,0.1341666666666666
simm,blod,0.1666666666666666,0.5,0.6666666666666666,0.0,0.0,0.5,0.0,0.0,0.2033333333333333,0.0,0.1666666666666666,0.1666666666666666,0.3333333333333333,0.125,0.1341666666666666
tdwgspec,blod,0.1666666666666666,0.5,0.6666666666666666,0.0,0.0,0.5,0.0,0.0,0.2033333333333333,0.0,0.1666666666666666,0.1666666666666666,0.3333333333333333,0.125,0.1341666666666666
matrcompound,blod,0.1666666666666666,0.5,0.6666666666666666,0.0,0.0,0.5,0.0,0.0,0.2033333333333333,0.0,0.1666666666666666,0.1666666666666666,0.3333333333333333,0.125,0.1341666666666666
fast-title,blod,0.1666666666666666,0.5,0.6666666666666666,0.0,0.0,0.5,0.0,0.0,0.2033333333333333,0.0,0.1666666666666666,0.1666666666666666,0.3333333333333333,0.125,0.1341666666666666
dranpto,blod,0.1666666666666666,0.5,0.6666666666666666,0.0,0.0,0.5,0.0,0.0,0.2033333333333333,0.0,0.1666666666666666,0.1666666666666666,0.3333333333333333,0.125,0.1341666666666666
phage,blod,0.1666666666666666,0.5,0.6666666666666666,0.0,0.0,0.5,0.0,0.0,0.2033333333333333,0.0,0.1666666666666666,0.1666666666666666,0.3333333333333333,0.125,0.1341666666666666
fast-genreform,blod,0.1666666666666666,0.5,0.6666666666666666,0.0,0.0,0.5,0.0,0.0,0.2033333333333333,0.0,0.1666666666666666,0.1666666666666666,0.3333333333333333,0.125,0.1341666666666666
phmammado,blod,0.1666666666666666,0.5,0.6666666666666666,0.0,0.0,0.5,0.0,0.0,0.2033333333333333,0.0,0.1666666666666666,0.1666666666666666,0.3333333333333333,0.125,0.1341666666666666
emif-ad,blod,0.1666666666666666,0.5,0.6666666666666666,0.0,0.0,0.5,0.0,0.0,0.2033333333333333,0.0,0.1666666666666666,0.1666666666666666,0.3333333333333333,0.125,0.1341666666666666
neio,blod,0.1666666666666666,0.5,0.6666666666666666,0.0,0.0,0.5,0.0,0.0,0.2033333333333333,0.0,0.1666666666666666,0.1666666666666666,0.3333333333333333,0.125,0.1341666666666666
hgnc-nr,blod,0.1666666666666666,0.5,0.6666666666666666,0.0,0.0,0.5,0.0,0.0,0.2033333333333333,0.0,0.1666666666666666,0.1666666666666666,0.3333333333333333,0.125,0.1341666666666666
bibframe,blod,0.1666666666666666,0.5,0.6666666666666666,0.0,0.0,0.5,0.0,0.0,0.2033333333333333,0.0,0.1666666666666666,0.1666666666666666,0.3333333333333333,0.125,0.1341666666666666
metabus,blod,0.1666666666666666,0.5,0.6666666666666666,0.0,0.0,0.5,0.0,0.0,0.2033333333333333,0.0,0.1666666666666666,0.1666666666666666,0.3333333333333333,0.125,0.1341666666666666
hivhpvfgs,blod,0.1666666666666666,0.5,0.6666666666666666,0.0,0.0,0.5,0.0,0.0,0.2033333333333333,0.0,0.1666666666666666,0.1666666666666666,0.3333333333333333,0.125,0.1341666666666666
bibliotek-o,blod,0.1666666666666666,0.5,0.6666666666666666,0.0,0.0,0.5,0.0,0.0,0.2033333333333333,0.0,0.1666666666666666,0.1666666666666666,0.3333333333333333,0.125,0.1341666666666666
pcmo,blod,0.1666666666666666,0.5,0.6666666666666666,0.0,0.0,0.5,0.0,0.0,0.2033333333333333,0.0,0.1666666666666666,0.1666666666666666,0.3333333333333333,0.125,0.1341666666666666
pghd_connect,blod,0.1666666666666666,0.5,0.6666666666666666,0.0,0.0,0.5,0.0,0.0,0.2033333333333333,0.0,0.1666666666666666,0.1666666666666666,0.3333333333333333,0.125,0.1341666666666666
ctu_beready_gem,blod,0.1666666666666666,0.5,0.6666666666666666,0.0,0.0,0.5,0.0,0.0,0.2033333333333333,0.0,0.1666666666666666,0.1666666666666666,0.3333333333333333,0.125,0.1341666666666666
ego,blod,0.1666666666666666,0.5,0.6666666666666666,0.0,0.0,0.5,0.0,0.0,0.2033333333333333,0.0,0.1666666666666666,0.1666666666666666,0.3333333333333333,0.125,0.1341666666666666
pplc,blod,0.1666666666666666,0.5,0.6666666666666666,0.0,0.0,0.5,0.0,0.0,0.2033333333333333,0.0,0.1666666666666666,0.1666666666666666,0.3333333333333333,0.125,0.1341666666666666
marc-languages,blod,0.1666666666666666,0.5,0.6666666666666666,0.0,0.0,0.5,0.0,0.0,0.2033333333333333,0.0,0.1666666666666666,0.1666666666666666,0.3333333333333333,0.125,0.1341666666666666
pvonto,blod,0.1666666666666666,0.5,0.6666666666666666,0.0,0.0,0.5,0.0,0.0,0.2033333333333333,0.0,0.1666666666666666,0.1666666666666666,0.3333333333333333,0.125,0.1341666666666666
pmapp-pmo,blod,0.1666666666666666,0.5,0.6666666666666666,0.0,0.0,0.5,0.0,0.0,0.2033333333333333,0.0,0.1666666666666666,0.1666666666666666,0.3333333333333333,0.125,0.1341666666666666
iaml-mop,blod,0.1666666666666666,0.5,0.6666666666666666,0.0,0.0,0.5,0.0,0.0,0.2033333333333333,0.0,0.1666666666666666,0.1666666666666666,0.3333333333333333,0.125,0.1341666666666666
atom,blod,0.1666666666666666,0.5,0.6666666666666666,0.0,0.0,0.5,0.0,0.0,0.2033333333333333,0.0,0.1666666666666666,0.1666666666666666,0.3333333333333333,0.125,0.1341666666666666
atol,blod,0.1666666666666666,0.5,0.6666666666666666,0.0,0.0,0.5,0.0,0.0,0.2033333333333333,0.0,0.1666666666666666,0.1666666666666666,0.3333333333333333,0.125,0.1341666666666666
m4m-char,blod,0.1666666666666666,0.5,0.6666666666666666,0.0,0.0,0.5,0.0,0.0,0.2033333333333333,0.0,0.1666666666666666,0.1666666666666666,0.3333333333333333,0.125,0.1341666666666666
vodanakenya,blod,0.1666666666666666,0.5,0.6666666666666666,0.0,0.0,0.5,0.0,0.0,0.2033333333333333,0.0,0.1666666666666666,0.1666666666666666,0.3333333333333333,0.125,0.1341666666666666
nlmvs,blod,0.1666666666666666,0.5,0.6666666666666666,0.0,0.0,0.5,0.0,0.0,0.2033333333333333,0.0,0.1666666666666666,0.1666666666666666,0.3333333333333333,0.125,0.1341666666666666
rda-content,blod,0.1666666666666666,0.5,0.6666666666666666,0.0,0.0,0.5,0.0,0.0,0.2033333333333333,0.0,0.1666666666666666,0.1666666666666666,0.3333333333333333,0.125,0.1341666666666666
ichom-proms-pcb,blod,0.1666666666666666,0.5,0.6666666666666666,0.0,0.0,0.5,0.0,0.0,0.2033333333333333,0.0,0.1666666666666666,0.1666666666666666,0.3333333333333333,0.125,0.1341666666666666
bdpm,blod,0.1666666666666666,0.5,0.6666666666666666,0.0,0.0,0.5,0.0,0.0,0.2033333333333333,0.0,0.1666666666666666,0.1666666666666666,0.3333333333333333,0.125,0.1341666666666666
opb,blod,0.1666666666666666,0.5,0.6666666666666666,0.0,0.0,0.5,0.0,0.0,0.2033333333333333,0.0,0.1666666666666666,0.1666666666666666,0.3333333333333333,0.125,0.1341666666666666
iso19115,blod,0.1666666666666666,0.5,0.6666666666666666,0.0,0.0,0.5,0.0,0.0,0.2033333333333333,0.0,0.1666666666666666,0.1666666666666666,0.3333333333333333,0.125,0.1341666666666666
iso19110,blod,0.1666666666666666,0.5,0.6666666666666666,0.0,0.0,0.5,0.0,0.0,0.2033333333333333,0.0,0.1666666666666666,0.1666666666666666,0.3333333333333333,0.125,0.1341666666666666
falls,blod,0.1666666666666666,0.5,0.6666666666666666,0.0,0.0,0.5,0.0,0.0,0.2033333333333333,0.0,0.1666666666666666,0.1666666666666666,0.3333333333333333,0.125,0.1341666666666666
biomo,blod,0.1666666666666666,0.5,0.6666666666666666,0.0,0.0,0.5,0.0,0.0,0.2033333333333333,0.0,0.1666666666666666,0.1666666666666666,0.3333333333333333,0.125,0.1341666666666666
sdoho,blod,0.1666666666666666,0.5,0.6666666666666666,0.0,0.0,0.5,0.0,0.0,0.2033333333333333,0.0,0.1666666666666666,0.1666666666666666,0.3333333333333333,0.125,0.1341666666666666
gcbo,blod,0.1666666666666666,0.5,0.6666666666666666,0.0,0.0,0.5,0.0,0.0,0.2033333333333333,0.0,0.1666666666666666,0.1666666666666666,0.3333333333333333,0.125,0.1341666666666666
hoip,blod,0.1666666666666666,0.5,0.6666666666666666,0.0,0.0,0.5,0.0,0.0,0.2033333333333333,0.0,0.1666666666666666,0.1666666666666666,0.3333333333333333,0.125,0.1341666666666666
cedarvs,blod,0.1666666666666666,0.5,0.6666666666666666,0.0,0.0,0.5,0.0,0.0,0.2033333333333333,0.0,0.1666666666666666,0.1666666666666666,0.3333333333333333,0.125,0.1341666666666666
ope,blod,0.1666666666666666,0.5,0.6666666666666666,0.0,0.0,0.5,0.0,0.0,0.2033333333333333,0.0,0.1666666666666666,0.1666666666666666,0.3333333333333333,0.125,0.1341666666666666
moocciado,blod,0.1666666666666666,0.5,0.6666666666666666,0.0,0.0,0.5,0.0,0.0,0.2033333333333333,0.0,0.1666666666666666,0.1666666666666666,0.3333333333333333,0.125,0.1341666666666666
obi_iee,blod,0.1666666666666666,0.5,0.6666666666666666,0.0,0.0,0.5,0.0,0.0,0.2033333333333333,0.0,0.1666666666666666,0.1666666666666666,0.3333333333333333,0.125,0.1341666666666666
neo,blod,0.1666666666666666,0.5,0.6666666666666666,0.0,0.0,0.5,0.0,0.0,0.2033333333333333,0.0,0.1666666666666666,0.1666666666666666,0.3333333333333333,0.125,0.1341666666666666
apaneurocluster,blod,0.1666666666666666,0.5,0.6666666666666666,0.0,0.0,0.5,0.0,0.0,0.2033333333333333,0.0,0.1666666666666666,0.1666666666666666,0.3333333333333333,0.125,0.1341666666666666
materialsmine,blod,0.1666666666666666,0.5,0.6666666666666666,0.0,0.0,0.5,0.0,0.0,0.2033333333333333,0.0,0.1666666666666666,0.1666666666666666,0.3333333333333333,0.125,0.1341666666666666
iso-food,blod,0.1666666666666666,0.5,0.6666666666666666,0.0,0.0,0.5,0.0,0.0,0.2033333333333333,0.0,0.1666666666666666,0.1666666666666666,0.3333333333333333,0.125,0.1341666666666666
dsip_fl_7,blod,0.1666666666666666,0.5,0.6666666666666666,0.0,0.0,0.5,0.0,0.0,0.2033333333333333,0.0,0.1666666666666666,0.1666666666666666,0.3333333333333333,0.125,0.1341666666666666
mooculado,blod,0.1666666666666666,0.5,0.6666666666666666,0.0,0.0,0.5,0.0,0.0,0.2033333333333333,0.0,0.1666666666666666,0.1666666666666666,0.3333333333333333,0.125,0.1341666666666666
orex-wg,blod,0.1666666666666666,0.5,0.6666666666666666,0.0,0.0,0.5,0.0,0.0,0.2033333333333333,0.0,0.1666666666666666,0.1666666666666666,0.3333333333333333,0.125,0.1341666666666666
nmobr,blod,0.1666666666666666,0.5,0.6666666666666666,0.0,0.0,0.5,0.0,0.0,0.2033333333333333,0.0,0.1666666666666666,0.1666666666666666,0.3333333333333333,0.125,0.1341666666666666
paymentmode,blod,0.1666666666666666,0.5,0.6666666666666666,0.0,0.0,0.5,0.0,0.0,0.2033333333333333,0.0,0.1666666666666666,0.1666666666666666,0.3333333333333333,0.125,0.1341666666666666
thesisdemo,blod,0.1666666666666666,0.5,0.6666666666666666,0.0,0.0,0.5,0.0,0.0,0.2033333333333333,0.0,0.1666666666666666,0.1666666666666666,0.3333333333333333,0.125,0.1341666666666666
ofsmr,blod,0.1666666666666666,0.5,0.6666666666666666,0.0,0.0,0.5,0.0,0.0,0.2033333333333333,0.0,0.1666666666666666,0.1666666666666666,0.3333333333333333,0.125,0.1341666666666666
four-m_vocabs,blod,0.1666666666666666,0.5,0.6666666666666666,0.0,0.0,0.5,0.0,0.0,0.2033333333333333,0.0,0.1666666666666666,0.1666666666666666,0.3333333333333333,0.125,0.1341666666666666
acvd_ontology,blod,0.1666666666666666,0.5,0.6666666666666666,0.0,0.0,0.5,0.0,0.0,0.2033333333333333,0.0,0.1666666666666666,0.1666666666666666,0.3333333333333333,0.125,0.1341666666666666
fasto,blod,0.1666666666666666,0.5,0.6666666666666666,0.0,0.0,0.5,0.0,0.0,0.2033333333333333,0.0,0.1666666666666666,0.1666666666666666,0.3333333333333333,0.125,0.1341666666666666
svu_mws_wsm_f23,blod,0.1666666666666666,0.5,0.6666666666666666,0.0,0.0,0.5,0.0,0.0,0.2033333333333333,0.0,0.1666666666666666,0.1666666666666666,0.3333333333333333,0.125,0.1341666666666666
hoom,blod,0.1666666666666666,0.5,0.6666666666666666,0.0,0.0,0.5,0.0,0.0,0.2033333333333333,0.0,0.1666666666666666,0.1666666666666666,0.3333333333333333,0.125,0.1341666666666666
tephram4mexample,blod,0.1666666666666666,0.5,0.6666666666666666,0.0,0.0,0.5,0.0,0.0,0.2033333333333333,0.0,0.1666666666666666,0.1666666666666666,0.3333333333333333,0.125,0.1341666666666666
ethopd,blod,0.1666666666666666,0.5,0.6666666666666666,0.0,0.0,0.5,0.0,0.0,0.2033333333333333,0.0,0.1666666666666666,0.1666666666666666,0.3333333333333333,0.125,0.1341666666666666
bin,blod,0.1666666666666666,0.5,0.6666666666666666,0.0,0.0,0.5,0.0,0.0,0.2033333333333333,0.0,0.1666666666666666,0.1666666666666666,0.3333333333333333,0.125,0.1341666666666666
insecth,blod,0.1666666666666666,0.5,0.6666666666666666,0.0,0.0,0.5,0.0,0.0,0.2033333333333333,0.0,0.1666666666666666,0.1666666666666666,0.3333333333333333,0.125,0.1341666666666666
infection_trans,blod,0.1666666666666666,0.5,0.6666666666666666,0.0,0.0,0.5,0.0,0.0,0.2033333333333333,0.0,0.1666666666666666,0.1666666666666666,0.3333333333333333,0.125,0.1341666666666666
hivhpv,blod,0.1666666666666666,0.5,0.6666666666666666,0.0,0.0,0.5,0.0,0.0,0.2033333333333333,0.0,0.1666666666666666,0.1666666666666666,0.3333333333333333,0.125,0.1341666666666666
endoh,blod,0.1666666666666666,0.5,0.6666666666666666,0.0,0.0,0.5,0.0,0.0,0.2033333333333333,0.0,0.1666666666666666,0.1666666666666666,0.3333333333333333,0.125,0.1341666666666666
biodivthes,blod,0.1666666666666666,0.5,0.6666666666666666,0.0,0.0,0.5,0.0,0.0,0.2033333333333333,0.0,0.1666666666666666,0.1666666666666666,0.3333333333333333,0.125,0.1341666666666666
d3o,blod,0.1666666666666666,0.5,0.6666666666666666,0.0,0.0,0.5,0.0,0.0,0.2033333333333333,0.0,0.1666666666666666,0.1666666666666666,0.3333333333333333,0.125,0.1341666666666666
nxdx,blod,0.1666666666666666,0.5,0.6666666666666666,0.0,0.0,0.5,0.0,0.0,0.2033333333333333,0.0,0.1666666666666666,0.1666666666666666,0.3333333333333333,0.125,0.1341666666666666
wetaxtopics,blod,0.1666666666666666,0.5,0.6666666666666666,0.0,0.0,0.5,0.0,0.0,0.2033333333333333,0.0,0.1666666666666666,0.1666666666666666,0.3333333333333333,0.125,0.1341666666666666
wweca,blod,0.1666666666666666,0.5,0.6666666666666666,0.0,0.0,0.5,0.0,0.0,0.2033333333333333,0.0,0.1666666666666666,0.1666666666666666,0.3333333333333333,0.125,0.1341666666666666
bio2rdf-pubmed,blod,0.1666666666666666,0.375,0.0,0.0,0.625,0.5,0.5,0.3333333333333333,0.8333333333333334,1.0,0.5606060606666666,0.8333333333333334,0.1354166666666666,0.4895833333333333,0.8068181818333334
pco,blod,0.1666666666666666,0.5,0.0,0.1666666666666666,0.25,0.5,0.0,0.0,0.24,0.0,0.1666666666666666,0.8333333333333334,0.2083333333333333,0.1875,0.31
ccfo,blod,0.1666666666666666,0.375,0.0,0.0,0.25,0.5,0.0,0.0,0.24,0.0,0.1666666666666666,0.8333333333333334,0.1354166666666666,0.1875,0.31
uniprot,blod,0.1666666666666666,0.5,0.3333333333333333,0.3333333333333333,0.5,1.0,0.6666666666666666,0.5,0.7966666666666667,0.5,0.6666666666666666,0.6666666666666666,0.3333333333333333,0.6666666666666666,0.6575
sibo,blod,0.1666666666666666,0.5,0.0,0.1666666666666666,0.25,0.5,0.0,0.0,0.2216666666666666,0.0,0.1666666666666666,0.5,0.2083333333333333,0.1875,0.2220833333333333
rexo,blod,0.1666666666666666,0.5,0.0,0.1666666666666666,0.25,0.5,0.0,0.0,0.2216666666666666,0.0,0.1666666666666666,0.5,0.2083333333333333,0.1875,0.2220833333333333
reto,blod,0.1666666666666666,0.5,0.0,0.1666666666666666,0.25,0.5,0.0,0.0,0.2216666666666666,0.0,0.1666666666666666,0.5,0.2083333333333333,0.1875,0.2220833333333333
dcm,blod,0.1666666666666666,0.375,0.0,0.0,0.25,0.5,0.0,0.0,0.2216666666666666,0.0,0.1666666666666666,0.5,0.1354166666666666,0.1875,0.2220833333333333
bco,blod,0.1666666666666666,0.5,0.0,0.1666666666666666,0.25,0.5,0.0,0.0,0.24,0.0,0.1666666666666666,0.8333333333333334,0.2083333333333333,0.1875,0.31
foodon,blod,0.1666666666666666,0.5,0.3333333333333333,0.1666666666666666,0.375,0.5,0.1666666666666666,0.0,0.24,0.0,0.1666666666666666,0.8333333333333334,0.2916666666666667,0.2604166666666667,0.31
bfo,blod,0.1666666666666666,0.5,0.6666666666666666,0.0,0.25,0.5,0.0,0.0,0.2216666666666666,0.0,0.1666666666666666,0.5,0.3333333333333333,0.1875,0.2220833333333333
mirnao,blod,0.1666666666666666,0.5,0.6666666666666666,0.0,0.0,0.5,0.0,0.0,0.2216666666666666,0.0,0.1666666666666666,0.5,0.3333333333333333,0.125,0.2220833333333333
ncro,blod,0.1666666666666666,0.375,0.0,0.0,0.0,0.5,0.0,0.0,0.2216666666666666,0.0,0.1666666666666666,0.5,0.1354166666666666,0.125,0.2220833333333333
fbsp,blod,0.1666666666666666,0.5,0.6666666666666666,0.0,0.25,0.5,0.0,0.0,0.2216666666666666,0.0,0.1666666666666666,0.5,0.3333333333333333,0.1875,0.2220833333333333
dinto,blod,0.1666666666666666,0.375,0.0,0.0,0.0,0.5,0.0,0.0,0.2216666666666666,0.0,0.1666666666666666,0.5,0.1354166666666666,0.125,0.2220833333333333
fbcv,blod,0.1666666666666666,0.5,0.0,0.1666666666666666,0.25,0.5,0.0,0.0,0.24,0.0,0.1666666666666666,0.8333333333333334,0.2083333333333333,0.1875,0.31
dron,blod,0.1666666666666666,0.5,0.6666666666666666,0.0,0.0,0.5,0.0,0.0,0.2033333333333333,0.0,0.1666666666666666,0.1666666666666666,0.3333333333333333,0.125,0.1341666666666666
ado,blod,0.1666666666666666,0.5,0.6666666666666666,0.0,0.0,0.5,0.0,0.0,0.2216666666666666,0.0,0.1666666666666666,0.5,0.3333333333333333,0.125,0.2220833333333333
owl,blod,0.1666666666666666,0.5,0.0,0.1666666666666666,0.25,0.5,0.0,0.0,0.2033333333333333,0.0,0.1666666666666666,0.1666666666666666,0.2083333333333333,0.1875,0.1341666666666666
coid,blod,0.1666666666666666,0.5,0.6666666666666666,0.0,0.0,0.5,0.0,0.0,0.2033333333333333,0.0,0.1666666666666666,0.1666666666666666,0.3333333333333333,0.125,0.1341666666666666
dpo,blod,0.1666666666666666,0.5,0.6666666666666666,0.0,0.0,0.5,0.0,0.0,0.2033333333333333,0.0,0.1666666666666666,0.1666666666666666,0.3333333333333333,0.125,0.1341666666666666
ecao,blod,0.1666666666666666,0.5,0.0,0.1666666666666666,0.25,0.5,0.0,0.0,0.2216666666666666,0.0,0.1666666666666666,0.5,0.2083333333333333,0.1875,0.2220833333333333
disdriv,blod,0.1666666666666666,0.375,0.0,0.0,0.25,0.5,0.0,0.0,0.24,0.0,0.1666666666666666,0.8333333333333334,0.1354166666666666,0.1875,0.31
doid,blod,0.1666666666666666,0.5,0.6666666666666666,0.0,0.25,0.5,0.0,0.0,0.24,0.0,0.1666666666666666,0.8333333333333334,0.3333333333333333,0.1875,0.31
txpo,blod,0.1666666666666666,0.5,0.6666666666666666,0.0,0.0,0.5,0.0,0.0,0.2033333333333333,0.0,0.1666666666666666,0.1666666666666666,0.3333333333333333,0.125,0.1341666666666666
cto,blod,0.1666666666666666,0.5,0.3333333333333333,0.5,0.25,0.5,0.0,0.0,0.2033333333333333,0.0,0.1666666666666666,0.1666666666666666,0.375,0.1875,0.1341666666666666
cctoo,blod,0.1666666666666666,0.5,0.6666666666666666,0.0,0.0,0.5,0.0,0.0,0.2033333333333333,0.0,0.1666666666666666,0.1666666666666666,0.3333333333333333,0.125,0.1341666666666666
ncit,blod,0.1666666666666666,0.5,0.6666666666666666,0.0,0.0,0.5,0.0,0.0,0.2033333333333333,0.0,0.1666666666666666,0.1666666666666666,0.3333333333333333,0.125,0.1341666666666666
mondo,blod,0.1666666666666666,0.5,0.3333333333333333,0.1666666666666666,0.625,0.5,0.5,0.3333333333333333,0.2216666666666666,0.0,0.1666666666666666,0.5,0.2916666666666667,0.4895833333333333,0.2220833333333333
nomen,blod,0.1666666666666666,0.5,0.6666666666666666,0.0,0.0,0.5,0.0,0.0,0.2033333333333333,0.0,0.1666666666666666,0.1666666666666666,0.3333333333333333,0.125,0.1341666666666666
apollo_sv,blod,0.1666666666666666,0.5,0.3333333333333333,0.5,0.25,0.5,0.0,0.0,0.2033333333333333,0.0,0.1666666666666666,0.1666666666666666,0.375,0.1875,0.1341666666666666
icdo,blod,0.1666666666666666,0.5,0.3333333333333333,0.5,0.25,0.5,0.0,0.0,0.7399999999999999,0.0,0.1666666666666666,0.5,0.375,0.1875,0.3516666666666666
tads,blod,0.1666666666666666,0.375,0.0,0.0,0.25,0.5,0.0,0.0,0.7399999999999999,0.0,0.1666666666666666,0.5,0.1354166666666666,0.1875,0.3516666666666666
uberon,blod,0.1666666666666666,0.375,0.0,0.0,0.25,0.5,0.0,0.0,0.7600000000000001,0.0,0.1666666666666666,0.8333333333333334,0.1354166666666666,0.1875,0.44
chiro,blod,0.1666666666666666,0.5,0.3333333333333333,0.5,0.25,0.5,0.0,0.0,0.7399999999999999,0.0,0.1666666666666666,0.5,0.375,0.1875,0.3516666666666666
chebi,blod,0.5,1.0,0.3333333333333333,0.1666666666666666,0.25,0.5,0.0,0.0,0.7399999999999999,0.0,0.1666666666666666,0.5,0.5,0.1875,0.3516666666666666
oce,blod,0.1666666666666666,0.5,0.3333333333333333,0.5,0.25,0.5,0.0,0.0,0.7600000000000001,0.0,0.1666666666666666,0.8333333333333334,0.375,0.1875,0.44
bioportal-bootstrep,blod,0.1666666666666666,0.5,0.6666666666666666,0.0,0.25,0.5,0.3333333333333333,0.1666666666666666,0.7783333333333333,0.25,0.5,0.5,0.3333333333333333,0.3125,0.5070833333333333
idomal,blod,0.1666666666666666,0.5,0.6666666666666666,0.0,0.25,0.5,0.0,0.0,0.7399999999999999,0.0,0.1666666666666666,0.5,0.3333333333333333,0.1875,0.3516666666666666
ido,blod,0.1666666666666666,0.5,0.6666666666666666,0.0,0.0,0.5,0.0,0.0,0.7600000000000001,0.0,0.1666666666666666,0.8333333333333334,0.3333333333333333,0.125,0.44
veo,blod,0.1666666666666666,0.5,0.6666666666666666,0.0,0.0,0.5,0.0,0.0,0.2033333333333333,0.0,0.1666666666666666,0.1666666666666666,0.3333333333333333,0.125,0.1341666666666666
cido,blod,0.1666666666666666,0.5,0.3333333333333333,0.5,0.25,0.5,0.0,0.0,0.7600000000000001,0.0,0.1666666666666666,0.8333333333333334,0.375,0.1875,0.44
cbo,blod,0.1666666666666666,0.5,0.6666666666666666,0.0,0.0,0.5,0.0,0.0,0.2033333333333333,0.0,0.1666666666666666,0.1666666666666666,0.3333333333333333,0.125,0.1341666666666666
ktao,blod,0.1666666666666666,0.5,0.3333333333333333,0.5,0.25,0.5,0.0,0.0,0.7399999999999999,0.0,0.1666666666666666,0.5,0.375,0.1875,0.3516666666666666
geno,blod,0.1666666666666666,0.5,0.3333333333333333,0.5,0.25,0.5,0.0,0.0,0.2033333333333333,0.0,0.1666666666666666,0.1666666666666666,0.375,0.1875,0.1341666666666666
bcgo,blod,0.1666666666666666,0.5,0.3333333333333333,0.5,0.25,0.5,0.0,0.0,0.7600000000000001,0.0,0.1666666666666666,0.8333333333333334,0.375,0.1875,0.44
ino,blod,0.1666666666666666,0.5,0.6666666666666666,0.0,0.5,0.5,0.3333333333333333,0.1666666666666666,0.7399999999999999,0.0,0.1666666666666666,0.5,0.3333333333333333,0.375,0.3516666666666666
hino,blod,0.1666666666666666,0.375,0.0,0.0,0.0,0.5,0.0,0.0,0.7399999999999999,0.0,0.1666666666666666,0.5,0.1354166666666666,0.125,0.3516666666666666
oostt,blod,0.1666666666666666,0.5,0.3333333333333333,0.5,0.25,0.5,0.0,0.0,0.7399999999999999,0.0,0.1666666666666666,0.5,0.375,0.1875,0.3516666666666666
ons,blod,0.1666666666666666,0.5,0.3333333333333333,0.5,0.25,0.5,0.0,0.0,0.2033333333333333,0.0,0.1666666666666666,0.1666666666666666,0.375,0.1875,0.1341666666666666
mco,blod,0.1666666666666666,0.5,0.3333333333333333,0.5,0.25,0.5,0.0,0.0,0.7399999999999999,0.0,0.1666666666666666,0.5,0.375,0.1875,0.3516666666666666
pdro,blod,0.1666666666666666,0.5,0.3333333333333333,0.5,0.25,0.5,0.0,0.0,0.7600000000000001,0.0,0.1666666666666666,0.8333333333333334,0.375,0.1875,0.44
pcl,blod,0.1666666666666666,0.5,0.3333333333333333,0.5,0.25,0.5,0.0,0.0,0.7600000000000001,0.0,0.1666666666666666,0.8333333333333334,0.375,0.1875,0.44
pdumdv,blod,0.1666666666666666,0.5,0.3333333333333333,0.5,0.25,0.5,0.0,0.0,0.2216666666666666,0.0,0.1666666666666666,0.5,0.375,0.1875,0.2220833333333333
hom,blod,0.1666666666666666,0.5,0.3333333333333333,0.5,0.25,0.5,0.0,0.0,0.7399999999999999,0.0,0.1666666666666666,0.5,0.375,0.1875,0.3516666666666666
afo,blod,0.1666666666666666,0.5,0.3333333333333333,0.3333333333333333,0.625,0.5,0.5,0.3333333333333333,0.7600000000000001,0.0,0.1666666666666666,0.8333333333333334,0.3333333333333333,0.4895833333333333,0.44
enm,blod,0.1666666666666666,0.5,0.0,0.1666666666666666,0.625,0.5,0.5,0.3333333333333333,0.7399999999999999,0.0,0.1666666666666666,0.5,0.2083333333333333,0.4895833333333333,0.3516666666666666
ddpheno,blod,0.1666666666666666,0.375,0.0,0.0,0.25,0.5,0.0,0.0,0.7600000000000001,0.0,0.1666666666666666,0.8333333333333334,0.1354166666666666,0.1875,0.44
dideo,blod,0.1666666666666666,0.5,0.3333333333333333,0.5,0.25,0.5,0.0,0.0,0.7399999999999999,0.0,0.1666666666666666,0.5,0.375,0.1875,0.3516666666666666
eco,blod,0.1666666666666666,0.5,0.0,0.1666666666666666,0.25,0.5,0.0,0.0,0.7600000000000001,0.0,0.1666666666666666,0.8333333333333334,0.2083333333333333,0.1875,0.44
ecocore,blod,0.1666666666666666,0.5,0.3333333333333333,0.5,0.25,0.5,0.0,0.0,0.7600000000000001,0.0,0.1666666666666666,0.8333333333333334,0.375,0.1875,0.44
ao,blod,0.25,0.375,0.0,0.0,0.0,0.0,0.0,0.0,0.2033333333333333,0.0,0.1666666666666666,0.1666666666666666,0.15625,0.0,0.1341666666666666
hao,blod,0.1666666666666666,0.5,0.6666666666666666,0.0,0.25,0.5,0.0,0.0,0.7399999999999999,0.0,0.1666666666666666,0.5,0.3333333333333333,0.1875,0.3516666666666666
hsapdv,blod,0.1666666666666666,0.5,0.3333333333333333,0.5,0.25,0.5,0.0,0.0,0.2216666666666666,0.0,0.1666666666666666,0.5,0.375,0.1875,0.2220833333333333
hso,blod,0.3333333333333333,0.5,0.3333333333333333,0.1666666666666666,0.375,0.5,0.1666666666666666,0.0,0.7600000000000001,0.0,0.1666666666666666,0.8333333333333334,0.3333333333333333,0.2604166666666667,0.44
htn,blod,0.1666666666666666,0.5,0.3333333333333333,0.5,0.25,0.5,0.0,0.0,0.7399999999999999,0.0,0.1666666666666666,0.5,0.375,0.1875,0.3516666666666666
chmo,blod,0.1666666666666666,0.5,0.3333333333333333,0.5,0.25,0.5,0.0,0.0,0.7600000000000001,0.0,0.1666666666666666,0.8333333333333334,0.375,0.1875,0.44
olobo,blod,0.1666666666666666,0.5,0.3333333333333333,0.5,0.25,0.5,0.0,0.0,0.7399999999999999,0.0,0.1666666666666666,0.5,0.375,0.1875,0.3516666666666666
pico,blod,0.1666666666666666,0.375,0.0,0.0,0.0,0.5,0.0,0.0,0.7600000000000001,0.0,0.1666666666666666,0.8333333333333334,0.1354166666666666,0.125,0.44
maxo,blod,0.1666666666666666,0.5,0.3333333333333333,0.5,0.25,0.5,0.0,0.0,0.7600000000000001,0.0,0.1666666666666666,0.8333333333333334,0.375,0.1875,0.44
fbbt,blod,0.1666666666666666,0.5,0.0,0.1666666666666666,0.25,0.5,0.0,0.0,0.7600000000000001,0.0,0.1666666666666666,0.8333333333333334,0.2083333333333333,0.1875,0.44
fbdv,blod,0.1666666666666666,0.5,0.0,0.1666666666666666,0.25,0.5,0.0,0.0,0.7600000000000001,0.0,0.1666666666666666,0.8333333333333334,0.2083333333333333,0.1875,0.44
bto,blod,0.1666666666666666,0.5,0.0,0.1666666666666666,0.25,0.5,0.0,0.0,0.7600000000000001,0.0,0.1666666666666666,0.8333333333333334,0.2083333333333333,0.1875,0.44
ncbitaxon,blod,0.1666666666666666,0.5,0.6666666666666666,0.0,0.5,0.5,0.3333333333333333,0.1666666666666666,0.7600000000000001,0.0,0.1666666666666666,0.8333333333333334,0.3333333333333333,0.375,0.44
pw,blod,0.1666666666666666,0.5,0.6666666666666666,0.0,0.0,0.5,0.0,0.0,0.7399999999999999,0.0,0.1666666666666666,0.5,0.3333333333333333,0.125,0.3516666666666666
ogi,blod,0.1666666666666666,0.5,0.6666666666666666,0.0,0.25,0.5,0.0,0.0,0.7399999999999999,0.0,0.1666666666666666,0.5,0.3333333333333333,0.1875,0.3516666666666666
ev,blod,0.1666666666666666,0.375,0.0,0.0,0.25,0.5,0.0,0.0,0.7399999999999999,0.0,0.1666666666666666,0.5,0.1354166666666666,0.1875,0.3516666666666666
ehdaa2,blod,0.1666666666666666,0.5,0.3333333333333333,0.5,0.25,0.5,0.0,0.0,0.7399999999999999,0.0,0.1666666666666666,0.5,0.375,0.1875,0.3516666666666666
mmo,blod,0.1666666666666666,0.5,0.6666666666666666,0.0,0.0,0.5,0.0,0.0,0.7399999999999999,0.0,0.1666666666666666,0.5,0.3333333333333333,0.125,0.3516666666666666
ido;_vido;_cido,blod,0.1666666666666666,0.5,0.6666666666666666,0.0,0.0,0.5,0.0,0.0,0.7600000000000001,0.0,0.1666666666666666,0.8333333333333334,0.3333333333333333,0.125,0.44
genepio,blod,0.1666666666666666,0.5,0.6666666666666666,0.5,0.5,0.5,0.3333333333333333,0.1666666666666666,0.7600000000000001,0.0,0.1666666666666666,0.8333333333333334,0.4583333333333333,0.375,0.44
epio,blod,0.1666666666666666,0.5,0.3333333333333333,0.5,0.25,0.5,0.0,0.0,0.7600000000000001,0.0,0.1666666666666666,0.8333333333333334,0.375,0.1875,0.44
cl,blod,0.1666666666666666,0.375,0.0,0.0,0.25,0.5,0.0,0.0,0.7600000000000001,0.0,0.1666666666666666,0.8333333333333334,0.1354166666666666,0.1875,0.44
cheminf,blod,0.1666666666666666,0.5,0.6666666666666666,0.0,0.5,0.5,0.3333333333333333,0.1666666666666666,0.7600000000000001,0.0,0.1666666666666666,0.8333333333333334,0.3333333333333333,0.375,0.44
mido,blod,0.1666666666666666,0.5,0.6666666666666666,0.0,0.0,0.5,0.0,0.0,0.7399999999999999,0.0,0.1666666666666666,0.5,0.3333333333333333,0.125,0.3516666666666666
vido,blod,0.1666666666666666,0.375,0.0,0.0,0.25,0.0,0.1666666666666666,0.0,0.2216666666666666,0.0,0.1666666666666666,0.5,0.1354166666666666,0.1041666666666666,0.2220833333333333
idocovid19,blod,0.1666666666666666,0.5,0.3333333333333333,0.5,0.25,0.5,0.0,0.0,0.7399999999999999,0.0,0.1666666666666666,0.5,0.375,0.1875,0.3516666666666666
lib,blod,0.1666666666666666,0.5,0.6666666666666666,0.0,0.0,0.5,0.0,0.0,0.2033333333333333,0.0,0.1666666666666666,0.1666666666666666,0.3333333333333333,0.125,0.1341666666666666
of,blod,0.1666666666666666,0.5,0.6666666666666666,0.0,0.0,0.5,0.0,0.0,0.2033333333333333,0.0,0.1666666666666666,0.1666666666666666,0.3333333333333333,0.125,0.1341666666666666
cs,blod,0.1666666666666666,0.5,0.6666666666666666,0.0,0.0,0.5,0.0,0.0,0.2033333333333333,0.0,0.1666666666666666,0.1666666666666666,0.3333333333333333,0.125,0.1341666666666666
xlmod,blod,0.1666666666666666,0.5,1.0,0.5,0.5,0.5,0.3333333333333333,0.5,0.2033333333333333,0.0,0.1666666666666666,0.1666666666666666,0.5416666666666666,0.4583333333333333,0.1341666666666666
colao,blod,0.1666666666666666,0.5,0.6666666666666666,0.0,0.0,0.5,0.0,0.0,0.2033333333333333,0.0,0.1666666666666666,0.1666666666666666,0.3333333333333333,0.125,0.1341666666666666
gaz,blod,0.1666666666666666,0.375,0.0,0.0,0.25,0.5,0.0,0.0,0.2216666666666666,0.0,0.1666666666666666,0.5,0.1354166666666666,0.1875,0.2220833333333333
dcterms,blod,0.1666666666666666,0.5,0.6666666666666666,0.0,0.0,0.5,0.0,0.0,0.2033333333333333,0.0,0.1666666666666666,0.1666666666666666,0.3333333333333333,0.125,0.1341666666666666
ero,blod,0.1666666666666666,0.5,0.0,0.1666666666666666,0.25,0.5,0.0,0.0,0.2033333333333333,0.0,0.1666666666666666,0.1666666666666666,0.2083333333333333,0.1875,0.1341666666666666
cro,blod,0.1666666666666666,0.5,0.3333333333333333,0.5,0.25,0.5,0.0,0.0,0.2216666666666666,0.0,0.1666666666666666,0.5,0.375,0.1875,0.2220833333333333
psdo,blod,0.1666666666666666,0.5,0.3333333333333333,0.5,0.25,0.5,0.0,0.0,0.2216666666666666,0.0,0.1666666666666666,0.5,0.375,0.1875,0.2220833333333333
taxrank,blod,0.1666666666666666,0.5,0.3333333333333333,0.5,0.25,0.5,0.0,0.0,0.2216666666666666,0.0,0.1666666666666666,0.5,0.375,0.1875,0.2220833333333333
hra,blod,0.1666666666666666,0.5,0.6666666666666666,0.0,0.0,0.5,0.0,0.0,0.2033333333333333,0.0,0.1666666666666666,0.1666666666666666,0.3333333333333333,0.125,0.1341666666666666
mro,blod,0.1666666666666666,0.5,0.6666666666666666,0.0,0.0,0.5,0.0,0.0,0.2033333333333333,0.0,0.1666666666666666,0.1666666666666666,0.3333333333333333,0.125,0.1341666666666666
iao,blod,0.1666666666666666,0.5,0.3333333333333333,0.5,0.25,0.5,0.0,0.0,0.2216666666666666,0.0,0.1666666666666666,0.5,0.375,0.1875,0.2220833333333333
ocd,blod,0.1666666666666666,0.5,0.6666666666666666,0.0,0.0,0.5,0.0,0.0,0.8150000000000001,0.5,0.5,0.8333333333333334,0.3333333333333333,0.125,0.6620833333333334
cco,blod,0.1666666666666666,0.5,0.6666666666666666,0.0,0.25,0.5,0.0,0.0,0.2216666666666666,0.0,0.1666666666666666,0.5,0.3333333333333333,0.1875,0.2220833333333333
chemrof,blod,0.1666666666666666,0.5,0.6666666666666666,0.0,0.0,0.5,0.0,0.0,0.7399999999999999,0.0,0.1666666666666666,0.5,0.3333333333333333,0.125,0.3516666666666666
amphx,blod,0.1666666666666666,0.5,0.3333333333333333,0.5,0.25,0.5,0.0,0.0,0.7600000000000001,0.0,0.1666666666666666,0.8333333333333334,0.375,0.1875,0.44
dto,blod,0.1666666666666666,0.5,0.6666666666666666,0.0,0.0,0.5,0.0,0.0,0.7399999999999999,0.0,0.1666666666666666,0.5,0.3333333333333333,0.125,0.3516666666666666
carolio,blod,0.1666666666666666,0.5,0.6666666666666666,0.0,0.0,0.5,0.0,0.0,0.7399999999999999,0.0,0.1666666666666666,0.5,0.3333333333333333,0.125,0.3516666666666666
odnae,blod,0.1666666666666666,0.5,0.3333333333333333,0.5,0.25,0.5,0.0,0.0,0.7399999999999999,0.0,0.1666666666666666,0.5,0.375,0.1875,0.3516666666666666
oae,blod,0.1666666666666666,0.5,0.3333333333333333,0.5,0.25,0.5,0.0,0.0,0.7600000000000001,0.0,0.1666666666666666,0.8333333333333334,0.375,0.1875,0.44
iceo,blod,0.1666666666666666,0.5,0.3333333333333333,0.5,0.25,0.5,0.0,0.0,0.7399999999999999,0.0,0.1666666666666666,0.5,0.375,0.1875,0.3516666666666666
fbbi,blod,0.5,1.0,0.6666666666666666,0.1666666666666666,0.5,0.5,0.6666666666666666,0.1666666666666666,0.7399999999999999,0.0,0.1666666666666666,0.5,0.5833333333333333,0.4583333333333333,0.3516666666666666
cmo,blod,0.1666666666666666,0.5,0.6666666666666666,0.0,0.0,0.5,0.0,0.0,0.7399999999999999,0.0,0.1666666666666666,0.5,0.3333333333333333,0.125,0.3516666666666666
go,blod,0.1666666666666666,0.375,0.0,0.0,0.5,0.5,0.3333333333333333,0.1666666666666666,0.7600000000000001,0.0,0.1666666666666666,0.8333333333333334,0.1354166666666666,0.375,0.44
hancestro,blod,0.1666666666666666,0.375,0.0,0.0,0.25,0.5,0.0,0.0,0.7600000000000001,0.0,0.1666666666666666,0.8333333333333334,0.1354166666666666,0.1875,0.44
ico,blod,0.1666666666666666,0.5,0.3333333333333333,0.5,0.25,0.5,0.0,0.0,0.7600000000000001,0.0,0.1666666666666666,0.8333333333333334,0.375,0.1875,0.44
pr,blod,0.1666666666666666,0.375,0.0,0.0,0.25,0.5,0.0,0.0,0.7600000000000001,0.0,0.1666666666666666,0.8333333333333334,0.1354166666666666,0.1875,0.44
proco,blod,0.1666666666666666,0.5,0.3333333333333333,0.5,0.25,0.5,0.0,0.0,0.7600000000000001,0.0,0.1666666666666666,0.8333333333333334,0.375,0.1875,0.44
miapa,blod,0.1666666666666666,0.375,0.0,0.0,0.25,0.5,0.0,0.0,0.7399999999999999,0.0,0.1666666666666666,0.5,0.1354166666666666,0.1875,0.3516666666666666
vo,blod,0.1666666666666666,0.5,0.6666666666666666,0.0,0.25,0.5,0.0,0.0,0.7600000000000001,0.0,0.1666666666666666,0.8333333333333334,0.3333333333333333,0.1875,0.44
fideo,blod,0.1666666666666666,0.5,0.3333333333333333,0.5,0.5,0.5,0.3333333333333333,0.1666666666666666,0.7600000000000001,0.0,0.1666666666666666,0.8333333333333334,0.375,0.375,0.44
ohmi,blod,0.1666666666666666,0.5,0.3333333333333333,0.5,0.25,0.5,0.0,0.0,0.7600000000000001,0.0,0.1666666666666666,0.8333333333333334,0.375,0.1875,0.44
ohd,blod,0.1666666666666666,0.375,0.0,0.0,0.25,0.0,0.3333333333333333,0.1666666666666666,0.7600000000000001,0.0,0.1666666666666666,0.8333333333333334,0.1354166666666666,0.1874999999999999,0.44
mop,blod,0.1666666666666666,0.5,0.3333333333333333,0.5,0.25,0.5,0.0,0.0,0.7399999999999999,0.0,0.1666666666666666,0.5,0.375,0.1875,0.3516666666666666
eupath,blod,0.1666666666666666,0.5,0.3333333333333333,0.5,0.25,0.5,0.0,0.0,0.7399999999999999,0.0,0.1666666666666666,0.5,0.375,0.1875,0.3516666666666666
spd,blod,0.1666666666666666,0.5,0.6666666666666666,0.0,0.0,0.5,0.0,0.0,0.7399999999999999,0.0,0.1666666666666666,0.5,0.3333333333333333,0.125,0.3516666666666666
pato,blod,0.1666666666666666,0.5,0.3333333333333333,0.5,0.25,0.5,0.0,0.0,0.7600000000000001,0.0,0.1666666666666666,0.8333333333333334,0.375,0.1875,0.44
cdno,blod,0.1666666666666666,0.5,0.0,0.1666666666666666,0.25,0.5,0.0,0.0,0.7600000000000001,0.0,0.1666666666666666,0.8333333333333334,0.2083333333333333,0.1875,0.44
gecko,blod,0.1666666666666666,0.5,0.3333333333333333,0.5,0.25,0.5,0.0,0.0,0.7600000000000001,0.0,0.1666666666666666,0.8333333333333334,0.375,0.1875,0.44
bspo,blod,0.1666666666666666,0.5,0.3333333333333333,0.5,0.25,0.5,0.0,0.0,0.7600000000000001,0.0,0.1666666666666666,0.8333333333333334,0.375,0.1875,0.44
epo,blod,0.1666666666666666,0.375,0.0,0.0,0.25,0.5,0.0,0.0,0.7399999999999999,0.0,0.1666666666666666,0.5,0.1354166666666666,0.1875,0.3516666666666666
oarcs,blod,0.1666666666666666,0.5,0.3333333333333333,0.5,0.25,0.5,0.0,0.0,0.7399999999999999,0.0,0.1666666666666666,0.5,0.375,0.1875,0.3516666666666666
ovae,blod,0.1666666666666666,0.375,0.0,0.0,0.25,0.5,0.0,0.0,0.7399999999999999,0.0,0.1666666666666666,0.5,0.1354166666666666,0.1875,0.3516666666666666
phipo,blod,0.1666666666666666,0.5,0.3333333333333333,0.5,0.25,0.5,0.0,0.0,0.7600000000000001,0.0,0.1666666666666666,0.8333333333333334,0.375,0.1875,0.44
vbo,blod,0.1666666666666666,0.5,0.3333333333333333,0.5,0.25,0.5,0.0,0.0,0.7600000000000001,0.0,0.1666666666666666,0.8333333333333334,0.375,0.1875,0.44
vt,blod,0.1666666666666666,0.5,0.6666666666666666,0.0,0.5,0.5,0.3333333333333333,0.1666666666666666,0.7399999999999999,0.0,0.1666666666666666,0.5,0.3333333333333333,0.375,0.3516666666666666
fovt,blod,0.1666666666666666,0.5,0.3333333333333333,0.5,0.25,0.5,0.0,0.0,0.7600000000000001,0.0,0.1666666666666666,0.8333333333333334,0.375,0.1875,0.44
fobi,blod,0.1666666666666666,0.5,0.3333333333333333,0.5,0.25,0.5,0.0,0.0,0.7399999999999999,0.0,0.1666666666666666,0.5,0.375,0.1875,0.3516666666666666
gexo,blod,0.1666666666666666,0.375,0.0,0.0,0.75,1.0,0.3333333333333333,0.8333333333333334,0.7399999999999999,0.0,0.1666666666666666,0.5,0.1354166666666666,0.7291666666666667,0.3516666666666666
lepao,blod,0.1666666666666666,0.5,0.3333333333333333,0.5,0.25,0.5,0.0,0.0,0.7399999999999999,0.0,0.1666666666666666,0.5,0.375,0.1875,0.3516666666666666
flopo,blod,0.1666666666666666,0.5,0.3333333333333333,0.5,0.25,0.5,0.0,0.0,0.7399999999999999,0.0,0.1666666666666666,0.5,0.375,0.1875,0.3516666666666666
fma,blod,0.1666666666666666,0.5,0.6666666666666666,0.0,0.25,0.5,0.0,0.0,0.7399999999999999,0.0,0.1666666666666666,0.5,0.3333333333333333,0.1875,0.3516666666666666
obi,blod,0.1666666666666666,0.5,0.6666666666666666,0.0,0.25,0.5,0.0,0.0,0.7600000000000001,0.0,0.1666666666666666,0.8333333333333334,0.3333333333333333,0.1875,0.44
obib,blod,0.1666666666666666,0.5,0.3333333333333333,0.5,0.25,0.5,0.0,0.0,0.7600000000000001,0.0,0.1666666666666666,0.8333333333333334,0.375,0.1875,0.44
micro,blod,0.1666666666666666,0.5,0.3333333333333333,0.5,0.25,0.5,0.0,0.0,0.7399999999999999,0.0,0.1666666666666666,0.5,0.375,0.1875,0.3516666666666666
vso,blod,0.1666666666666666,0.5,0.6666666666666666,0.8333333333333334,0.625,1.0,0.8333333333333334,0.6666666666666666,0.7399999999999999,0.0,0.1666666666666666,0.5,0.5416666666666666,0.78125,0.3516666666666666
ogg,blod,0.1666666666666666,0.375,0.0,0.0,0.5,0.5,0.6666666666666666,0.1666666666666666,0.7600000000000001,0.0,0.1666666666666666,0.8333333333333334,0.1354166666666666,0.4583333333333333,0.44
omit,blod,0.1666666666666666,0.375,0.0,0.0,0.0,0.5,0.0,0.0,0.7399999999999999,0.0,0.1666666666666666,0.5,0.1354166666666666,0.125,0.3516666666666666
caro,blod,0.1666666666666666,0.5,0.3333333333333333,0.5,0.25,0.5,0.0,0.0,0.7600000000000001,0.0,0.1666666666666666,0.8333333333333334,0.375,0.1875,0.44
nbo,blod,0.1666666666666666,0.5,0.3333333333333333,0.5,0.25,0.5,0.0,0.0,0.7600000000000001,0.0,0.1666666666666666,0.8333333333333334,0.375,0.1875,0.44
mi,blod,0.1666666666666666,0.5,0.3333333333333333,0.5,0.25,0.5,0.0,0.0,0.7399999999999999,0.0,0.1666666666666666,0.5,0.375,0.1875,0.3516666666666666
biolink,blod,0.1666666666666666,0.5,0.6666666666666666,0.0,0.0,0.5,0.0,0.0,0.2033333333333333,0.0,0.1666666666666666,0.1666666666666666,0.3333333333333333,0.125,0.1341666666666666
ocimido,blod,0.1666666666666666,0.5,0.6666666666666666,0.0,0.0,0.5,0.0,0.0,0.7399999999999999,0.0,0.1666666666666666,0.5,0.3333333333333333,0.125,0.3516666666666666
opmi,blod,0.1666666666666666,0.5,0.3333333333333333,0.5,0.25,0.5,0.0,0.0,0.7600000000000001,0.0,0.1666666666666666,0.8333333333333334,0.375,0.1875,0.44
do,blod,0.1666666666666666,0.375,0.0,0.0,0.0,0.5,0.0,0.0,0.7399999999999999,0.0,0.1666666666666666,0.5,0.1354166666666666,0.125,0.3516666666666666
gsso,blod,0.1666666666666666,0.375,0.0,0.0,0.75,1.0,0.3333333333333333,0.8333333333333334,0.7600000000000001,0.0,0.1666666666666666,0.8333333333333334,0.1354166666666666,0.7291666666666667,0.44
rxno,blod,0.1666666666666666,0.5,0.3333333333333333,0.5,0.25,0.5,0.0,0.0,0.7399999999999999,0.0,0.1666666666666666,0.5,0.375,0.1875,0.3516666666666666
cob,blod,0.1666666666666666,0.375,0.0,0.0,0.25,0.5,0.0,0.0,0.7600000000000001,0.0,0.1666666666666666,0.8333333333333334,0.1354166666666666,0.1875,0.44
ocmr,blod,0.1666666666666666,0.5,0.3333333333333333,0.5,0.25,0.5,0.0,0.0,0.7399999999999999,0.0,0.1666666666666666,0.5,0.375,0.1875,0.3516666666666666
edam-bioimaging,blod,0.1666666666666666,0.5,0.6666666666666666,0.0,0.0,0.5,0.0,0.0,0.7399999999999999,0.0,0.1666666666666666,0.5,0.3333333333333333,0.125,0.3516666666666666
sepio,blod,0.1666666666666666,0.5,0.3333333333333333,0.5,0.25,0.5,0.0,0.0,0.7399999999999999,0.0,0.1666666666666666,0.5,0.375,0.1875,0.3516666666666666
rbo,blod,0.1666666666666666,0.5,0.3333333333333333,0.5,0.25,0.5,0.0,0.0,0.7399999999999999,0.0,0.1666666666666666,0.5,0.375,0.1875,0.3516666666666666
symp,blod,0.1666666666666666,0.375,0.0,0.0,0.25,0.5,0.0,0.0,0.7399999999999999,0.0,0.1666666666666666,0.5,0.1354166666666666,0.1875,0.3516666666666666
ogsf,blod,0.1666666666666666,0.5,0.3333333333333333,0.5,0.25,0.5,0.0,0.0,0.7600000000000001,0.0,0.1666666666666666,0.8333333333333334,0.375,0.1875,0.44
ocvdae,blod,0.1666666666666666,0.375,0.0,0.0,0.0,0.5,0.0,0.0,0.7600000000000001,0.0,0.1666666666666666,0.8333333333333334,0.1354166666666666,0.125,0.44
codo,blod,0.1666666666666666,0.375,0.0,0.0,0.0,0.5,0.0,0.0,0.7399999999999999,0.0,0.1666666666666666,0.5,0.1354166666666666,0.125,0.3516666666666666
covid-19,blod,0.1666666666666666,0.375,0.0,0.0,0.25,0.0,0.1666666666666666,0.0,0.7399999999999999,0.0,0.1666666666666666,0.5,0.1354166666666666,0.1041666666666666,0.3516666666666666
obiws,blod,0.1666666666666666,0.375,0.0,0.0,0.0,0.5,0.0,0.0,0.7399999999999999,0.0,0.1666666666666666,0.5,0.1354166666666666,0.125,0.3516666666666666
mpio/mpio,blod,0.1666666666666666,0.375,0.0,0.0,0.0,0.5,0.0,0.0,0.7399999999999999,0.0,0.1666666666666666,0.5,0.1354166666666666,0.125,0.3516666666666666
oba/oba,blod,0.1666666666666666,0.375,0.0,0.0,0.0,0.5,0.0,0.0,0.7600000000000001,0.0,0.1666666666666666,0.8333333333333334,0.1354166666666666,0.125,0.44
aro/aro,blod,0.1666666666666666,0.375,0.0,0.0,0.0,0.5,0.0,0.0,0.7399999999999999,0.0,0.1666666666666666,0.5,0.1354166666666666,0.125,0.3516666666666666
modsci/modsci,blod,0.3333333333333333,0.5,0.6666666666666666,0.8333333333333334,0.625,1.0,0.8333333333333334,1.0,0.7600000000000001,0.0,0.1666666666666666,0.8333333333333334,0.5833333333333334,0.8645833333333334,0.44
scdo/scdo,blod,0.1666666666666666,0.375,0.0,0.0,0.0,0.5,0.0,0.0,0.7399999999999999,0.0,0.1666666666666666,0.5,0.1354166666666666,0.125,0.3516666666666666
bmont/bmont,blod,0.1666666666666666,0.375,0.0,0.0,0.0,0.5,0.0,0.0,0.7399999999999999,0.0,0.1666666666666666,0.5,0.1354166666666666,0.125,0.3516666666666666
cmpo/cmpo,blod,0.1666666666666666,0.5,0.0,0.1666666666666666,0.25,0.5,0.0,0.0,0.7399999999999999,0.0,0.1666666666666666,0.5,0.2083333333333333,0.1875,0.3516666666666666
ngbo/ngbo,blod,0.1666666666666666,0.375,0.0,0.0,0.25,0.0,0.1666666666666666,0.0,0.7600000000000001,0.0,0.1666666666666666,0.8333333333333334,0.1354166666666666,0.1041666666666666,0.44
cvdo/cvdo,blod,0.1666666666666666,0.5,0.6666666666666666,0.0,0.0,0.5,0.0,0.0,0.7600000000000001,0.0,0.1666666666666666,0.8333333333333334,0.3333333333333333,0.125,0.44
exo,blod,0.1666666666666666,0.5,0.0,0.1666666666666666,0.25,0.5,0.0,0.0,0.7399999999999999,0.0,0.1666666666666666,0.5,0.2083333333333333,0.1875,0.3516666666666666
labo/labo,blod,0.1666666666666666,0.5,0.6666666666666666,0.0,0.0,0.5,0.0,0.0,0.7399999999999999,0.0,0.1666666666666666,0.5,0.3333333333333333,0.125,0.3516666666666666
vio,blod,0.1666666666666666,0.5,0.6666666666666666,0.0,0.0,0.5,0.0,0.0,0.7399999999999999,0.0,0.1666666666666666,0.5,0.3333333333333333,0.125,0.3516666666666666
cteno/cteno,blod,0.1666666666666666,0.5,0.6666666666666666,0.0,0.0,0.5,0.0,0.0,0.7399999999999999,0.0,0.1666666666666666,0.5,0.3333333333333333,0.125,0.3516666666666666
ceph/ceph,blod,0.1666666666666666,0.5,0.6666666666666666,0.0,0.0,0.5,0.0,0.0,0.7399999999999999,0.0,0.1666666666666666,0.5,0.3333333333333333,0.125,0.3516666666666666
aero,blod,0.1666666666666666,0.5,0.6666666666666666,0.0,0.5,0.5,0.3333333333333333,0.1666666666666666,0.7399999999999999,0.0,0.1666666666666666,0.5,0.3333333333333333,0.375,0.3516666666666666
xco,blod,0.1666666666666666,0.375,0.0,0.0,0.0,0.5,0.0,0.0,0.7399999999999999,0.0,0.1666666666666666,0.5,0.1354166666666666,0.125,0.3516666666666666
sbo,blod,0.1666666666666666,0.5,0.3333333333333333,0.5,0.5,0.5,0.3333333333333333,0.1666666666666666,0.7399999999999999,0.0,0.1666666666666666,0.5,0.375,0.375,0.3516666666666666
vsao,blod,0.1666666666666666,0.375,0.0,0.0,0.0,0.0,0.0,0.0,0.7399999999999999,0.0,0.1666666666666666,0.5,0.1354166666666666,0.0,0.3516666666666666
ADL,che-cloud,0.16666666666666666,0.75,0.0,0.0,0.0,0.0,0.0,0.0,0.20333333333333334,0.0,0.16666666666666666,0.25,0.22916666666666666,0.0,0.155
ARIADNE,che-cloud,0.16666666666666666,0.75,0.0,0.0,0.0,0.0,0.0,0.0,0.22166666666666668,0.125,0.16666666666666666,0.75,0.22916666666666666,0.0,0.3158333333333333
ARTSDATA-CA,che-cloud,0.16666666666666666,0.75,0.0,0.0,0.0,0.0,0.0,0.0,0.22166666666666668,0.125,0.16666666666666666,0.75,0.22916666666666666,0.0,0.3158333333333333
ASCDC-AS-NTUE-School-Art-Textbooks,che-cloud,0.16666666666666666,1.0,0.6666666666666666,0.16666666666666666,0.75,0.5,0.6666666666666666,0.6666666666666666,0.4066666666666667,0.25,0.5,0.75,0.5,0.6458333333333333,0.4766666666666667
ASCDC-AS-TFD-Fish-Species,che-cloud,0.16666666666666666,1.0,0.6666666666666666,0.16666666666666666,0.75,0.5,0.6666666666666666,0.6666666666666666,0.4066666666666667,0.25,0.5,0.75,0.5,0.6458333333333333,0.4766666666666667
ASCDC-CRB,che-cloud,0.16666666666666666,1.0,0.6666666666666666,0.16666666666666666,0.75,0.5,0.6666666666666666,0.6666666666666666,0.4066666666666667,0.25,0.5,0.75,0.5,0.6458333333333333,0.4766666666666667
ASCDC-CTS-TV-Programs,che-cloud,0.16666666666666666,1.0,0.6666666666666666,0.16666666666666666,0.75,0.5,0.6666666666666666,0.6666666666666666,0.4066666666666667,0.25,0.5,0.75,0.5,0.6458333333333333,0.4766666666666667
ASCDC-DQOT,che-cloud,0.16666666666666666,1.0,0.6666666666666666,0.16666666666666666,0.75,0.5,0.6666666666666666,0.6666666666666666,0.4066666666666667,0.25,0.5,0.75,0.5,0.6458333333333333,0.4766666666666667
ASCDC-IHP-WCD,che-cloud,0.16666666666666666,1.0,0.6666666666666666,0.16666666666666666,0.75,0.5,0.6666666666666666,0.6666666666666666,0.4066666666666667,0.25,0.5,0.75,0.5,0.6458333333333333,0.4766666666666667
ASCDC-Linked-Taiwan-Artists,che-cloud,0.16666666666666666,1.0,0.6666666666666666,0.16666666666666666,0.75,0.5,1.0,0.6666666666666666,0.4066666666666667,0.25,0.5,0.75,0.5,0.7291666666666666,0.4766666666666667
ASCDC-NMMBA-Aquatic-Animals-in-Taiwan,che-cloud,0.16666666666666666,1.0,0.6666666666666666,0.16666666666666666,0.75,0.5,0.6666666666666666,0.6666666666666666,0.4066666666666667,0.25,0.5,0.75,0.5,0.6458333333333333,0.4766666666666667
ASCDC-NMMBA-Fish-Otoliths,che-cloud,0.16666666666666666,1.0,0.6666666666666666,0.16666666666666666,0.75,0.5,0.6666666666666666,0.6666666666666666,0.4066666666666667,0.25,0.5,0.75,0.5,0.6458333333333333,0.4766666666666667
ASCDC-Qing-Secret-Societies,che-cloud,0.16666666666666666,1.0,0.6666666666666666,0.16666666666666666,0.75,0.5,1.0,0.6666666666666666,0.4266666666666667,0.5,0.5,0.75,0.5,0.7291666666666666,0.5441666666666667
ASCDC-Tibetan-Audio-Archive,che-cloud,0.16666666666666666,1.0,0.6666666666666666,0.16666666666666666,0.75,0.5,0.6666666666666666,0.6666666666666666,0.4066666666666667,0.25,0.5,0.75,0.5,0.6458333333333333,0.4766666666666667
ASCDC-_NTM-Formosan-Aborigines,che-cloud,0.16666666666666666,1.0,0.6666666666666666,0.16666666666666666,0.75,0.5,0.6666666666666666,0.6666666666666666,0.4066666666666667,0.25,0.5,0.75,0.5,0.6458333333333333,0.4766666666666667
ASCDC_-_CCP_Archive,che-cloud,0.16666666666666666,1.0,0.6666666666666666,0.16666666666666666,0.75,0.5,0.6666666666666666,0.6666666666666666,0.4066666666666667,0.25,0.5,0.75,0.5,0.6458333333333333,0.4766666666666667
ASCDC_-_DNB,che-cloud,0.16666666666666666,1.0,0.6666666666666666,0.16666666666666666,0.75,0.5,0.6666666666666666,0.6666666666666666,0.4066666666666667,0.25,0.5,0.75,0.5,0.6458333333333333,0.4766666666666667
ATLAS-Italian-Digital-CH,che-cloud,0.16666666666666666,0.75,0.0,0.0,0.0,0.0,0.0,0.0,0.555,0.0,0.16666666666666666,0.75,0.22916666666666666,0.0,0.36791666666666667
Antique-Renaissance,che-cloud,0.16666666666666666,0.75,0.0,0.0,0.0,0.0,0.0,0.0,0.20333333333333334,0.125,0.16666666666666666,0.25,0.22916666666666666,0.0,0.18625
ArCo,che-cloud,0.16666666666666666,0.75,0.0,0.0,0.0,0.0,0.0,0.0,0.7399999999999999,0.0,0.16666666666666666,0.75,0.22916666666666666,0.0,0.4141666666666666
Archives-Hub,che-cloud,0.16666666666666666,0.75,0.0,0.0,0.0,0.0,0.0,0.0,0.7216666666666667,0.0,0.16666666666666666,0.25,0.22916666666666666,0.0,0.2845833333333333
Atlas-of-Paths,che-cloud,0.16666666666666666,0.75,0.0,0.0,0.0,0.0,0.0,0.0,0.5366666666666666,0.0,0.16666666666666666,0.25,0.22916666666666666,0.0,0.2383333333333333
Auckland-Museum,che-cloud,0.16666666666666666,0.75,0.0,0.0,0.0,0.0,0.0,0.0,0.018333333333333333,0.0,0.16666666666666666,0.25,0.22916666666666666,0.0,0.10875
BFOntology,che-cloud,0.16666666666666666,0.75,0.0,0.0,0.0,0.0,0.0,0.0,0.7783333333333333,0.25,0.16666666666666666,0.75,0.22916666666666666,0.0,0.48625
BNE,che-cloud,0.16666666666666666,0.75,0.0,0.0,0.0,0.0,0.0,0.0,0.03666666666666667,0.0,0.16666666666666666,0.75,0.22916666666666666,0.0,0.23833333333333334
BVMC,che-cloud,0.16666666666666666,1.0,0.6666666666666666,0.16666666666666666,0.75,0.5,0.6666666666666666,0.6666666666666666,0.6088,1.0,0.6666666666666666,1.0,0.5,0.6458333333333333,0.8188666666666666
CIDOC-CRM,che-cloud,0.16666666666666666,0.75,0.0,0.0,0.0,0.0,0.0,0.0,0.5366666666666666,0.0,0.16666666666666666,0.25,0.22916666666666666,0.0,0.2383333333333333
Chinese_Red_Classic_Song_Linked_Data_Dataset,che-cloud,0.16666666666666666,1.0,0.6666666666666666,0.16666666666666666,0.75,0.5,1.0,0.6666666666666666,0.4266666666666667,0.5,0.16666666666666666,0.75,0.5,0.7291666666666666,0.4608333333333334
ConfermentSampo,che-cloud,0.16666666666666666,0.75,0.0,0.0,0.0,0.0,0.0,0.0,0.4066666666666667,1.0,0.6666666666666666,1.0,0.22916666666666666,0.0,0.7683333333333333
Copyright_Free_Music,che-cloud,0.16666666666666666,1.0,0.6666666666666666,0.16666666666666666,0.75,0.5,0.6666666666666666,0.6666666666666666,0.4066666666666667,0.5,0.16666666666666666,0.75,0.5,0.6458333333333333,0.45583333333333337
DOLCE,che-cloud,0.16666666666666666,0.75,0.0,0.0,0.0,0.0,0.0,0.0,0.7600000000000001,0.25,0.16666666666666666,0.25,0.22916666666666666,0.0,0.35666666666666674
DigitalNZ,che-cloud,0.16666666666666666,0.75,0.0,0.0,0.0,0.0,0.0,0.0,0.03666666666666667,0.0,0.16666666666666666,0.75,0.22916666666666666,0.0,0.23833333333333334
Epigraphic-Database-Heidelberg,che-cloud,0.16666666666666666,0.75,0.0,0.0,0.0,0.0,0.0,0.0,0.555,0.0,0.16666666666666666,0.75,0.22916666666666666,0.0,0.36791666666666667
FI-Library,che-cloud,0.16666666666666666,0.75,0.0,0.0,0.0,0.0,0.0,0.0,0.38833333333333336,0.75,0.5,0.25,0.22916666666666666,0.0,0.47208333333333335
FI-Museum,che-cloud,0.16666666666666666,0.75,0.0,0.0,0.0,0.0,0.0,0.0,0.22166666666666668,0.75,0.16666666666666666,0.75,0.22916666666666666,0.0,0.47208333333333335
FOod,che-cloud,0.16666666666666666,0.75,0.0,0.0,0.0,0.0,0.0,0.0,0.03666666666666667,0.0,0.16666666666666666,0.75,0.22916666666666666,0.0,0.23833333333333334
Fondazione-Zeri,che-cloud,0.16666666666666666,0.75,0.0,0.0,0.0,0.0,0.0,0.0,0.03666666666666667,0.0,0.16666666666666666,0.75,0.22916666666666666,0.0,0.23833333333333334
HaMSE,che-cloud,0.16666666666666666,0.75,0.0,0.0,0.0,0.0,0.0,0.0,0.03666666666666667,0.0,0.16666666666666666,0.75,0.22916666666666666,0.0,0.23833333333333334
ICON,che-cloud,0.16666666666666666,0.75,0.0,0.0,0.0,0.0,0.0,0.0,0.555,0.0,0.16666666666666666,0.75,0.22916666666666666,0.0,0.36791666666666667
ISSN:0080-3626,che-cloud,0.16666666666666666,1.0,0.6666666666666666,0.16666666666666666,0.75,0.5,0.6666666666666666,0.6666666666666666,0.36999999999999994,0.25,0.16666666666666666,0.75,0.5,0.6458333333333333,0.38416666666666666
Inztrow,che-cloud,0.16666666666666666,1.0,0.6666666666666666,0.16666666666666666,0.75,0.5,1.0,0.6666666666666666,0.38833333333333336,0.5,0.16666666666666666,0.25,0.5,0.7291666666666666,0.32625000000000004
Japan-Search,che-cloud,0.16666666666666666,0.75,0.0,0.0,0.0,0.0,0.0,0.0,0.2733333333333333,0.75,0.6666666666666666,1.0,0.22916666666666666,0.0,0.6725
Korea-Library,che-cloud,0.16666666666666666,0.75,0.0,0.0,0.0,0.0,0.0,0.0,0.018333333333333333,0.0,0.16666666666666666,0.25,0.22916666666666666,0.0,0.10875
Kronika_naukowa_Biblioteki_Jagiellońskiej,che-cloud,0.16666666666666666,0.75,0.0,0.0,0.25,0.5,0.0,0.0,0.36999999999999994,0.25,0.16666666666666666,0.75,0.22916666666666666,0.1875,0.38416666666666666
Library-of-America,che-cloud,0.16666666666666666,0.75,0.0,0.0,0.0,0.0,0.0,0.0,0.03666666666666667,0.0,0.16666666666666666,0.75,0.22916666666666666,0.0,0.23833333333333334
Linguistic-Phenomena-Ontology,che-cloud,0.16666666666666666,0.75,0.0,0.0,0.0,0.0,0.0,0.0,0.018333333333333333,0.0,0.16666666666666666,0.25,0.22916666666666666,0.0,0.10875
LucaniPharsalia,che-cloud,0.16666666666666666,1.0,0.6666666666666666,0.16666666666666666,0.75,0.5,1.0,0.6666666666666666,0.7783333333333333,0.5,0.6666666666666666,1.0,0.5,0.7291666666666666,0.73625
MMM,che-cloud,0.16666666666666666,0.75,0.0,0.0,0.0,0.0,0.0,0.0,0.9256333333333333,1.0,0.6666666666666666,1.0,0.22916666666666666,0.0,0.898075
MiMoTextBase,che-cloud,0.16666666666666666,0.75,0.0,0.0,0.0,0.0,0.0,0.0,0.7216666666666667,0.125,0.16666666666666666,0.25,0.22916666666666666,0.0,0.31583333333333335
Mondis,che-cloud,0.16666666666666666,0.75,0.0,0.0,0.0,0.0,0.0,0.0,0.018333333333333333,0.0,0.16666666666666666,0.25,0.22916666666666666,0.0,0.10875
Music-Note-Ontology,che-cloud,0.16666666666666666,0.75,0.0,0.0,0.0,0.0,0.0,0.0,0.03666666666666667,0.0,0.16666666666666666,0.75,0.22916666666666666,0.0,0.23833333333333334
MusicKG,che-cloud,0.16666666666666666,0.75,0.0,0.0,0.0,0.0,0.0,0.0,0.018333333333333333,0.0,0.16666666666666666,0.25,0.22916666666666666,0.0,0.10875
NLS,che-cloud,0.16666666666666666,0.75,0.0,0.0,0.0,0.0,0.0,0.0,0.23666666666666666,0.75,0.16666666666666666,0.25,0.22916666666666666,0.0,0.35083333333333333
National-Library-Netherlands,che-cloud,0.16666666666666666,0.75,0.0,0.0,0.0,0.0,0.0,0.0,0.24,1.0,0.6666666666666666,1.0,0.22916666666666666,0.0,0.7266666666666667
National-Library-of-Scotland,che-cloud,0.16666666666666666,0.75,0.0,0.0,0.0,0.0,0.0,0.0,0.03666666666666667,0.0,0.16666666666666666,0.75,0.22916666666666666,0.0,0.23833333333333334
Odeuropa,che-cloud,0.16666666666666666,0.75,0.0,0.0,0.0,0.0,0.0,0.0,0.7783333333333333,0.25,0.16666666666666666,0.75,0.22916666666666666,0.0,0.48625
OntoCeramic-2.0,che-cloud,0.16666666666666666,0.75,0.0,0.0,0.0,0.0,0.0,0.0,0.018333333333333333,0.0,0.16666666666666666,0.25,0.22916666666666666,0.0,0.10875
OntoComedySources,che-cloud,0.16666666666666666,0.75,0.0,0.0,0.0,0.0,0.0,0.0,0.018333333333333333,0.0,0.16666666666666666,0.25,0.22916666666666666,0.0,0.10875
Polifonia,che-cloud,0.16666666666666666,0.75,0.0,0.0,0.0,0.0,0.0,0.0,0.03666666666666667,0.0,0.16666666666666666,0.75,0.22916666666666666,0.0,0.23833333333333334
Querolus,che-cloud,0.16666666666666666,1.0,0.6666666666666666,0.16666666666666666,0.75,0.5,1.0,0.6666666666666666,0.7783333333333333,0.5,0.6666666666666666,1.0,0.5,0.7291666666666666,0.73625
Rijksmuseum,che-cloud,0.16666666666666666,0.75,0.0,0.0,0.0,0.0,0.0,0.0,0.22166666666666668,0.125,0.16666666666666666,0.75,0.22916666666666666,0.0,0.3158333333333333
Russian-Museum,che-cloud,0.16666666666666666,0.75,0.0,0.0,0.0,0.0,0.0,0.0,0.018333333333333333,0.0,0.16666666666666666,0.25,0.22916666666666666,0.0,0.10875
SaintGall-Ontology,che-cloud,0.16666666666666666,0.75,0.0,0.0,0.0,0.0,0.0,0.0,0.018333333333333333,0.0,0.16666666666666666,0.25,0.22916666666666666,0.0,0.10875
Semantic-Kalevala,che-cloud,0.16666666666666666,0.75,0.0,0.0,0.0,0.0,0.0,0.0,0.38906666666666667,0.75,0.5,0.75,0.22916666666666666,0.0,0.5972666666666666
Shanghai-Library-Open-Data-Platform,che-cloud,0.16666666666666666,0.75,0.0,0.0,0.0,0.0,0.0,0.0,0.24,0.75,0.6666666666666666,1.0,0.22916666666666666,0.0,0.6641666666666667
Sherry_Wine,che-cloud,0.16666666666666666,1.0,0.6666666666666666,0.16666666666666666,0.75,0.5,1.0,0.6666666666666666,0.38833333333333336,0.25,0.16666666666666666,0.75,0.5,0.7291666666666666,0.38875000000000004
Sherry_Wine_,che-cloud,0.16666666666666666,1.0,0.6666666666666666,0.16666666666666666,0.75,0.5,0.6666666666666666,0.6666666666666666,0.36999999999999994,0.25,0.16666666666666666,0.75,0.5,0.6458333333333333,0.38416666666666666
Smithsonian,che-cloud,0.16666666666666666,0.75,0.0,0.0,0.0,0.0,0.0,0.0,0.38833333333333336,0.75,0.16666666666666666,0.75,0.22916666666666666,0.0,0.51375
UDante,che-cloud,0.16666666666666666,1.0,0.6666666666666666,0.16666666666666666,0.75,0.5,1.0,0.6666666666666666,0.7783333333333333,0.5,0.6666666666666666,1.0,0.5,0.7291666666666666,0.73625
UFOntology,che-cloud,0.16666666666666666,0.75,0.0,0.0,0.0,0.0,0.0,0.0,0.7600000000000001,0.25,0.16666666666666666,0.25,0.22916666666666666,0.0,0.35666666666666674
Yale,che-cloud,0.16666666666666666,0.75,0.0,0.0,0.0,0.0,0.0,0.0,0.22166666666666668,0.0,0.16666666666666666,0.75,0.22916666666666666,0.0,0.2845833333333333
Zeri-Photo-Archive,che-cloud,0.16666666666666666,0.75,0.0,0.0,0.0,0.0,0.0,0.0,0.22166666666666668,0.0,0.16666666666666666,0.75,0.22916666666666666,0.0,0.2845833333333333
aliada-scanbit-net,che-cloud,0.16666666666666666,1.0,0.6666666666666666,0.16666666666666666,0.75,0.5,1.0,0.6666666666666666,0.4266666666666667,0.25,0.6666666666666666,1.0,0.5,0.7291666666666666,0.5858333333333333
amsterdam-museum-as-edm-lod,che-cloud,0.16666666666666666,1.0,0.6666666666666666,0.16666666666666666,0.75,0.5,1.0,0.6666666666666666,0.445,0.5,0.5,0.75,0.5,0.7291666666666666,0.5487500000000001
b3kat,che-cloud,0.16666666666666666,1.0,0.6666666666666666,0.16666666666666666,0.75,0.5,0.6666666666666666,0.6666666666666666,0.63,1.0,0.6666666666666666,1.0,0.5,0.6458333333333333,0.8241666666666666
bbc-music,che-cloud,0.16666666666666666,1.0,0.6666666666666666,0.16666666666666666,0.75,0.5,1.0,0.6666666666666666,0.4266666666666667,0.5,0.5,0.25,0.5,0.7291666666666666,0.4191666666666667
bbc-wildlife-finder,che-cloud,0.16666666666666666,1.0,0.6666666666666666,0.16666666666666666,0.75,0.5,1.0,0.6666666666666666,0.4266666666666667,0.25,0.5,0.75,0.5,0.7291666666666666,0.4816666666666667
biblioteca-nacional-escolar-bnescolar,che-cloud,0.16666666666666666,1.0,0.6666666666666666,0.16666666666666666,0.75,0.5,0.6666666666666666,0.6666666666666666,0.38833333333333336,0.5,0.5,0.25,0.5,0.6458333333333333,0.40958333333333335
bll-thesaurus,che-cloud,0.16666666666666666,1.0,0.6666666666666666,0.16666666666666666,0.75,0.5,0.6666666666666666,0.6666666666666666,0.4266666666666667,0.5,0.5,0.75,0.5,0.6458333333333333,0.5441666666666667
bluk-bnb,che-cloud,0.16666666666666666,1.0,0.6666666666666666,0.16666666666666666,0.75,0.5,1.0,0.6666666666666666,0.4266666666666667,0.25,0.5,0.75,0.5,0.7291666666666666,0.4816666666666667
bncf-ns,che-cloud,0.16666666666666666,1.0,0.6666666666666666,0.16666666666666666,0.75,0.5,1.0,0.6666666666666666,0.6116666666666667,1.0,0.6666666666666666,1.0,0.5,0.7291666666666666,0.8195833333333333
british-museum-collection,che-cloud,0.16666666666666666,1.0,0.6666666666666666,0.16666666666666666,0.75,0.5,0.6666666666666666,0.6666666666666666,0.38833333333333336,0.25,0.16666666666666666,0.25,0.5,0.6458333333333333,0.26375000000000004
calames,che-cloud,0.16666666666666666,1.0,0.6666666666666666,0.16666666666666666,0.75,0.5,0.6666666666666666,0.6666666666666666,0.4066666666666667,0.5,0.5,0.25,0.5,0.6458333333333333,0.4141666666666667
ceo,che-cloud,0.16666666666666666,1.0,0.6666666666666666,0.16666666666666666,0.75,0.5,1.0,0.6666666666666666,0.40746666666666664,1.0,0.6666666666666666,1.0,0.5,0.7291666666666666,0.7685333333333333
chronicling-america,che-cloud,0.16666666666666666,1.0,0.6666666666666666,0.16666666666666666,0.75,0.5,0.6666666666666666,0.6666666666666666,0.4066666666666667,0.5,0.5,0.25,0.5,0.6458333333333333,0.4141666666666667
cht,che-cloud,0.16666666666666666,1.0,0.6666666666666666,0.16666666666666666,0.75,0.5,1.0,0.6666666666666666,0.445,1.0,1.0,1.0,0.5,0.7291666666666666,0.8612500000000001
cinematheque-quebecoise-linked-open-data,che-cloud,0.16666666666666666,1.0,0.6666666666666666,0.16666666666666666,0.75,0.5,0.6666666666666666,0.6666666666666666,0.4266666666666667,0.25,0.5,0.75,0.5,0.6458333333333333,0.4816666666666667
classical_temples,che-cloud,0.16666666666666666,1.0,0.6666666666666666,0.16666666666666666,0.75,0.5,0.6666666666666666,0.6666666666666666,0.4066666666666667,0.5,0.16666666666666666,0.75,0.5,0.6458333333333333,0.45583333333333337
culturalinkeddata,che-cloud,0.16666666666666666,1.0,0.6666666666666666,0.16666666666666666,0.75,0.5,0.6666666666666666,0.6666666666666666,0.38833333333333336,1.0,0.16666666666666666,0.25,0.5,0.6458333333333333,0.45125000000000004
data-bnf-fr,che-cloud,0.16666666666666666,1.0,0.6666666666666666,0.16666666666666666,0.75,0.5,1.0,0.6666666666666666,0.4266666666666667,1.0,0.5,0.25,0.5,0.7291666666666666,0.5441666666666667
data-hnm-hu,che-cloud,0.16666666666666666,1.0,0.6666666666666666,0.16666666666666666,0.75,0.5,1.0,0.6666666666666666,0.445,0.5,0.5,0.75,0.5,0.7291666666666666,0.5487500000000001
data-incubator-climb,che-cloud,0.16666666666666666,1.0,0.6666666666666666,0.16666666666666666,0.75,0.5,1.0,0.6666666666666666,0.4066666666666667,0.25,0.6666666666666666,0.5,0.5,0.7291666666666666,0.4558333333333333
data-incubator-discogs,che-cloud,0.16666666666666666,1.0,0.6666666666666666,0.16666666666666666,0.75,0.5,1.0,0.6666666666666666,0.4266666666666667,0.5,0.5,0.75,0.5,0.7291666666666666,0.5441666666666667
data-incubator-moseley,che-cloud,0.16666666666666666,1.0,0.6666666666666666,0.16666666666666666,0.75,0.5,1.0,0.6666666666666666,0.445,0.5,0.6666666666666666,1.0,0.5,0.7291666666666666,0.6529166666666667
data-incubator-musicbrainz,che-cloud,0.16666666666666666,1.0,0.6666666666666666,0.16666666666666666,0.75,0.5,1.0,0.6666666666666666,0.4266666666666667,0.25,0.6666666666666666,1.0,0.5,0.7291666666666666,0.5858333333333333
data-szepmuveszeti-hu,che-cloud,0.16666666666666666,1.0,0.6666666666666666,0.16666666666666666,0.75,0.5,1.0,0.6666666666666666,0.4266666666666667,0.25,0.6666666666666666,1.0,0.5,0.7291666666666666,0.5858333333333333
datos-artium-org,che-cloud,0.16666666666666666,1.0,0.6666666666666666,0.16666666666666666,0.75,0.5,1.0,0.6666666666666666,0.4266666666666667,0.25,0.6666666666666666,1.0,0.5,0.7291666666666666,0.5858333333333333
datos-bne-es,che-cloud,0.16666666666666666,1.0,0.6666666666666666,0.16666666666666666,0.75,0.5,1.0,0.6666666666666666,0.445,1.0,0.6666666666666666,1.0,0.5,0.7291666666666666,0.7779166666666667
dbtropes,che-cloud,0.16666666666666666,1.0,0.6666666666666666,0.16666666666666666,0.75,0.5,0.6666666666666666,0.6666666666666666,0.4266666666666667,0.5,0.5,0.75,0.5,0.6458333333333333,0.5441666666666667
dbtune-artists-last-fm,che-cloud,0.16666666666666666,1.0,0.6666666666666666,0.16666666666666666,0.75,0.5,0.6666666666666666,0.6666666666666666,0.36999999999999994,0.25,0.5,0.25,0.5,0.6458333333333333,0.34249999999999997
dbtune-audioscrobbler,che-cloud,0.16666666666666666,1.0,0.6666666666666666,0.16666666666666666,0.75,0.5,0.6666666666666666,0.6666666666666666,0.36999999999999994,0.25,0.5,0.25,0.5,0.6458333333333333,0.34249999999999997
dbtune-classical,che-cloud,0.16666666666666666,1.0,0.6666666666666666,0.16666666666666666,0.75,0.5,0.6666666666666666,0.6666666666666666,0.4066666666666667,0.375,0.5,0.25,0.5,0.6458333333333333,0.3829166666666667
dbtune-john-peel-sessions,che-cloud,0.16666666666666666,1.0,0.6666666666666666,0.16666666666666666,0.75,0.5,1.0,0.6666666666666666,0.4266666666666667,0.5,0.5,0.25,0.5,0.7291666666666666,0.4191666666666667
dbtune-magnatune,che-cloud,0.16666666666666666,1.0,0.6666666666666666,0.16666666666666666,0.75,0.5,1.0,0.6666666666666666,0.4266666666666667,0.5,0.5,0.25,0.5,0.7291666666666666,0.4191666666666667
dbtune-musicbrainz,che-cloud,0.16666666666666666,1.0,0.6666666666666666,0.16666666666666666,0.75,0.5,0.6666666666666666,0.6666666666666666,0.4066666666666667,0.25,0.5,0.25,0.5,0.6458333333333333,0.3516666666666667
dbtune-myspace,che-cloud,0.16666666666666666,1.0,0.6666666666666666,0.16666666666666666,0.75,0.5,0.6666666666666666,0.6666666666666666,0.4066666666666667,0.25,0.5,0.25,0.5,0.6458333333333333,0.3516666666666667
deutsche-biographie,che-cloud,0.16666666666666666,1.0,0.6666666666666666,0.16666666666666666,0.75,0.5,1.0,0.6666666666666666,0.4266666666666667,0.5,0.5,0.25,0.5,0.7291666666666666,0.4191666666666667
deutsche-nationalbibliografie-dnb,che-cloud,0.16666666666666666,1.0,0.6666666666666666,0.16666666666666666,0.75,0.5,1.0,0.6666666666666666,0.4266666666666667,0.5,0.5,0.75,0.5,0.7291666666666666,0.5441666666666667
dm2e,che-cloud,0.16666666666666666,1.0,0.6666666666666666,0.16666666666666666,0.75,0.5,0.6666666666666666,0.6666666666666666,0.4066666666666667,0.25,0.5,0.75,0.5,0.6458333333333333,0.4766666666666667
dnb-gemeinsame-normdatei,che-cloud,0.16666666666666666,1.0,0.6666666666666666,0.16666666666666666,0.75,0.5,1.0,0.6666666666666666,0.4266666666666667,0.5,0.5,0.75,0.5,0.7291666666666666,0.5441666666666667
dutch-ships-and-sailors,che-cloud,0.16666666666666666,1.0,0.6666666666666666,0.16666666666666666,0.75,0.5,1.0,0.6666666666666666,0.4266666666666667,0.375,0.5,0.75,0.5,0.7291666666666666,0.5129166666666667
ecco-tcp-linked-data,che-cloud,0.16666666666666666,1.0,0.6666666666666666,0.16666666666666666,0.75,0.5,1.0,0.6666666666666666,0.4266666666666667,0.375,0.6666666666666666,1.0,0.5,0.7291666666666666,0.6170833333333333
eclap,che-cloud,0.16666666666666666,1.0,0.6666666666666666,0.16666666666666666,0.75,0.5,0.6666666666666666,0.6666666666666666,0.4266666666666667,0.25,0.5,0.75,0.5,0.6458333333333333,0.4816666666666667
english-heritage-periods-list,che-cloud,0.16666666666666666,1.0,0.6666666666666666,0.16666666666666666,0.75,0.5,1.0,0.6666666666666666,0.4633333333333334,1.0,0.6666666666666666,1.0,0.5,0.7291666666666666,0.7825
enslaved.org,che-cloud,0.16666666666666666,1.0,0.6666666666666666,0.16666666666666666,0.75,0.5,1.0,0.6666666666666666,0.4066666666666667,0.5,0.16666666666666666,0.75,0.5,0.7291666666666666,0.45583333333333337
europeana-lod-v1,che-cloud,0.16666666666666666,1.0,0.6666666666666666,0.16666666666666666,0.75,0.5,0.6666666666666666,0.6666666666666666,0.4633333333333334,0.5,0.93,1.0,0.5,0.6458333333333333,0.7233333333333334
europeana-sparql,che-cloud,0.16666666666666666,1.0,0.6666666666666666,0.16666666666666666,0.75,0.5,1.0,0.6666666666666666,0.4816666666666667,0.5,0.93,1.0,0.5,0.7291666666666666,0.7279166666666667
event-media,che-cloud,0.16666666666666666,1.0,0.6666666666666666,0.16666666666666666,0.75,0.5,1.0,0.6666666666666666,0.445,0.5,0.5,0.75,0.5,0.7291666666666666,0.5487500000000001
eventkg,che-cloud,0.16666666666666666,1.0,0.6666666666666666,0.16666666666666666,0.75,0.5,0.6666666666666666,0.6666666666666666,0.4066666666666667,0.25,0.5,0.75,0.5,0.6458333333333333,0.4766666666666667
freeyork-org,che-cloud,0.16666666666666666,1.0,0.6666666666666666,0.16666666666666666,0.75,0.5,1.0,0.6666666666666666,0.4066666666666667,0.25,0.5,0.75,0.5,0.7291666666666666,0.4766666666666667
geographic-names-information-system-gnis,che-cloud,0.16666666666666666,1.0,0.6666666666666666,0.16666666666666666,0.75,0.5,1.0,0.6666666666666666,0.4066666666666667,0.375,0.5,0.25,0.5,0.7291666666666666,0.3829166666666667
getty-aat,che-cloud,0.16666666666666666,1.0,0.6666666666666666,0.16666666666666666,0.75,0.5,1.0,0.6666666666666666,0.7399999999999999,0.125,0.16666666666666666,0.75,0.5,0.7291666666666666,0.4454166666666666
getty-tgn,che-cloud,0.16666666666666666,1.0,0.6666666666666666,0.16666666666666666,0.75,0.5,1.0,0.6666666666666666,0.445,0.5,0.5,0.75,0.5,0.7291666666666666,0.5487500000000001
glastonbury-2011,che-cloud,0.16666666666666666,1.0,0.6666666666666666,0.16666666666666666,0.75,0.5,0.6666666666666666,0.6666666666666666,0.38833333333333336,0.25,0.16666666666666666,0.75,0.5,0.6458333333333333,0.38875000000000004
googleart-wrapper,che-cloud,0.16666666666666666,1.0,0.6666666666666666,0.16666666666666666,0.75,0.5,1.0,0.6666666666666666,0.38833333333333336,0.25,0.5,0.25,0.5,0.7291666666666666,0.34708333333333335
greekchildrensartmuseum,che-cloud,0.16666666666666666,1.0,0.6666666666666666,0.16666666666666666,0.75,0.5,1.0,0.6666666666666666,0.7966666666666667,0.5,0.5,0.75,0.5,0.7291666666666666,0.6366666666666667
gutenberg,che-cloud,0.16666666666666666,1.0,0.6666666666666666,0.16666666666666666,0.75,0.5,1.0,0.6666666666666666,0.4266666666666667,0.5,0.5,0.75,0.5,0.7291666666666666,0.5441666666666667
hebis-bibliographic-resources,che-cloud,0.16666666666666666,1.0,0.6666666666666666,0.16666666666666666,0.75,0.5,1.0,0.6666666666666666,0.4266666666666667,0.25,0.6666666666666666,1.0,0.5,0.7291666666666666,0.5858333333333333
hedatuz,che-cloud,0.16666666666666666,1.0,0.6666666666666666,0.16666666666666666,0.875,0.5,0.6666666666666666,0.6666666666666666,0.4266666666666667,0.25,0.6666666666666666,1.0,0.5,0.6770833333333333,0.5858333333333333
http:cultural-opposition.eu,che-cloud,0.16666666666666666,1.0,0.6666666666666666,0.16666666666666666,0.75,0.5,1.0,0.6666666666666666,0.4066666666666667,0.25,0.16666666666666666,0.75,0.5,0.7291666666666666,0.3933333333333333
https:www.childrensartmuseum.grLD-project,che-cloud,0.16666666666666666,1.0,0.6666666666666666,0.16666666666666666,0.75,0.5,0.6666666666666666,0.6666666666666666,0.7600000000000001,0.5,0.5,0.75,0.5,0.6458333333333333,0.6275000000000001
hungarian-national-library-catalog,che-cloud,0.16666666666666666,1.0,0.6666666666666666,0.16666666666666666,0.75,0.5,0.6666666666666666,0.6666666666666666,0.4266666666666667,0.25,0.5,0.75,0.5,0.6458333333333333,0.4816666666666667
iislod-test,che-cloud,0.16666666666666666,1.0,0.6666666666666666,0.16666666666666666,0.75,0.5,1.0,0.6666666666666666,0.4266666666666667,1.0,0.3333333333333333,1.0,0.5,0.7291666666666666,0.69
jamendo-dbtune,che-cloud,0.16666666666666666,1.0,0.6666666666666666,0.16666666666666666,0.75,0.5,1.0,0.6666666666666666,0.4266666666666667,0.5,0.5,0.25,0.5,0.7291666666666666,0.4191666666666667
jiscopenbib-bl_bnb-1,che-cloud,0.16666666666666666,1.0,0.6666666666666666,0.16666666666666666,0.75,0.5,1.0,0.6666666666666666,0.4066666666666667,0.25,0.16666666666666666,0.75,0.5,0.7291666666666666,0.3933333333333333
jita,che-cloud,0.16666666666666666,1.0,0.6666666666666666,0.16666666666666666,0.75,0.5,1.0,0.6666666666666666,0.4816666666666667,0.5,1.0,1.0,0.5,0.7291666666666666,0.7454166666666666
john-goodwins-family-tree,che-cloud,0.16666666666666666,1.0,0.6666666666666666,0.16666666666666666,0.75,0.5,1.0,0.6666666666666666,0.4066666666666667,0.25,0.6666666666666666,0.5,0.5,0.7291666666666666,0.4558333333333333
judaicalink,che-cloud,0.16666666666666666,1.0,0.6666666666666666,0.16666666666666666,0.75,0.5,0.6666666666666666,0.6666666666666666,0.4066666666666667,0.5,0.5,0.25,0.5,0.6458333333333333,0.4141666666666667
lcsh,che-cloud,0.16666666666666666,1.0,0.6666666666666666,0.16666666666666666,0.75,0.5,0.6666666666666666,0.6666666666666666,0.4066666666666667,0.5,0.5,0.25,0.5,0.6458333333333333,0.4141666666666667
lcsubjects,che-cloud,0.16666666666666666,1.0,0.6666666666666666,0.16666666666666666,0.75,0.5,1.0,0.6666666666666666,0.38833333333333336,0.25,0.5,0.25,0.5,0.7291666666666666,0.34708333333333335
ldt@library,che-cloud,0.16666666666666666,1.0,0.6666666666666666,0.16666666666666666,0.75,0.5,0.6666666666666666,0.6666666666666666,0.445,0.5,0.5,0.75,0.5,0.6458333333333333,0.5487500000000001
libris,che-cloud,0.16666666666666666,1.0,0.6666666666666666,0.16666666666666666,0.75,0.5,0.6666666666666666,0.6666666666666666,0.47833333333333333,1.0,0.5,0.75,0.5,0.6458333333333333,0.6820833333333334
libver,che-cloud,0.16666666666666666,1.0,0.6666666666666666,0.16666666666666666,0.75,0.5,1.0,0.6666666666666666,0.4266666666666667,0.25,0.6666666666666666,1.0,0.5,0.7291666666666666,0.5858333333333333
linkedlccn,che-cloud,0.16666666666666666,1.0,0.6666666666666666,0.16666666666666666,0.75,0.5,1.0,0.6666666666666666,0.4066666666666667,0.25,0.5,0.25,0.5,0.7291666666666666,0.3516666666666667
linkedmdb,che-cloud,0.16666666666666666,1.0,0.6666666666666666,0.16666666666666666,0.75,0.5,1.0,0.6666666666666666,0.4266666666666667,0.25,0.5,0.75,0.5,0.7291666666666666,0.4816666666666667
lista-encabezamientos-materia,che-cloud,0.16666666666666666,1.0,0.6666666666666666,0.16666666666666666,0.75,0.5,0.6666666666666666,0.6666666666666666,0.4266666666666667,0.375,0.5,0.75,0.5,0.6458333333333333,0.5129166666666667
massobservationarchivecatalogue,che-cloud,0.16666666666666666,1.0,0.6666666666666666,0.16666666666666666,0.75,0.5,1.0,0.6666666666666666,0.4066666666666667,0.25,0.16666666666666666,0.75,0.5,0.7291666666666666,0.3933333333333333
mismuseos-gnoss,che-cloud,0.16666666666666666,1.0,0.6666666666666666,0.16666666666666666,0.75,0.5,1.0,0.6666666666666666,0.4266666666666667,0.5,0.5,0.75,0.5,0.7291666666666666,0.5441666666666667
muninn-world-war-i,che-cloud,0.16666666666666666,1.0,0.6666666666666666,0.16666666666666666,0.75,0.5,0.6666666666666666,0.6666666666666666,0.4816666666666667,0.5,0.8066666666666666,1.0,0.5,0.6458333333333333,0.6970833333333333
museosespania-gnoss,che-cloud,0.16666666666666666,1.0,0.6666666666666666,0.16666666666666666,0.75,0.5,1.0,0.6666666666666666,0.4266666666666667,0.5,0.6666666666666666,1.0,0.5,0.7291666666666666,0.6483333333333333
museums-in-italy,che-cloud,0.16666666666666666,1.0,0.6666666666666666,0.16666666666666666,0.75,0.5,1.0,0.6666666666666666,0.4266666666666667,0.25,0.6666666666666666,1.0,0.5,0.7291666666666666,0.5858333333333333
muziekweb,che-cloud,0.16666666666666666,1.0,0.6666666666666666,0.16666666666666666,0.75,0.5,1.0,0.6666666666666666,0.445,1.0,0.6666666666666666,1.0,0.5,0.7291666666666666,0.7779166666666667
national-library-of-greece-authority-records,che-cloud,0.16666666666666666,1.0,0.6666666666666666,0.16666666666666666,0.75,0.5,0.6666666666666666,0.6666666666666666,0.4066666666666667,0.25,0.5,0.25,0.5,0.6458333333333333,0.3516666666666667
nlr-dataset-mod,che-cloud,0.16666666666666666,1.0,0.6666666666666666,0.16666666666666666,0.75,0.5,0.6666666666666666,0.6666666666666666,0.38833333333333336,0.5,0.16666666666666666,0.25,0.5,0.6458333333333333,0.32625000000000004
nom,che-cloud,0.16666666666666666,1.0,0.6666666666666666,0.16666666666666666,0.75,0.5,1.0,0.6666666666666666,0.445,0.5,0.5,0.75,0.5,0.7291666666666666,0.5487500000000001
nomisma_org,che-cloud,0.16666666666666666,1.0,0.6666666666666666,0.16666666666666666,0.75,0.5,0.6666666666666666,0.6666666666666666,0.445,0.5,0.5,0.75,0.5,0.6458333333333333,0.5487500000000001
ntnusc,che-cloud,0.16666666666666666,1.0,0.6666666666666666,0.16666666666666666,0.75,0.5,1.0,0.6666666666666666,0.445,0.5,0.5,0.75,0.5,0.7291666666666666,0.5487500000000001
open-library,che-cloud,0.16666666666666666,1.0,0.6666666666666666,0.16666666666666666,0.75,0.5,0.6666666666666666,0.6666666666666666,0.4066666666666667,0.5,0.5,0.25,0.5,0.6458333333333333,0.4141666666666667
orlando-womens-writing-linked-open-data-set,che-cloud,0.16666666666666666,1.0,0.6666666666666666,0.16666666666666666,0.75,0.5,0.6666666666666666,0.6666666666666666,0.4266666666666667,0.25,0.6666666666666666,1.0,0.5,0.6458333333333333,0.5858333333333333
pali-english-lexicon,che-cloud,0.16666666666666666,1.0,0.6666666666666666,0.16666666666666666,0.75,0.5,1.0,0.6666666666666666,0.4266666666666667,0.5,0.3333333333333333,1.0,0.5,0.7291666666666666,0.565
performing-arts.ch,che-cloud,0.16666666666666666,0.75,0.0,0.0,0.0,0.0,0.0,0.0,0.37333333333333335,0.75,0.6666666666666666,1.0,0.22916666666666666,0.0,0.6975
periodo,che-cloud,0.16666666666666666,1.0,0.6666666666666666,0.16666666666666666,0.75,0.5,0.6666666666666666,0.6666666666666666,0.4266666666666667,0.5,0.5,0.75,0.5,0.6458333333333333,0.5441666666666667
pleiades,che-cloud,0.16666666666666666,1.0,0.6666666666666666,0.16666666666666666,0.75,0.5,1.0,0.6666666666666666,0.4266666666666667,0.5,0.5,0.75,0.5,0.7291666666666666,0.5441666666666667
polymath-virtual-library,che-cloud,0.16666666666666666,1.0,0.6666666666666666,0.16666666666666666,0.75,0.5,1.0,0.6666666666666666,0.4066666666666667,0.25,0.5,0.75,0.5,0.7291666666666666,0.4766666666666667
prelinger_archives,che-cloud,0.16666666666666666,1.0,0.6666666666666666,0.16666666666666666,0.75,0.5,1.0,0.6666666666666666,0.4266666666666667,0.5,0.3333333333333333,1.0,0.5,0.7291666666666666,0.565
princeton-library-findingaids,che-cloud,0.16666666666666666,1.0,0.6666666666666666,0.16666666666666666,0.75,0.5,0.6666666666666666,0.6666666666666666,0.38833333333333336,0.5,0.5,0.25,0.5,0.6458333333333333,0.40958333333333335
printed-book-auction-catalogues,che-cloud,0.16666666666666666,1.0,0.6666666666666666,0.16666666666666666,0.75,0.5,1.0,0.6666666666666666,0.4266666666666667,0.25,0.6666666666666666,1.0,0.5,0.7291666666666666,0.5858333333333333
radatana,che-cloud,0.16666666666666666,1.0,0.6666666666666666,0.16666666666666666,0.75,0.5,1.0,0.6666666666666666,0.445,0.5,0.5,0.75,0.5,0.7291666666666666,0.5487500000000001
rainis-and-aspazija-linked-digital-collection,che-cloud,0.16666666666666666,1.0,0.6666666666666666,0.16666666666666666,0.75,0.5,1.0,0.6666666666666666,0.4066666666666667,0.5,0.5,0.25,0.5,0.7291666666666666,0.4141666666666667
rdfize-lastfm,che-cloud,0.16666666666666666,1.0,0.6666666666666666,0.16666666666666666,0.75,0.5,0.6666666666666666,0.6666666666666666,0.38833333333333336,0.25,0.6666666666666666,0.5,0.5,0.6458333333333333,0.45125000000000004
rism,che-cloud,0.16666666666666666,1.0,0.6666666666666666,0.16666666666666666,0.75,0.5,1.0,0.6666666666666666,0.445,0.5,0.5,0.75,0.5,0.7291666666666666,0.5487500000000001
rism-authorities,che-cloud,0.16666666666666666,1.0,0.6666666666666666,0.16666666666666666,0.75,0.5,1.0,0.6666666666666666,0.445,1.0,0.5,0.75,0.5,0.7291666666666666,0.6737500000000001
roceeh-road,che-cloud,0.16666666666666666,1.0,0.6666666666666666,0.16666666666666666,0.75,0.5,1.0,0.6666666666666666,0.4066666666666667,1.0,0.5,0.75,0.5,0.7291666666666666,0.6641666666666667
sandrart-net,che-cloud,0.16666666666666666,1.0,0.6666666666666666,0.16666666666666666,0.75,0.5,0.6666666666666666,0.6666666666666666,0.4266666666666667,0.5,0.5,0.75,0.5,0.6458333333333333,0.5441666666666667
slod,che-cloud,0.16666666666666666,1.0,0.6666666666666666,0.16666666666666666,0.75,0.5,0.6666666666666666,0.6666666666666666,0.5555,1.0,0.6666666666666666,1.0,0.5,0.6458333333333333,0.8055416666666666
srcmf,che-cloud,0.16666666666666666,1.0,0.6666666666666666,0.16666666666666666,0.75,0.5,0.6666666666666666,0.6666666666666666,0.38833333333333336,0.5,0.16666666666666666,0.25,0.5,0.6458333333333333,0.32625000000000004
stitch-rameau,che-cloud,0.16666666666666666,1.0,0.6666666666666666,0.16666666666666666,0.75,0.5,1.0,0.6666666666666666,0.4066666666666667,0.5,0.5,0.25,0.5,0.7291666666666666,0.4141666666666667
surge-radio,che-cloud,0.16666666666666666,1.0,0.6666666666666666,0.16666666666666666,0.75,0.5,0.6666666666666666,0.6666666666666666,0.36999999999999994,0.25,0.5,0.25,0.5,0.6458333333333333,0.34249999999999997
swedish-open-cultural-heritage,che-cloud,0.16666666666666666,1.0,0.6666666666666666,0.16666666666666666,0.75,0.5,1.0,0.6666666666666666,0.4266666666666667,0.5,0.5,0.75,0.5,0.7291666666666666,0.5441666666666667
sztaki-lod,che-cloud,0.16666666666666666,1.0,0.6666666666666666,0.16666666666666666,0.75,0.5,0.6666666666666666,0.6666666666666666,0.445,1.0,0.6666666666666666,1.0,0.5,0.6458333333333333,0.7779166666666667
talis-openlibrary,che-cloud,0.16666666666666666,1.0,0.6666666666666666,0.16666666666666666,0.75,0.5,0.6666666666666666,0.6666666666666666,0.4266666666666667,0.25,0.5,0.75,0.5,0.6458333333333333,0.4816666666666667
the-european-library-open-dataset,che-cloud,0.16666666666666666,1.0,0.6666666666666666,0.16666666666666666,0.75,0.5,1.0,0.6666666666666666,0.445,1.0,0.6666666666666666,1.0,0.5,0.7291666666666666,0.7779166666666667
the-view-from,che-cloud,0.16666666666666666,1.0,0.6666666666666666,0.16666666666666666,0.75,0.5,1.0,0.6666666666666666,0.4066666666666667,0.25,0.6666666666666666,0.5,0.5,0.7291666666666666,0.4558333333333333
thesaurus-w,che-cloud,0.16666666666666666,1.0,0.6666666666666666,0.16666666666666666,0.75,0.5,0.6666666666666666,0.6666666666666666,0.4066666666666667,0.25,0.5,0.25,0.5,0.6458333333333333,0.3516666666666667
tip,che-cloud,0.16666666666666666,1.0,0.6666666666666666,0.16666666666666666,0.75,0.5,0.6666666666666666,0.6666666666666666,0.4066666666666667,0.25,0.5,0.25,0.5,0.6458333333333333,0.3516666666666667
ub-mannheim-linked-data,che-cloud,0.16666666666666666,1.0,0.6666666666666666,0.16666666666666666,0.75,0.5,0.6666666666666666,0.6666666666666666,0.4066666666666667,0.25,0.5,0.25,0.5,0.6458333333333333,0.3516666666666667
viaf,che-cloud,0.16666666666666666,1.0,0.6666666666666666,0.16666666666666666,0.875,0.5,0.6666666666666666,0.6666666666666666,0.4266666666666667,0.5,0.5,0.75,0.5,0.6770833333333333,0.5441666666666667
warsampo,che-cloud,0.16666666666666666,1.0,0.6666666666666666,0.16666666666666666,0.75,0.5,1.0,0.6666666666666666,0.63,1.0,0.93,1.0,0.5,0.7291666666666666,0.89
wasabi,che-cloud,0.16666666666666666,1.0,0.6666666666666666,0.16666666666666666,0.75,0.5,1.0,0.6666666666666666,0.8150000000000001,1.0,0.8433333333333334,1.0,0.5,0.7291666666666666,0.9145833333333333
wl-kg,che-cloud,0.16666666666666666,1.0,0.6666666666666666,0.16666666666666666,0.75,0.5,1.0,0.6666666666666666,0.9262333333333332,1.0,0.5,1.0,0.5,0.7291666666666666,0.8565583333333333
ww1lod,che-cloud,0.16666666666666666,1.0,0.6666666666666666,0.16666666666666666,0.75,0.5,0.6666666666666666,0.6666666666666666,0.6186666666666666,1.0,0.9333333333333332,1.0,0.5,0.6458333333333333,0.8879999999999999
yso,che-cloud,0.16666666666666666,1.0,0.6666666666666666,0.16666666666666666,0.75,0.5,1.0,0.6666666666666666,0.4266666666666667,0.5,0.5,0.75,0.5,0.7291666666666666,0.5441666666666667
zbw-pressemappe20,che-cloud,0.16666666666666666,1.0,0.6666666666666666,0.16666666666666666,0.75,0.5,0.6666666666666666,0.6666666666666666,0.4067,1.0,0.6666666666666666,0.5,0.5,0.6458333333333333,0.6433416666666667
zitgist-musicbrainz,che-cloud,0.16666666666666666,1.0,0.6666666666666666,0.16666666666666666,0.75,0.5,1.0,0.6666666666666666,0.38833333333333336,0.25,0.5,0.75,0.5,0.7291666666666666,0.47208333333333335
ASCDC-AS-TFD-Fish-Species,life-sciences,0.16666666666666666,1.0,0.6666666666666666,0.16666666666666666,0.75,0.5,0.6666666666666666,0.6666666666666666,0.7783333333333333,0.25,0.5,0.8333333333333334,0.5,0.6458333333333333,0.5904166666666667
CoLChina_sp2000,life-sciences,0.16666666666666666,1.0,0.6666666666666666,0.16666666666666666,0.75,0.5,1.0,0.6666666666666666,0.7783333333333333,0.375,0.5,0.8333333333333334,0.5,0.7291666666666666,0.6216666666666667
Covid-on-the-Web,life-sciences,0.16666666666666666,1.0,0.6666666666666666,0.16666666666666666,0.875,0.5,1.0,0.6666666666666666,1.0,1.0,1.0,1.0,0.5,0.7604166666666666,1.0
Naturopathy,life-sciences,0.16666666666666666,1.0,0.6666666666666666,0.16666666666666666,0.75,0.5,0.6666666666666666,0.6666666666666666,0.7966666666666667,0.5,0.6666666666666666,1.0,0.5,0.6458333333333333,0.7408333333333333
PGxLOD,life-sciences,0.16666666666666666,1.0,0.6666666666666666,0.16666666666666666,0.75,0.5,0.6666666666666666,0.6666666666666666,1.0,1.0,1.0,1.0,0.5,0.6458333333333333,1.0
PubChem_RDF,life-sciences,0.16666666666666666,1.0,0.6666666666666666,0.16666666666666666,0.75,0.5,1.0,0.6666666666666666,0.7966666666666667,0.5,0.6666666666666666,1.0,0.5,0.7291666666666666,0.7408333333333333
SCBG-Data,life-sciences,0.16666666666666666,1.0,0.6666666666666666,0.16666666666666666,0.75,0.5,1.0,0.6666666666666666,0.7783333333333333,0.25,0.5,0.8333333333333334,0.5,0.7291666666666666,0.5904166666666667
UniProt,life-sciences,0.16666666666666666,1.0,0.6666666666666666,0.16666666666666666,0.875,0.5,1.0,0.6666666666666666,0.8150000000000001,1.0,0.5,0.8333333333333334,0.5,0.7604166666666666,0.7870833333333334
agrovoc,life-sciences,0.16666666666666666,1.0,0.6666666666666666,0.16666666666666666,0.75,0.5,1.0,0.6666666666666666,0.9815,1.0,0.5,0.8333333333333334,0.5,0.7291666666666666,0.8287083333333334
allie-abbreviation-and-long-form-database-in-life-science,life-sciences,0.16666666666666666,1.0,0.6666666666666666,0.16666666666666666,0.75,0.5,1.0,0.6666666666666666,0.9691666666666666,1.0,0.8333333333333334,1.0,0.5,0.7291666666666666,0.950625
arrayexpress_e-mtab-104,life-sciences,0.16666666666666666,1.0,0.6666666666666666,0.16666666666666666,0.75,0.5,1.0,0.6666666666666666,0.7966666666666667,0.5,0.6666666666666666,0.6666666666666666,0.5,0.7291666666666666,0.6575
bio2rdf-affymetrix,life-sciences,0.16666666666666666,1.0,0.6666666666666666,0.16666666666666666,0.75,0.5,1.0,0.6666666666666666,0.8333333333333334,1.0,0.7272727273333333,1.0,0.5,0.7291666666666666,0.8901515151666667
bio2rdf-biomodels,life-sciences,0.16666666666666666,1.0,0.6666666666666666,0.16666666666666666,0.75,0.5,1.0,0.6666666666666666,0.8333333333333334,1.0,0.7272727273333333,1.0,0.5,0.7291666666666666,0.8901515151666667
bio2rdf-bioportal,life-sciences,0.16666666666666666,1.0,0.6666666666666666,0.16666666666666666,0.75,0.5,1.0,0.6666666666666666,0.8333333333333334,1.0,0.7272727273333333,1.0,0.5,0.7291666666666666,0.8901515151666667
bio2rdf-chembl,life-sciences,0.16666666666666666,1.0,0.6666666666666666,0.16666666666666666,0.75,0.5,1.0,0.6666666666666666,0.8150000000000001,0.5,0.6666666666666666,1.0,0.5,0.7291666666666666,0.7454166666666666
bio2rdf-clinicaltrials,life-sciences,0.16666666666666666,1.0,0.6666666666666666,0.16666666666666666,0.75,0.5,1.0,0.6666666666666666,0.8333333333333334,1.0,0.7272727273333333,1.0,0.5,0.7291666666666666,0.8901515151666667
bio2rdf-ctd,life-sciences,0.16666666666666666,1.0,0.6666666666666666,0.16666666666666666,0.75,0.5,1.0,0.6666666666666666,0.8333333333333334,1.0,0.7272727273333333,1.0,0.5,0.7291666666666666,0.8901515151666667
bio2rdf-dbsnp,life-sciences,0.16666666666666666,1.0,0.6666666666666666,0.16666666666666666,0.75,0.5,1.0,0.6666666666666666,0.8333333333333334,1.0,0.7272727273333333,1.0,0.5,0.7291666666666666,0.8901515151666667
bio2rdf-drugbank,life-sciences,0.16666666666666666,1.0,0.6666666666666666,0.16666666666666666,0.75,0.5,1.0,0.6666666666666666,0.8333333333333334,1.0,0.7272727273333333,1.0,0.5,0.7291666666666666,0.8901515151666667
bio2rdf-genage,life-sciences,0.16666666666666666,1.0,0.6666666666666666,0.16666666666666666,0.75,0.5,1.0,0.6666666666666666,0.8333333333333334,1.0,0.7272727273333333,1.0,0.5,0.7291666666666666,0.8901515151666667
bio2rdf-gendr,life-sciences,0.16666666666666666,1.0,0.6666666666666666,0.16666666666666666,0.75,0.5,1.0,0.6666666666666666,0.8333333333333334,1.0,0.7272727273333333,1.0,0.5,0.7291666666666666,0.8901515151666667
bio2rdf-goa,life-sciences,0.16666666666666666,1.0,0.6666666666666666,0.16666666666666666,0.75,0.5,1.0,0.6666666666666666,0.8333333333333334,1.0,0.7272727273333333,1.0,0.5,0.7291666666666666,0.8901515151666667
bio2rdf-hgnc,life-sciences,0.16666666666666666,1.0,0.6666666666666666,0.16666666666666666,0.75,0.5,1.0,0.6666666666666666,0.8333333333333334,1.0,0.7272727273333333,1.0,0.5,0.7291666666666666,0.8901515151666667
bio2rdf-homologene,life-sciences,0.16666666666666666,1.0,0.6666666666666666,0.16666666666666666,0.75,0.5,1.0,0.6666666666666666,0.8333333333333334,1.0,0.7272727273333333,1.0,0.5,0.7291666666666666,0.8901515151666667
bio2rdf-interpro,life-sciences,0.16666666666666666,1.0,0.6666666666666666,0.16666666666666666,0.75,0.5,1.0,0.6666666666666666,0.8333333333333334,1.0,0.7272727273333333,1.0,0.5,0.7291666666666666,0.8901515151666667
bio2rdf-iproclass,life-sciences,0.16666666666666666,1.0,0.6666666666666666,0.16666666666666666,0.75,0.5,1.0,0.6666666666666666,0.8150000000000001,0.5,0.6666666666666666,1.0,0.5,0.7291666666666666,0.7454166666666666
bio2rdf-irefindex,life-sciences,0.16666666666666666,1.0,0.6666666666666666,0.16666666666666666,0.75,0.5,1.0,0.6666666666666666,0.8333333333333334,1.0,0.7272727273333333,1.0,0.5,0.7291666666666666,0.8901515151666667
bio2rdf-lsr,life-sciences,0.16666666666666666,1.0,0.6666666666666666,0.16666666666666666,0.75,0.5,1.0,0.6666666666666666,0.8333333333333334,1.0,0.7272727273333333,1.0,0.5,0.7291666666666666,0.8901515151666667
bio2rdf-mesh,life-sciences,0.16666666666666666,1.0,0.6666666666666666,0.16666666666666666,0.75,0.5,1.0,0.6666666666666666,0.8333333333333334,1.0,0.7272727273333333,1.0,0.5,0.7291666666666666,0.8901515151666667
bio2rdf-mgi,life-sciences,0.16666666666666666,1.0,0.6666666666666666,0.16666666666666666,0.75,0.5,1.0,0.6666666666666666,0.8333333333333334,1.0,0.7272727273333333,1.0,0.5,0.7291666666666666,0.8901515151666667
bio2rdf-ncbigene,life-sciences,0.16666666666666666,1.0,0.6666666666666666,0.16666666666666666,0.75,0.5,1.0,0.6666666666666666,0.8333333333333334,1.0,0.7272727273333333,1.0,0.5,0.7291666666666666,0.8901515151666667
bio2rdf-ndc,life-sciences,0.16666666666666666,1.0,0.6666666666666666,0.16666666666666666,0.75,0.5,1.0,0.6666666666666666,0.8333333333333334,1.0,0.7272727273333333,1.0,0.5,0.7291666666666666,0.8901515151666667
bio2rdf-omim,life-sciences,0.16666666666666666,1.0,0.6666666666666666,0.16666666666666666,0.75,0.5,1.0,0.6666666666666666,0.8333333333333334,1.0,0.7272727273333333,1.0,0.5,0.7291666666666666,0.8901515151666667
bio2rdf-omim-resources,life-sciences,0.16666666666666666,0.75,0.0,0.0,0.25,0.5,0.0,0.0,0.7783333333333333,0.5,0.5,0.5,0.22916666666666666,0.1875,0.5695833333333333
bio2rdf-orphanet,life-sciences,0.16666666666666666,1.0,0.6666666666666666,0.16666666666666666,0.75,0.5,1.0,0.6666666666666666,0.8333333333333334,1.0,0.7272727273333333,1.0,0.5,0.7291666666666666,0.8901515151666667
bio2rdf-pharmgkb,life-sciences,0.16666666666666666,1.0,0.6666666666666666,0.16666666666666666,0.75,0.5,1.0,0.6666666666666666,0.8333333333333334,1.0,0.7272727273333333,1.0,0.5,0.7291666666666666,0.8901515151666667
bio2rdf-pubmed,life-sciences,0.16666666666666666,1.0,0.6666666666666666,0.16666666666666666,0.75,0.5,1.0,0.6666666666666666,0.8333333333333334,1.0,0.5606060606666666,0.8333333333333334,0.5,0.7291666666666666,0.8068181818333334
bio2rdf-sabiork,life-sciences,0.16666666666666666,1.0,0.6666666666666666,0.16666666666666666,0.75,0.5,1.0,0.6666666666666666,0.8150000000000001,0.5,0.6666666666666666,1.0,0.5,0.7291666666666666,0.7454166666666666
bio2rdf-sgd,life-sciences,0.16666666666666666,1.0,0.6666666666666666,0.16666666666666666,0.75,0.5,1.0,0.6666666666666666,0.8333333333333334,1.0,0.7272727273333333,1.0,0.5,0.7291666666666666,0.8901515151666667
bio2rdf-sider,life-sciences,0.16666666666666666,1.0,0.6666666666666666,0.16666666666666666,0.75,0.5,1.0,0.6666666666666666,0.8333333333333334,1.0,0.7272727273333333,1.0,0.5,0.7291666666666666,0.8901515151666667
bio2rdf-taxon,life-sciences,0.16666666666666666,0.75,0.0,0.0,0.25,0.5,0.0,0.0,0.7783333333333333,0.5,0.5,0.5,0.22916666666666666,0.1875,0.5695833333333333
bio2rdf-taxonomy,life-sciences,0.16666666666666666,1.0,0.6666666666666666,0.16666666666666666,0.75,0.5,1.0,0.6666666666666666,0.8333333333333334,1.0,0.7272727273333333,1.0,0.5,0.7291666666666666,0.8901515151666667
bio2rdf-wormbase,life-sciences,0.16666666666666666,1.0,0.6666666666666666,0.16666666666666666,0.75,0.5,1.0,0.6666666666666666,0.8333333333333334,1.0,0.7272727273333333,1.0,0.5,0.7291666666666666,0.8901515151666667
biomodels-rdf,life-sciences,0.16666666666666666,1.0,0.6666666666666666,0.16666666666666666,0.75,0.5,1.0,0.6666666666666666,0.7966666666666667,0.5,0.6666666666666666,0.6666666666666666,0.5,0.7291666666666666,0.6575
bioportal-aao,life-sciences,0.16666666666666666,1.0,0.6666666666666666,0.16666666666666666,0.875,0.5,1.0,0.6666666666666666,0.7783333333333333,0.5,0.5,0.5,0.5,0.7604166666666666,0.5695833333333333
bioportal-aba,life-sciences,0.16666666666666666,1.0,0.6666666666666666,0.16666666666666666,0.875,0.5,1.0,0.6666666666666666,0.7783333333333333,0.5,0.5,0.5,0.5,0.7604166666666666,0.5695833333333333
bioportal-acgt,life-sciences,0.16666666666666666,1.0,0.6666666666666666,0.16666666666666666,0.875,0.5,1.0,0.6666666666666666,0.7783333333333333,0.5,0.5,0.5,0.5,0.7604166666666666,0.5695833333333333
bioportal-adw,life-sciences,0.16666666666666666,1.0,0.6666666666666666,0.16666666666666666,0.875,0.5,1.0,0.6666666666666666,0.7783333333333333,0.5,0.5,0.5,0.5,0.7604166666666666,0.5695833333333333
bioportal-aeo,life-sciences,0.16666666666666666,1.0,0.6666666666666666,0.16666666666666666,0.875,0.5,1.0,0.6666666666666666,0.7783333333333333,0.5,0.5,0.5,0.5,0.7604166666666666,0.5695833333333333
bioportal-aero,life-sciences,0.16666666666666666,1.0,0.6666666666666666,0.16666666666666666,0.875,0.5,1.0,0.6666666666666666,0.7966666666666667,0.5,0.5,0.8333333333333334,0.5,0.7604166666666666,0.6575000000000001
bioportal-air,life-sciences,0.16666666666666666,1.0,0.6666666666666666,0.16666666666666666,0.875,0.5,1.0,0.6666666666666666,0.7783333333333333,0.5,0.5,0.5,0.5,0.7604166666666666,0.5695833333333333
bioportal-amino-acid,life-sciences,0.16666666666666666,1.0,0.6666666666666666,0.16666666666666666,0.875,0.5,1.0,0.6666666666666666,0.7783333333333333,0.5,0.5,0.5,0.5,0.7604166666666666,0.5695833333333333
bioportal-apo,life-sciences,0.16666666666666666,1.0,0.6666666666666666,0.16666666666666666,0.875,0.5,1.0,0.6666666666666666,0.7783333333333333,0.5,0.5,0.5,0.5,0.7604166666666666,0.5695833333333333
bioportal-atmo,life-sciences,0.16666666666666666,1.0,0.6666666666666666,0.16666666666666666,0.875,0.5,1.0,0.6666666666666666,0.7783333333333333,0.5,0.5,0.5,0.5,0.7604166666666666,0.5695833333333333
bioportal-ato,life-sciences,0.16666666666666666,1.0,0.6666666666666666,0.16666666666666666,0.875,0.5,1.0,0.6666666666666666,0.7783333333333333,0.5,0.5,0.5,0.5,0.7604166666666666,0.5695833333333333
bioportal-bao,life-sciences,0.16666666666666666,1.0,0.6666666666666666,0.16666666666666666,0.875,0.5,1.0,0.6666666666666666,0.7783333333333333,0.5,0.5,0.5,0.5,0.7604166666666666,0.5695833333333333
bioportal-basic-vertebrate-gross-anatomy,life-sciences,0.16666666666666666,1.0,0.6666666666666666,0.16666666666666666,0.875,0.5,1.0,0.6666666666666666,0.7783333333333333,0.5,0.5,0.5,0.5,0.7604166666666666,0.5695833333333333
bioportal-bcgo,life-sciences,0.16666666666666666,1.0,0.6666666666666666,0.16666666666666666,0.875,0.5,1.0,0.6666666666666666,0.7783333333333333,0.5,0.5,0.5,0.5,0.7604166666666666,0.5695833333333333
bioportal-bdo,life-sciences,0.16666666666666666,1.0,0.6666666666666666,0.16666666666666666,0.875,0.5,1.0,0.6666666666666666,0.7783333333333333,0.5,0.5,0.5,0.5,0.7604166666666666,0.5695833333333333
bioportal-bfo,life-sciences,0.16666666666666666,1.0,0.6666666666666666,0.16666666666666666,0.875,0.5,1.0,0.6666666666666666,0.7783333333333333,0.5,0.5,0.5,0.5,0.7604166666666666,0.5695833333333333
bioportal-bho,life-sciences,0.16666666666666666,0.75,0.0,0.0,0.25,0.5,0.0,0.0,0.7783333333333333,0.5,0.5,0.5,0.22916666666666666,0.1875,0.5695833333333333
bioportal-bila,life-sciences,0.16666666666666666,0.75,0.0,0.0,0.25,0.5,0.0,0.0,0.7783333333333333,0.5,0.5,0.5,0.22916666666666666,0.1875,0.5695833333333333
bioportal-birnlex,life-sciences,0.16666666666666666,1.0,0.6666666666666666,0.16666666666666666,0.875,0.5,1.0,0.6666666666666666,0.7783333333333333,0.5,0.5,0.5,0.5,0.7604166666666666,0.5695833333333333
bioportal-bootstrep,life-sciences,0.16666666666666666,0.75,0.0,0.0,0.25,0.5,0.0,0.0,0.7783333333333333,0.5,0.5,0.5,0.22916666666666666,0.1875,0.5695833333333333
bioportal-bp,life-sciences,0.16666666666666666,1.0,0.6666666666666666,0.16666666666666666,0.875,0.5,1.0,0.6666666666666666,0.7966666666666667,0.5,0.5,0.8333333333333334,0.5,0.7604166666666666,0.6575000000000001
bioportal-bro_x1,life-sciences,0.16666666666666666,0.75,0.0,0.0,0.25,0.5,0.0,0.0,0.7783333333333333,0.5,0.5,0.5,0.22916666666666666,0.1875,0.5695833333333333
bioportal-bspo,life-sciences,0.16666666666666666,0.75,0.0,0.0,0.25,0.5,0.0,0.0,0.7783333333333333,0.5,0.5,0.5,0.22916666666666666,0.1875,0.5695833333333333
bioportal-bt,life-sciences,0.16666666666666666,1.0,0.6666666666666666,0.16666666666666666,0.875,0.5,1.0,0.6666666666666666,0.7966666666666667,0.5,0.5,0.8333333333333334,0.5,0.7604166666666666,0.6575000000000001
bioportal-bto,life-sciences,0.16666666666666666,1.0,0.6666666666666666,0.16666666666666666,0.875,0.5,1.0,0.6666666666666666,0.7783333333333333,0.5,0.5,0.5,0.5,0.7604166666666666,0.5695833333333333
bioportal-canco,life-sciences,0.16666666666666666,0.75,0.0,0.0,0.25,0.5,0.0,0.0,0.7783333333333333,0.5,0.5,0.5,0.22916666666666666,0.1875,0.5695833333333333
bioportal-cao,life-sciences,0.16666666666666666,0.75,0.0,0.0,0.25,0.5,0.0,0.0,0.7783333333333333,0.5,0.5,0.5,0.22916666666666666,0.1875,0.5695833333333333
bioportal-carelex,life-sciences,0.16666666666666666,0.75,0.0,0.0,0.25,0.5,0.0,0.0,0.7783333333333333,0.5,0.5,0.5,0.22916666666666666,0.1875,0.5695833333333333
bioportal-cco,life-sciences,0.16666666666666666,1.0,0.6666666666666666,0.16666666666666666,0.875,0.5,1.0,0.6666666666666666,0.7783333333333333,0.5,0.5,0.5,0.5,0.7604166666666666,0.5695833333333333
bioportal-cdao,life-sciences,0.16666666666666666,0.75,0.0,0.0,0.25,0.5,0.0,0.0,0.7783333333333333,0.5,0.5,0.5,0.22916666666666666,0.1875,0.5695833333333333
bioportal-chebi,life-sciences,0.16666666666666666,0.75,0.0,0.0,0.25,0.5,0.0,0.0,0.7783333333333333,0.5,0.5,0.5,0.22916666666666666,0.1875,0.5695833333333333
bioportal-chem2bio2owl,life-sciences,0.16666666666666666,0.75,0.0,0.0,0.25,0.5,0.0,0.0,0.7783333333333333,0.5,0.5,0.5,0.22916666666666666,0.1875,0.5695833333333333
bioportal-cheminf,life-sciences,0.16666666666666666,1.0,0.6666666666666666,0.16666666666666666,0.875,0.5,1.0,0.6666666666666666,0.7966666666666667,0.5,0.5,0.8333333333333334,0.5,0.7604166666666666,0.6575000000000001
bioportal-cl,life-sciences,0.16666666666666666,0.75,0.0,0.0,0.25,0.5,0.0,0.0,0.7783333333333333,0.5,0.5,0.5,0.22916666666666666,0.1875,0.5695833333333333
bioportal-clo,life-sciences,0.16666666666666666,0.75,0.0,0.0,0.25,0.5,0.0,0.0,0.7783333333333333,0.5,0.5,0.5,0.22916666666666666,0.1875,0.5695833333333333
bioportal-cmo,life-sciences,0.16666666666666666,0.75,0.0,0.0,0.25,0.5,0.0,0.0,0.7783333333333333,0.5,0.5,0.5,0.22916666666666666,0.1875,0.5695833333333333
bioportal-cno,life-sciences,0.16666666666666666,1.0,0.6666666666666666,0.16666666666666666,0.875,0.5,1.0,0.6666666666666666,0.7783333333333333,0.5,0.5,0.5,0.5,0.7604166666666666,0.5695833333333333
bioportal-co_wheat,life-sciences,0.16666666666666666,0.75,0.0,0.0,0.25,0.5,0.0,0.0,0.7783333333333333,0.5,0.5,0.5,0.22916666666666666,0.1875,0.5695833333333333
bioportal-cogat,life-sciences,0.16666666666666666,0.75,0.0,0.0,0.25,0.5,0.0,0.0,0.7783333333333333,0.5,0.5,0.5,0.22916666666666666,0.1875,0.5695833333333333
bioportal-cogpo,life-sciences,0.16666666666666666,0.75,0.0,0.0,0.25,0.5,0.0,0.0,0.7783333333333333,0.5,0.5,0.5,0.22916666666666666,0.1875,0.5695833333333333
bioportal-cpt,life-sciences,0.16666666666666666,0.75,0.0,0.0,0.25,0.5,0.0,0.0,0.7783333333333333,0.5,0.5,0.5,0.22916666666666666,0.1875,0.5695833333333333
bioportal-csp,life-sciences,0.16666666666666666,0.75,0.0,0.0,0.25,0.5,0.0,0.0,0.7783333333333333,0.5,0.5,0.5,0.22916666666666666,0.1875,0.5695833333333333
bioportal-cst,life-sciences,0.16666666666666666,0.75,0.0,0.0,0.25,0.5,0.0,0.0,0.7783333333333333,0.5,0.5,0.5,0.22916666666666666,0.1875,0.5695833333333333
bioportal-ctcae,life-sciences,0.16666666666666666,0.75,0.0,0.0,0.25,0.5,0.0,0.0,0.7783333333333333,0.5,0.5,0.5,0.22916666666666666,0.1875,0.5695833333333333
bioportal-ctx,life-sciences,0.16666666666666666,0.75,0.0,0.0,0.25,0.5,0.0,0.0,0.7783333333333333,0.5,0.5,0.5,0.22916666666666666,0.1875,0.5695833333333333
bioportal-dc_cl,life-sciences,0.16666666666666666,0.75,0.0,0.0,0.25,0.5,0.0,0.0,0.7783333333333333,0.5,0.5,0.5,0.22916666666666666,0.1875,0.5695833333333333
bioportal-ddanat,life-sciences,0.16666666666666666,0.75,0.0,0.0,0.25,0.5,0.0,0.0,0.7783333333333333,0.5,0.5,0.5,0.22916666666666666,0.1875,0.5695833333333333
bioportal-ddi,life-sciences,0.16666666666666666,0.75,0.0,0.0,0.25,0.5,0.0,0.0,0.7783333333333333,0.5,0.5,0.5,0.22916666666666666,0.1875,0.5695833333333333
bioportal-diagnosticont,life-sciences,0.16666666666666666,0.75,0.0,0.0,0.25,0.5,0.0,0.0,0.7783333333333333,0.5,0.5,0.5,0.22916666666666666,0.1875,0.5695833333333333
bioportal-dikb-evidence,life-sciences,0.16666666666666666,0.75,0.0,0.0,0.25,0.5,0.0,0.0,0.7783333333333333,0.5,0.5,0.5,0.22916666666666666,0.1875,0.5695833333333333
bioportal-doid,life-sciences,0.16666666666666666,0.75,0.0,0.0,0.25,0.5,0.0,0.0,0.7783333333333333,0.5,0.5,0.5,0.22916666666666666,0.1875,0.5695833333333333
bioportal-ecg,life-sciences,0.16666666666666666,0.75,0.0,0.0,0.25,0.5,0.0,0.0,0.7783333333333333,0.5,0.5,0.5,0.22916666666666666,0.1875,0.5695833333333333
bioportal-efo,life-sciences,0.16666666666666666,0.75,0.0,0.0,0.25,0.5,0.0,0.0,0.7783333333333333,0.5,0.5,0.5,0.22916666666666666,0.1875,0.5695833333333333
bioportal-ehda,life-sciences,0.16666666666666666,0.75,0.0,0.0,0.25,0.5,0.0,0.0,0.7783333333333333,0.5,0.5,0.5,0.22916666666666666,0.1875,0.5695833333333333
bioportal-ehdaa,life-sciences,0.16666666666666666,0.75,0.0,0.0,0.25,0.5,0.0,0.0,0.7783333333333333,0.5,0.5,0.5,0.22916666666666666,0.1875,0.5695833333333333
bioportal-ehdaa2,life-sciences,0.16666666666666666,0.75,0.0,0.0,0.25,0.5,0.0,0.0,0.7783333333333333,0.5,0.5,0.5,0.22916666666666666,0.1875,0.5695833333333333
bioportal-envo,life-sciences,0.16666666666666666,0.75,0.0,0.0,0.25,0.5,0.0,0.0,0.7783333333333333,0.5,0.5,0.5,0.22916666666666666,0.1875,0.5695833333333333
bioportal-eo,life-sciences,0.16666666666666666,1.0,0.6666666666666666,0.16666666666666666,0.875,0.5,1.0,0.6666666666666666,0.7783333333333333,0.5,0.5,0.5,0.5,0.7604166666666666,0.5695833333333333
bioportal-ep,life-sciences,0.16666666666666666,0.75,0.0,0.0,0.25,0.5,0.0,0.0,0.7783333333333333,0.5,0.5,0.5,0.22916666666666666,0.1875,0.5695833333333333
bioportal-epileponto,life-sciences,0.16666666666666666,0.75,0.0,0.0,0.25,0.5,0.0,0.0,0.7783333333333333,0.5,0.5,0.5,0.22916666666666666,0.1875,0.5695833333333333
bioportal-ero,life-sciences,0.16666666666666666,0.75,0.0,0.0,0.25,0.5,0.0,0.0,0.7783333333333333,0.5,0.5,0.5,0.22916666666666666,0.1875,0.5695833333333333
bioportal-ev,life-sciences,0.16666666666666666,0.75,0.0,0.0,0.25,0.5,0.0,0.0,0.7783333333333333,0.5,0.5,0.5,0.22916666666666666,0.1875,0.5695833333333333
bioportal-exo,life-sciences,0.16666666666666666,0.75,0.0,0.0,0.25,0.5,0.0,0.0,0.7783333333333333,0.5,0.5,0.5,0.22916666666666666,0.1875,0.5695833333333333
bioportal-fao,life-sciences,0.16666666666666666,0.75,0.0,0.0,0.25,0.5,0.0,0.0,0.7783333333333333,0.5,0.5,0.5,0.22916666666666666,0.1875,0.5695833333333333
bioportal-fbbi,life-sciences,0.16666666666666666,0.75,0.0,0.0,0.25,0.5,0.0,0.0,0.7783333333333333,0.5,0.5,0.5,0.22916666666666666,0.1875,0.5695833333333333
bioportal-fbbt,life-sciences,0.16666666666666666,0.75,0.0,0.0,0.25,0.5,0.0,0.0,0.7783333333333333,0.5,0.5,0.5,0.22916666666666666,0.1875,0.5695833333333333
bioportal-fbcv,life-sciences,0.16666666666666666,0.75,0.0,0.0,0.25,0.5,0.0,0.0,0.7783333333333333,0.5,0.5,0.5,0.22916666666666666,0.1875,0.5695833333333333
bioportal-fbdv,life-sciences,0.16666666666666666,0.75,0.0,0.0,0.25,0.5,0.0,0.0,0.7783333333333333,0.5,0.5,0.5,0.22916666666666666,0.1875,0.5695833333333333
bioportal-fbsp,life-sciences,0.16666666666666666,0.75,0.0,0.0,0.25,0.5,0.0,0.0,0.7783333333333333,0.5,0.5,0.5,0.22916666666666666,0.1875,0.5695833333333333
bioportal-fda-meddevice,life-sciences,0.16666666666666666,0.75,0.0,0.0,0.25,0.5,0.0,0.0,0.7783333333333333,0.5,0.5,0.5,0.22916666666666666,0.1875,0.5695833333333333
bioportal-fhho,life-sciences,0.16666666666666666,0.75,0.0,0.0,0.25,0.5,0.0,0.0,0.7783333333333333,0.5,0.5,0.5,0.22916666666666666,0.1875,0.5695833333333333
bioportal-flu,life-sciences,0.16666666666666666,0.75,0.0,0.0,0.25,0.5,0.0,0.0,0.7783333333333333,0.5,0.5,0.5,0.22916666666666666,0.1875,0.5695833333333333
bioportal-fma,life-sciences,0.16666666666666666,0.75,0.0,0.0,0.25,0.5,0.0,0.0,0.7783333333333333,0.5,0.5,0.5,0.22916666666666666,0.1875,0.5695833333333333
bioportal-fypo,life-sciences,0.16666666666666666,0.75,0.0,0.0,0.25,0.5,0.0,0.0,0.7783333333333333,0.5,0.5,0.5,0.22916666666666666,0.1875,0.5695833333333333
bioportal-geospecies,life-sciences,0.16666666666666666,0.75,0.0,0.0,0.25,0.5,0.0,0.0,0.7783333333333333,0.5,0.5,0.5,0.22916666666666666,0.1875,0.5695833333333333
bioportal-gfo,life-sciences,0.16666666666666666,0.75,0.0,0.0,0.25,0.5,0.0,0.0,0.7783333333333333,0.5,0.5,0.5,0.22916666666666666,0.1875,0.5695833333333333
bioportal-gfo-bio,life-sciences,0.16666666666666666,0.75,0.0,0.0,0.25,0.5,0.0,0.0,0.7783333333333333,0.5,0.5,0.5,0.22916666666666666,0.1875,0.5695833333333333
bioportal-go_x1,life-sciences,0.16666666666666666,1.0,0.6666666666666666,0.16666666666666666,0.875,0.5,1.0,0.6666666666666666,0.7783333333333333,0.5,0.5,0.5,0.5,0.7604166666666666,0.5695833333333333
bioportal-go_x2,life-sciences,0.16666666666666666,1.0,0.6666666666666666,0.16666666666666666,0.875,0.5,1.0,0.6666666666666666,0.7783333333333333,0.5,0.5,0.5,0.5,0.7604166666666666,0.5695833333333333
bioportal-gro_x1,life-sciences,0.16666666666666666,0.75,0.0,0.0,0.25,0.5,0.0,0.0,0.7783333333333333,0.5,0.5,0.5,0.22916666666666666,0.1875,0.5695833333333333
bioportal-gro_x2,life-sciences,0.16666666666666666,0.75,0.0,0.0,0.25,0.5,0.0,0.0,0.7783333333333333,0.5,0.5,0.5,0.22916666666666666,0.1875,0.5695833333333333
bioportal-hao,life-sciences,0.16666666666666666,0.75,0.0,0.0,0.25,0.5,0.0,0.0,0.7783333333333333,0.5,0.5,0.5,0.22916666666666666,0.1875,0.5695833333333333
bioportal-hcpcs,life-sciences,0.16666666666666666,0.75,0.0,0.0,0.25,0.5,0.0,0.0,0.7783333333333333,0.5,0.5,0.5,0.22916666666666666,0.1875,0.5695833333333333
bioportal-hl7,life-sciences,0.16666666666666666,0.75,0.0,0.0,0.25,0.5,0.0,0.0,0.7783333333333333,0.5,0.5,0.5,0.22916666666666666,0.1875,0.5695833333333333
bioportal-hlth_indics,life-sciences,0.16666666666666666,0.75,0.0,0.0,0.25,0.5,0.0,0.0,0.7783333333333333,0.5,0.5,0.5,0.22916666666666666,0.1875,0.5695833333333333
bioportal-hp_x1,life-sciences,0.16666666666666666,1.0,0.6666666666666666,0.16666666666666666,0.875,0.5,1.0,0.6666666666666666,0.7783333333333333,0.5,0.5,0.5,0.5,0.7604166666666666,0.5695833333333333
bioportal-hpio,life-sciences,0.16666666666666666,0.75,0.0,0.0,0.25,0.5,0.0,0.0,0.7783333333333333,0.5,0.5,0.5,0.22916666666666666,0.1875,0.5695833333333333
bioportal-hugo,life-sciences,0.16666666666666666,0.75,0.0,0.0,0.25,0.5,0.0,0.0,0.7783333333333333,0.5,0.5,0.5,0.22916666666666666,0.1875,0.5695833333333333
bioportal-iao,life-sciences,0.16666666666666666,0.75,0.0,0.0,0.25,0.5,0.0,0.0,0.7783333333333333,0.5,0.5,0.5,0.22916666666666666,0.1875,0.5695833333333333
bioportal-icd10,life-sciences,0.16666666666666666,0.75,0.0,0.0,0.25,0.5,0.0,0.0,0.7783333333333333,0.5,0.5,0.5,0.22916666666666666,0.1875,0.5695833333333333
bioportal-icd10cm,life-sciences,0.16666666666666666,0.75,0.0,0.0,0.25,0.5,0.0,0.0,0.7783333333333333,0.5,0.5,0.5,0.22916666666666666,0.1875,0.5695833333333333
bioportal-icd10pcs,life-sciences,0.16666666666666666,0.75,0.0,0.0,0.25,0.5,0.0,0.0,0.7783333333333333,0.5,0.5,0.5,0.22916666666666666,0.1875,0.5695833333333333
bioportal-icd9cm,life-sciences,0.16666666666666666,0.75,0.0,0.0,0.25,0.5,0.0,0.0,0.7783333333333333,0.5,0.5,0.5,0.22916666666666666,0.1875,0.5695833333333333
bioportal-icf_x1,life-sciences,0.16666666666666666,0.75,0.0,0.0,0.25,0.5,0.0,0.0,0.7783333333333333,0.5,0.5,0.5,0.22916666666666666,0.1875,0.5695833333333333
bioportal-icnp,life-sciences,0.16666666666666666,0.75,0.0,0.0,0.25,0.5,0.0,0.0,0.7783333333333333,0.5,0.5,0.5,0.22916666666666666,0.1875,0.5695833333333333
bioportal-icpc,life-sciences,0.16666666666666666,0.75,0.0,0.0,0.25,0.5,0.0,0.0,0.7783333333333333,0.5,0.5,0.5,0.22916666666666666,0.1875,0.5695833333333333
bioportal-icpc2p,life-sciences,0.16666666666666666,0.75,0.0,0.0,0.25,0.5,0.0,0.0,0.7783333333333333,0.5,0.5,0.5,0.22916666666666666,0.1875,0.5695833333333333
bioportal-icps,life-sciences,0.16666666666666666,0.75,0.0,0.0,0.25,0.5,0.0,0.0,0.7783333333333333,0.5,0.5,0.5,0.22916666666666666,0.1875,0.5695833333333333
bioportal-ido,life-sciences,0.16666666666666666,0.75,0.0,0.0,0.25,0.5,0.0,0.0,0.7783333333333333,0.5,0.5,0.5,0.22916666666666666,0.1875,0.5695833333333333
bioportal-idobru,life-sciences,0.16666666666666666,0.75,0.0,0.0,0.25,0.5,0.0,0.0,0.7783333333333333,0.5,0.5,0.5,0.22916666666666666,0.1875,0.5695833333333333
bioportal-idomal,life-sciences,0.16666666666666666,0.75,0.0,0.0,0.25,0.5,0.0,0.0,0.7783333333333333,0.5,0.5,0.5,0.22916666666666666,0.1875,0.5695833333333333
bioportal-iev,life-sciences,0.16666666666666666,0.75,0.0,0.0,0.25,0.5,0.0,0.0,0.7783333333333333,0.5,0.5,0.5,0.22916666666666666,0.1875,0.5695833333333333
bioportal-imgt,life-sciences,0.16666666666666666,1.0,0.6666666666666666,0.16666666666666666,0.875,0.5,1.0,0.6666666666666666,0.7783333333333333,0.5,0.5,0.5,0.5,0.7604166666666666,0.5695833333333333
bioportal-imr,life-sciences,0.16666666666666666,0.75,0.0,0.0,0.25,0.5,0.0,0.0,0.7783333333333333,0.5,0.5,0.5,0.22916666666666666,0.1875,0.5695833333333333
bioportal-ino,life-sciences,0.16666666666666666,0.75,0.0,0.0,0.25,0.5,0.0,0.0,0.7783333333333333,0.5,0.5,0.5,0.22916666666666666,0.1875,0.5695833333333333
bioportal-ixno,life-sciences,0.16666666666666666,0.75,0.0,0.0,0.25,0.5,0.0,0.0,0.7783333333333333,0.5,0.5,0.5,0.22916666666666666,0.1875,0.5695833333333333
bioportal-jerm,life-sciences,0.16666666666666666,0.75,0.0,0.0,0.25,0.5,0.0,0.0,0.7783333333333333,0.5,0.5,0.5,0.22916666666666666,0.1875,0.5695833333333333
bioportal-lhn,life-sciences,0.16666666666666666,0.75,0.0,0.0,0.25,0.5,0.0,0.0,0.7783333333333333,0.5,0.5,0.5,0.22916666666666666,0.1875,0.5695833333333333
bioportal-lipro,life-sciences,0.16666666666666666,0.75,0.0,0.0,0.25,0.5,0.0,0.0,0.7783333333333333,0.5,0.5,0.5,0.22916666666666666,0.1875,0.5695833333333333
bioportal-lnc,life-sciences,0.16666666666666666,0.75,0.0,0.0,0.25,0.5,0.0,0.0,0.7783333333333333,0.5,0.5,0.5,0.22916666666666666,0.1875,0.5695833333333333
bioportal-ma,life-sciences,0.16666666666666666,1.0,0.6666666666666666,0.16666666666666666,0.875,0.5,1.0,0.6666666666666666,0.7783333333333333,0.5,0.5,0.5,0.5,0.7604166666666666,0.5695833333333333
bioportal-mao,life-sciences,0.16666666666666666,0.75,0.0,0.0,0.25,0.5,0.0,0.0,0.7783333333333333,0.5,0.5,0.5,0.22916666666666666,0.1875,0.5695833333333333
bioportal-mat,life-sciences,0.16666666666666666,0.75,0.0,0.0,0.25,0.5,0.0,0.0,0.7783333333333333,0.5,0.5,0.5,0.22916666666666666,0.1875,0.5695833333333333
bioportal-mcbcc,life-sciences,0.16666666666666666,0.75,0.0,0.0,0.25,0.5,0.0,0.0,0.7783333333333333,0.5,0.5,0.5,0.22916666666666666,0.1875,0.5695833333333333
bioportal-mccl,life-sciences,0.16666666666666666,0.75,0.0,0.0,0.25,0.5,0.0,0.0,0.7783333333333333,0.5,0.5,0.5,0.22916666666666666,0.1875,0.5695833333333333
bioportal-mccl_x1,life-sciences,0.16666666666666666,0.75,0.0,0.0,0.25,0.5,0.0,0.0,0.7783333333333333,0.5,0.5,0.5,0.22916666666666666,0.1875,0.5695833333333333
bioportal-mcv,life-sciences,0.16666666666666666,0.75,0.0,0.0,0.25,0.5,0.0,0.0,0.7783333333333333,0.5,0.5,0.5,0.22916666666666666,0.1875,0.5695833333333333
bioportal-mddb,life-sciences,0.16666666666666666,0.75,0.0,0.0,0.25,0.5,0.0,0.0,0.7783333333333333,0.5,0.5,0.5,0.22916666666666666,0.1875,0.5695833333333333
bioportal-mdr,life-sciences,0.16666666666666666,0.75,0.0,0.0,0.25,0.5,0.0,0.0,0.7783333333333333,0.5,0.5,0.5,0.22916666666666666,0.1875,0.5695833333333333
bioportal-medlineplus,life-sciences,0.16666666666666666,0.75,0.0,0.0,0.25,0.5,0.0,0.0,0.7783333333333333,0.5,0.5,0.5,0.22916666666666666,0.1875,0.5695833333333333
bioportal-mego,life-sciences,0.16666666666666666,0.75,0.0,0.0,0.25,0.5,0.0,0.0,0.7783333333333333,0.5,0.5,0.5,0.22916666666666666,0.1875,0.5695833333333333
bioportal-mesh-owl,life-sciences,0.16666666666666666,0.75,0.0,0.0,0.25,0.5,0.0,0.0,0.7783333333333333,0.5,0.5,0.5,0.22916666666666666,0.1875,0.5695833333333333
bioportal-mf,life-sciences,0.16666666666666666,0.75,0.0,0.0,0.25,0.5,0.0,0.0,0.7783333333333333,0.5,0.5,0.5,0.22916666666666666,0.1875,0.5695833333333333
bioportal-mfo,life-sciences,0.16666666666666666,0.75,0.0,0.0,0.25,0.5,0.0,0.0,0.7783333333333333,0.5,0.5,0.5,0.22916666666666666,0.1875,0.5695833333333333
bioportal-mfoem,life-sciences,0.16666666666666666,0.75,0.0,0.0,0.25,0.5,0.0,0.0,0.7783333333333333,0.5,0.5,0.5,0.22916666666666666,0.1875,0.5695833333333333
bioportal-mhc,life-sciences,0.16666666666666666,0.75,0.0,0.0,0.25,0.5,0.0,0.0,0.7783333333333333,0.5,0.5,0.5,0.22916666666666666,0.1875,0.5695833333333333
bioportal-mi,life-sciences,0.16666666666666666,0.75,0.0,0.0,0.25,0.5,0.0,0.0,0.7783333333333333,0.5,0.5,0.5,0.22916666666666666,0.1875,0.5695833333333333
bioportal-miro,life-sciences,0.16666666666666666,0.75,0.0,0.0,0.25,0.5,0.0,0.0,0.7783333333333333,0.5,0.5,0.5,0.22916666666666666,0.1875,0.5695833333333333
bioportal-mmo,life-sciences,0.16666666666666666,0.75,0.0,0.0,0.25,0.5,0.0,0.0,0.7783333333333333,0.5,0.5,0.5,0.22916666666666666,0.1875,0.5695833333333333
bioportal-mo,life-sciences,0.16666666666666666,0.75,0.0,0.0,0.25,0.5,0.0,0.0,0.7783333333333333,0.5,0.5,0.5,0.22916666666666666,0.1875,0.5695833333333333
bioportal-mod,life-sciences,0.16666666666666666,0.75,0.0,0.0,0.25,0.5,0.0,0.0,0.7783333333333333,0.5,0.5,0.5,0.22916666666666666,0.1875,0.5695833333333333
bioportal-mp,life-sciences,0.16666666666666666,1.0,0.6666666666666666,0.16666666666666666,0.875,0.5,1.0,0.6666666666666666,0.7783333333333333,0.5,0.5,0.5,0.5,0.7604166666666666,0.5695833333333333
bioportal-mpath,life-sciences,0.16666666666666666,0.75,0.0,0.0,0.25,0.5,0.0,0.0,0.7783333333333333,0.5,0.5,0.5,0.22916666666666666,0.1875,0.5695833333333333
bioportal-ms,life-sciences,0.16666666666666666,0.75,0.0,0.0,0.25,0.5,0.0,0.0,0.7783333333333333,0.5,0.5,0.5,0.22916666666666666,0.1875,0.5695833333333333
bioportal-msh,life-sciences,0.16666666666666666,0.75,0.0,0.0,0.25,0.5,0.0,0.0,0.7783333333333333,0.5,0.5,0.5,0.22916666666666666,0.1875,0.5695833333333333
bioportal-mthch,life-sciences,0.16666666666666666,0.75,0.0,0.0,0.25,0.5,0.0,0.0,0.7783333333333333,0.5,0.5,0.5,0.22916666666666666,0.1875,0.5695833333333333
bioportal-natpro,life-sciences,0.16666666666666666,0.75,0.0,0.0,0.25,0.5,0.0,0.0,0.7783333333333333,0.5,0.5,0.5,0.22916666666666666,0.1875,0.5695833333333333
bioportal-ncbitaxon,life-sciences,0.16666666666666666,0.75,0.0,0.0,0.25,0.5,0.0,0.0,0.7783333333333333,0.5,0.5,0.5,0.22916666666666666,0.1875,0.5695833333333333
bioportal-ncit,life-sciences,0.16666666666666666,0.75,0.0,0.0,0.25,0.5,0.0,0.0,0.7783333333333333,0.5,0.5,0.5,0.22916666666666666,0.1875,0.5695833333333333
bioportal-nddf,life-sciences,0.16666666666666666,0.75,0.0,0.0,0.25,0.5,0.0,0.0,0.7783333333333333,0.5,0.5,0.5,0.22916666666666666,0.1875,0.5695833333333333
bioportal-ndfrt,life-sciences,0.16666666666666666,0.75,0.0,0.0,0.25,0.5,0.0,0.0,0.7783333333333333,0.5,0.5,0.5,0.22916666666666666,0.1875,0.5695833333333333
bioportal-nemo_x1,life-sciences,0.16666666666666666,0.75,0.0,0.0,0.25,0.5,0.0,0.0,0.7783333333333333,0.5,0.5,0.5,0.22916666666666666,0.1875,0.5695833333333333
bioportal-neomark,life-sciences,0.16666666666666666,0.75,0.0,0.0,0.25,0.5,0.0,0.0,0.7783333333333333,0.5,0.5,0.5,0.22916666666666666,0.1875,0.5695833333333333
bioportal-neomarkontology,life-sciences,0.16666666666666666,0.75,0.0,0.0,0.25,0.5,0.0,0.0,0.7783333333333333,0.5,0.5,0.5,0.22916666666666666,0.1875,0.5695833333333333
bioportal-nif,life-sciences,0.16666666666666666,0.75,0.0,0.0,0.25,0.5,0.0,0.0,0.7783333333333333,0.5,0.5,0.5,0.22916666666666666,0.1875,0.5695833333333333
bioportal-nif_cell,life-sciences,0.16666666666666666,0.75,0.0,0.0,0.25,0.5,0.0,0.0,0.7783333333333333,0.5,0.5,0.5,0.22916666666666666,0.1875,0.5695833333333333
bioportal-nif_dysfunction,life-sciences,0.16666666666666666,0.75,0.0,0.0,0.25,0.5,0.0,0.0,0.7783333333333333,0.5,0.5,0.5,0.22916666666666666,0.1875,0.5695833333333333
bioportal-nigo,life-sciences,0.16666666666666666,0.75,0.0,0.0,0.25,0.5,0.0,0.0,0.7783333333333333,0.5,0.5,0.5,0.22916666666666666,0.1875,0.5695833333333333
bioportal-nmr,life-sciences,0.16666666666666666,0.75,0.0,0.0,0.25,0.5,0.0,0.0,0.7783333333333333,0.5,0.5,0.5,0.22916666666666666,0.1875,0.5695833333333333
bioportal-nonrctontology,life-sciences,0.16666666666666666,0.75,0.0,0.0,0.25,0.5,0.0,0.0,0.7783333333333333,0.5,0.5,0.5,0.22916666666666666,0.1875,0.5695833333333333
bioportal-npo,life-sciences,0.16666666666666666,0.75,0.0,0.0,0.25,0.5,0.0,0.0,0.7783333333333333,0.5,0.5,0.5,0.22916666666666666,0.1875,0.5695833333333333
bioportal-oae,life-sciences,0.16666666666666666,0.75,0.0,0.0,0.25,0.5,0.0,0.0,0.7783333333333333,0.5,0.5,0.5,0.22916666666666666,0.1875,0.5695833333333333
bioportal-obi,life-sciences,0.16666666666666666,0.75,0.0,0.0,0.25,0.5,0.0,0.0,0.7783333333333333,0.5,0.5,0.5,0.22916666666666666,0.1875,0.5695833333333333
bioportal-oboe,life-sciences,0.16666666666666666,0.75,0.0,0.0,0.25,0.5,0.0,0.0,0.7783333333333333,0.5,0.5,0.5,0.22916666666666666,0.1875,0.5695833333333333
bioportal-oboe-sbc,life-sciences,0.16666666666666666,0.75,0.0,0.0,0.25,0.5,0.0,0.0,0.7783333333333333,0.5,0.5,0.5,0.22916666666666666,0.1875,0.5695833333333333
bioportal-ocre,life-sciences,0.16666666666666666,0.75,0.0,0.0,0.25,0.5,0.0,0.0,0.7783333333333333,0.5,0.5,0.5,0.22916666666666666,0.1875,0.5695833333333333
bioportal-odgi,life-sciences,0.16666666666666666,0.75,0.0,0.0,0.25,0.5,0.0,0.0,0.7783333333333333,0.5,0.5,0.5,0.22916666666666666,0.1875,0.5695833333333333
bioportal-ogi,life-sciences,0.16666666666666666,0.75,0.0,0.0,0.25,0.5,0.0,0.0,0.7783333333333333,0.5,0.5,0.5,0.22916666666666666,0.1875,0.5695833333333333
bioportal-ogmd,life-sciences,0.16666666666666666,0.75,0.0,0.0,0.25,0.5,0.0,0.0,0.7783333333333333,0.5,0.5,0.5,0.22916666666666666,0.1875,0.5695833333333333
bioportal-ogms,life-sciences,0.16666666666666666,0.75,0.0,0.0,0.25,0.5,0.0,0.0,0.7783333333333333,0.5,0.5,0.5,0.22916666666666666,0.1875,0.5695833333333333
bioportal-omim,life-sciences,0.16666666666666666,0.75,0.0,0.0,0.25,0.5,0.0,0.0,0.7783333333333333,0.5,0.5,0.5,0.22916666666666666,0.1875,0.5695833333333333
bioportal-omit,life-sciences,0.16666666666666666,0.75,0.0,0.0,0.25,0.5,0.0,0.0,0.7783333333333333,0.5,0.5,0.5,0.22916666666666666,0.1875,0.5695833333333333
bioportal-omrse,life-sciences,0.16666666666666666,1.0,0.6666666666666666,0.16666666666666666,0.875,0.5,0.6666666666666666,0.6666666666666666,0.7600000000000001,0.25,0.5,0.8333333333333334,0.5,0.6770833333333333,0.5858333333333334
bioportal-ontodm,life-sciences,0.16666666666666666,0.75,0.0,0.0,0.25,0.5,0.0,0.0,0.7783333333333333,0.5,0.5,0.5,0.22916666666666666,0.1875,0.5695833333333333
bioportal-ontodt,life-sciences,0.16666666666666666,0.75,0.0,0.0,0.25,0.5,0.0,0.0,0.7783333333333333,0.5,0.5,0.5,0.22916666666666666,0.1875,0.5695833333333333
bioportal-ontoorpha,life-sciences,0.16666666666666666,1.0,0.6666666666666666,0.16666666666666666,0.875,0.5,1.0,0.6666666666666666,0.7966666666666667,0.5,0.5,0.8333333333333334,0.5,0.7604166666666666,0.6575000000000001
bioportal-opl,life-sciences,0.16666666666666666,0.75,0.0,0.0,0.25,0.5,0.0,0.0,0.7783333333333333,0.5,0.5,0.5,0.22916666666666666,0.1875,0.5695833333333333
bioportal-pato,life-sciences,0.16666666666666666,0.75,0.0,0.0,0.25,0.5,0.0,0.0,0.7783333333333333,0.5,0.5,0.5,0.22916666666666666,0.1875,0.5695833333333333
bioportal-pdq,life-sciences,0.16666666666666666,0.75,0.0,0.0,0.25,0.5,0.0,0.0,0.7783333333333333,0.5,0.5,0.5,0.22916666666666666,0.1875,0.5695833333333333
bioportal-pedterm,life-sciences,0.16666666666666666,0.75,0.0,0.0,0.25,0.5,0.0,0.0,0.7783333333333333,0.5,0.5,0.5,0.22916666666666666,0.1875,0.5695833333333333
bioportal-peo,life-sciences,0.16666666666666666,0.75,0.0,0.0,0.25,0.5,0.0,0.0,0.7783333333333333,0.5,0.5,0.5,0.22916666666666666,0.1875,0.5695833333333333
bioportal-phare,life-sciences,0.16666666666666666,1.0,0.6666666666666666,0.16666666666666666,0.875,0.5,1.0,0.6666666666666666,0.7783333333333333,0.5,0.5,0.5,0.5,0.7604166666666666,0.5695833333333333
bioportal-pko,life-sciences,0.16666666666666666,0.75,0.0,0.0,0.25,0.5,0.0,0.0,0.7783333333333333,0.5,0.5,0.5,0.22916666666666666,0.1875,0.5695833333333333
bioportal-pma,life-sciences,0.16666666666666666,0.75,0.0,0.0,0.25,0.5,0.0,0.0,0.7783333333333333,0.5,0.5,0.5,0.22916666666666666,0.1875,0.5695833333333333
bioportal-pmr,life-sciences,0.16666666666666666,0.75,0.0,0.0,0.25,0.5,0.0,0.0,0.7783333333333333,0.5,0.5,0.5,0.22916666666666666,0.1875,0.5695833333333333
bioportal-po,life-sciences,0.16666666666666666,1.0,0.6666666666666666,0.16666666666666666,0.875,0.5,1.0,0.6666666666666666,0.7783333333333333,0.5,0.5,0.5,0.5,0.7604166666666666,0.5695833333333333
bioportal-po_x1,life-sciences,0.16666666666666666,0.75,0.0,0.0,0.25,0.5,0.0,0.0,0.7783333333333333,0.5,0.5,0.5,0.22916666666666666,0.1875,0.5695833333333333
bioportal-po_x2,life-sciences,0.16666666666666666,1.0,0.6666666666666666,0.16666666666666666,0.875,0.5,1.0,0.6666666666666666,0.7783333333333333,0.5,0.5,0.5,0.5,0.7604166666666666,0.5695833333333333
bioportal-pr,life-sciences,0.16666666666666666,0.75,0.0,0.0,0.25,0.5,0.0,0.0,0.7783333333333333,0.5,0.5,0.5,0.22916666666666666,0.1875,0.5695833333333333
bioportal-propreo,life-sciences,0.16666666666666666,0.75,0.0,0.0,0.25,0.5,0.0,0.0,0.7783333333333333,0.5,0.5,0.5,0.22916666666666666,0.1875,0.5695833333333333
bioportal-pw,life-sciences,0.16666666666666666,0.75,0.0,0.0,0.25,0.5,0.0,0.0,0.7783333333333333,0.5,0.5,0.5,0.22916666666666666,0.1875,0.5695833333333333
bioportal-rcd,life-sciences,0.16666666666666666,0.75,0.0,0.0,0.25,0.5,0.0,0.0,0.7783333333333333,0.5,0.5,0.5,0.22916666666666666,0.1875,0.5695833333333333
bioportal-rctontology,life-sciences,0.16666666666666666,0.75,0.0,0.0,0.25,0.5,0.0,0.0,0.7783333333333333,0.5,0.5,0.5,0.22916666666666666,0.1875,0.5695833333333333
bioportal-repo,life-sciences,0.16666666666666666,0.75,0.0,0.0,0.25,0.5,0.0,0.0,0.7783333333333333,0.5,0.5,0.5,0.22916666666666666,0.1875,0.5695833333333333
bioportal-rex,life-sciences,0.16666666666666666,0.75,0.0,0.0,0.25,0.5,0.0,0.0,0.7783333333333333,0.5,0.5,0.5,0.22916666666666666,0.1875,0.5695833333333333
bioportal-rid,life-sciences,0.16666666666666666,0.75,0.0,0.0,0.25,0.5,0.0,0.0,0.7783333333333333,0.5,0.5,0.5,0.22916666666666666,0.1875,0.5695833333333333
bioportal-rnao,life-sciences,0.16666666666666666,0.75,0.0,0.0,0.25,0.5,0.0,0.0,0.7783333333333333,0.5,0.5,0.5,0.22916666666666666,0.1875,0.5695833333333333
bioportal-roleo,life-sciences,0.16666666666666666,0.75,0.0,0.0,0.25,0.5,0.0,0.0,0.7783333333333333,0.5,0.5,0.5,0.22916666666666666,0.1875,0.5695833333333333
bioportal-rs,life-sciences,0.16666666666666666,0.75,0.0,0.0,0.25,0.5,0.0,0.0,0.7783333333333333,0.5,0.5,0.5,0.22916666666666666,0.1875,0.5695833333333333
bioportal-rxnorm,life-sciences,0.16666666666666666,0.75,0.0,0.0,0.25,0.5,0.0,0.0,0.7783333333333333,0.5,0.5,0.5,0.22916666666666666,0.1875,0.5695833333333333
bioportal-sao,life-sciences,0.16666666666666666,0.75,0.0,0.0,0.25,0.5,0.0,0.0,0.7783333333333333,0.5,0.5,0.5,0.22916666666666666,0.1875,0.5695833333333333
bioportal-sbo,life-sciences,0.16666666666666666,0.75,0.0,0.0,0.25,0.5,0.0,0.0,0.7783333333333333,0.5,0.5,0.5,0.22916666666666666,0.1875,0.5695833333333333
bioportal-sbro,life-sciences,0.16666666666666666,0.75,0.0,0.0,0.25,0.5,0.0,0.0,0.7783333333333333,0.5,0.5,0.5,0.22916666666666666,0.1875,0.5695833333333333
bioportal-sdo,life-sciences,0.16666666666666666,0.75,0.0,0.0,0.25,0.5,0.0,0.0,0.7783333333333333,0.5,0.5,0.5,0.22916666666666666,0.1875,0.5695833333333333
bioportal-sep,life-sciences,0.16666666666666666,0.75,0.0,0.0,0.25,0.5,0.0,0.0,0.7783333333333333,0.5,0.5,0.5,0.22916666666666666,0.1875,0.5695833333333333
bioportal-shr,life-sciences,0.16666666666666666,0.75,0.0,0.0,0.25,0.5,0.0,0.0,0.7783333333333333,0.5,0.5,0.5,0.22916666666666666,0.1875,0.5695833333333333
bioportal-sio,life-sciences,0.16666666666666666,1.0,0.6666666666666666,0.16666666666666666,0.875,0.5,1.0,0.6666666666666666,0.7966666666666667,0.5,0.5,0.8333333333333334,0.5,0.7604166666666666,0.6575000000000001
bioportal-sitbac,life-sciences,0.16666666666666666,0.75,0.0,0.0,0.25,0.5,0.0,0.0,0.7783333333333333,0.5,0.5,0.5,0.22916666666666666,0.1875,0.5695833333333333
bioportal-snomedct,life-sciences,0.16666666666666666,0.75,0.0,0.0,0.25,0.5,0.0,0.0,0.7783333333333333,0.5,0.5,0.5,0.22916666666666666,0.1875,0.5695833333333333
bioportal-snpo,life-sciences,0.16666666666666666,0.75,0.0,0.0,0.25,0.5,0.0,0.0,0.7783333333333333,0.5,0.5,0.5,0.22916666666666666,0.1875,0.5695833333333333
bioportal-so_x1,life-sciences,0.16666666666666666,0.75,0.0,0.0,0.25,0.5,0.0,0.0,0.7783333333333333,0.5,0.5,0.5,0.22916666666666666,0.1875,0.5695833333333333
bioportal-sopharm,life-sciences,0.16666666666666666,0.75,0.0,0.0,0.25,0.5,0.0,0.0,0.7783333333333333,0.5,0.5,0.5,0.22916666666666666,0.1875,0.5695833333333333
bioportal-soy,life-sciences,0.16666666666666666,0.75,0.0,0.0,0.25,0.5,0.0,0.0,0.7783333333333333,0.5,0.5,0.5,0.22916666666666666,0.1875,0.5695833333333333
bioportal-spd,life-sciences,0.16666666666666666,0.75,0.0,0.0,0.25,0.5,0.0,0.0,0.7783333333333333,0.5,0.5,0.5,0.22916666666666666,0.1875,0.5695833333333333
bioportal-spto,life-sciences,0.16666666666666666,0.75,0.0,0.0,0.25,0.5,0.0,0.0,0.7783333333333333,0.5,0.5,0.5,0.22916666666666666,0.1875,0.5695833333333333
bioportal-sso,life-sciences,0.16666666666666666,0.75,0.0,0.0,0.25,0.5,0.0,0.0,0.7783333333333333,0.5,0.5,0.5,0.22916666666666666,0.1875,0.5695833333333333
bioportal-swo,life-sciences,0.16666666666666666,0.75,0.0,0.0,0.25,0.5,0.0,0.0,0.7783333333333333,0.5,0.5,0.5,0.22916666666666666,0.1875,0.5695833333333333
bioportal-tads,life-sciences,0.16666666666666666,0.75,0.0,0.0,0.25,0.5,0.0,0.0,0.7783333333333333,0.5,0.5,0.5,0.22916666666666666,0.1875,0.5695833333333333
bioportal-tao,life-sciences,0.16666666666666666,0.75,0.0,0.0,0.25,0.5,0.0,0.0,0.7783333333333333,0.5,0.5,0.5,0.22916666666666666,0.1875,0.5695833333333333
bioportal-taxrank,life-sciences,0.16666666666666666,0.75,0.0,0.0,0.25,0.5,0.0,0.0,0.7783333333333333,0.5,0.5,0.5,0.22916666666666666,0.1875,0.5695833333333333
bioportal-teddy,life-sciences,0.16666666666666666,0.75,0.0,0.0,0.25,0.5,0.0,0.0,0.7783333333333333,0.5,0.5,0.5,0.22916666666666666,0.1875,0.5695833333333333
bioportal-teo,life-sciences,0.16666666666666666,0.75,0.0,0.0,0.25,0.5,0.0,0.0,0.7783333333333333,0.5,0.5,0.5,0.22916666666666666,0.1875,0.5695833333333333
bioportal-tgma,life-sciences,0.16666666666666666,0.75,0.0,0.0,0.25,0.5,0.0,0.0,0.7783333333333333,0.5,0.5,0.5,0.22916666666666666,0.1875,0.5695833333333333
bioportal-thesaurus,life-sciences,0.16666666666666666,0.75,0.0,0.0,0.25,0.5,0.0,0.0,0.7783333333333333,0.5,0.5,0.5,0.22916666666666666,0.1875,0.5695833333333333
bioportal-tm-signs-and-sympts,life-sciences,0.16666666666666666,0.75,0.0,0.0,0.25,0.5,0.0,0.0,0.7783333333333333,0.5,0.5,0.5,0.22916666666666666,0.1875,0.5695833333333333
bioportal-tmo,life-sciences,0.16666666666666666,0.75,0.0,0.0,0.25,0.5,0.0,0.0,0.7783333333333333,0.5,0.5,0.5,0.22916666666666666,0.1875,0.5695833333333333
bioportal-to,life-sciences,0.16666666666666666,0.75,0.0,0.0,0.25,0.5,0.0,0.0,0.7783333333333333,0.5,0.5,0.5,0.22916666666666666,0.1875,0.5695833333333333
bioportal-tok,life-sciences,0.16666666666666666,0.75,0.0,0.0,0.25,0.5,0.0,0.0,0.7783333333333333,0.5,0.5,0.5,0.22916666666666666,0.1875,0.5695833333333333
bioportal-tto,life-sciences,0.16666666666666666,0.75,0.0,0.0,0.25,0.5,0.0,0.0,0.7783333333333333,0.5,0.5,0.5,0.22916666666666666,0.1875,0.5695833333333333
bioportal-uberon,life-sciences,0.16666666666666666,0.75,0.0,0.0,0.25,0.5,0.0,0.0,0.7783333333333333,0.5,0.5,0.5,0.22916666666666666,0.1875,0.5695833333333333
bioportal-unitsontology,life-sciences,0.16666666666666666,0.75,0.0,0.0,0.25,0.5,0.0,0.0,0.7783333333333333,0.5,0.5,0.5,0.22916666666666666,0.1875,0.5695833333333333
bioportal-uo,life-sciences,0.16666666666666666,0.75,0.0,0.0,0.25,0.5,0.0,0.0,0.7783333333333333,0.5,0.5,0.5,0.22916666666666666,0.1875,0.5695833333333333
bioportal-vandf,life-sciences,0.16666666666666666,0.75,0.0,0.0,0.25,0.5,0.0,0.0,0.7783333333333333,0.5,0.5,0.5,0.22916666666666666,0.1875,0.5695833333333333
bioportal-vao,life-sciences,0.16666666666666666,0.75,0.0,0.0,0.25,0.5,0.0,0.0,0.7783333333333333,0.5,0.5,0.5,0.22916666666666666,0.1875,0.5695833333333333
bioportal-vhog,life-sciences,0.16666666666666666,0.75,0.0,0.0,0.25,0.5,0.0,0.0,0.7783333333333333,0.5,0.5,0.5,0.22916666666666666,0.1875,0.5695833333333333
bioportal-vivo,life-sciences,0.16666666666666666,0.75,0.0,0.0,0.25,0.5,0.0,0.0,0.7783333333333333,0.5,0.5,0.5,0.22916666666666666,0.1875,0.5695833333333333
bioportal-vo,life-sciences,0.16666666666666666,0.75,0.0,0.0,0.25,0.5,0.0,0.0,0.7783333333333333,0.5,0.5,0.5,0.22916666666666666,0.1875,0.5695833333333333
bioportal-vt,life-sciences,0.16666666666666666,0.75,0.0,0.0,0.25,0.5,0.0,0.0,0.7783333333333333,0.5,0.5,0.5,0.22916666666666666,0.1875,0.5695833333333333
bioportal-wbbt,life-sciences,0.16666666666666666,0.75,0.0,0.0,0.25,0.5,0.0,0.0,0.7783333333333333,0.5,0.5,0.5,0.22916666666666666,0.1875,0.5695833333333333
bioportal-wbls,life-sciences,0.16666666666666666,0.75,0.0,0.0,0.25,0.5,0.0,0.0,0.7783333333333333,0.5,0.5,0.5,0.22916666666666666,0.1875,0.5695833333333333
bioportal-wbphenotype,life-sciences,0.16666666666666666,0.75,0.0,0.0,0.25,0.5,0.0,0.0,0.7783333333333333,0.5,0.5,0.5,0.22916666666666666,0.1875,0.5695833333333333
bioportal-who,life-sciences,0.16666666666666666,0.75,0.0,0.0,0.25,0.5,0.0,0.0,0.7783333333333333,0.5,0.5,0.5,0.22916666666666666,0.1875,0.5695833333333333
bioportal-xao,life-sciences,0.16666666666666666,0.75,0.0,0.0,0.25,0.5,0.0,0.0,0.7783333333333333,0.5,0.5,0.5,0.22916666666666666,0.1875,0.5695833333333333
bioportal-xco,life-sciences,0.16666666666666666,0.75,0.0,0.0,0.25,0.5,0.0,0.0,0.7783333333333333,0.5,0.5,0.5,0.22916666666666666,0.1875,0.5695833333333333
bioportal-ypo,life-sciences,0.16666666666666666,0.75,0.0,0.0,0.25,0.5,0.0,0.0,0.7783333333333333,0.5,0.5,0.5,0.22916666666666666,0.1875,0.5695833333333333
bioportal-zfa,life-sciences,0.16666666666666666,0.75,0.0,0.0,0.25,0.5,0.0,0.0,0.7783333333333333,0.5,0.5,0.5,0.22916666666666666,0.1875,0.5695833333333333
biosamples-rdf,life-sciences,0.16666666666666666,1.0,0.6666666666666666,0.16666666666666666,0.75,0.5,1.0,0.6666666666666666,0.7966666666666667,0.5,0.6666666666666666,0.6666666666666666,0.5,0.7291666666666666,0.6575
chem2bio2rdf,life-sciences,0.16666666666666666,1.0,0.6666666666666666,0.16666666666666666,0.75,0.5,1.0,0.6666666666666666,0.7600000000000001,0.25,0.5,0.5,0.5,0.7291666666666666,0.5025000000000001
chembl-rdf,life-sciences,0.16666666666666666,1.0,0.6666666666666666,0.16666666666666666,0.75,0.5,1.0,0.6666666666666666,0.8150000000000001,0.5,0.6666666666666666,1.0,0.5,0.7291666666666666,0.7454166666666666
chemdb-basicInfo,life-sciences,0.16666666666666666,1.0,0.6666666666666666,0.16666666666666666,0.75,0.5,1.0,0.6666666666666666,0.9449666666666667,1.0,0.5,0.8333333333333334,0.5,0.7291666666666666,0.819575
chemdb-estimatedProperties,life-sciences,0.16666666666666666,1.0,0.6666666666666666,0.16666666666666666,0.75,0.5,1.0,0.6666666666666666,0.9385,1.0,0.5,0.8333333333333334,0.5,0.7291666666666666,0.8179583333333333
chemdb-phaseTransition,life-sciences,0.16666666666666666,1.0,0.6666666666666666,0.16666666666666666,0.75,0.5,1.0,0.6666666666666666,0.9448666666666666,1.0,0.5,0.8333333333333334,0.5,0.7291666666666666,0.81955
chemdb-thermochemistry,life-sciences,0.16666666666666666,1.0,0.6666666666666666,0.16666666666666666,0.75,0.5,1.0,0.6666666666666666,0.9449666666666667,1.0,0.5,0.8333333333333334,0.5,0.7291666666666666,0.819575
ckan,life-sciences,0.16666666666666666,1.0,0.6666666666666666,0.16666666666666666,0.75,0.5,1.0,0.6666666666666666,0.7966666666666667,0.25,0.5,0.8333333333333334,0.5,0.7291666666666666,0.5950000000000001
cz-eh-1-atc,life-sciences,0.16666666666666666,1.0,0.6666666666666666,0.16666666666666666,0.75,0.5,0.6666666666666666,0.6666666666666666,0.7966666666666667,0.25,0.5,0.8333333333333334,0.5,0.6458333333333333,0.5950000000000001
cz-sidc-drug-ingredients,life-sciences,0.16666666666666666,1.0,0.6666666666666666,0.16666666666666666,0.75,0.5,0.6666666666666666,0.6666666666666666,0.7966666666666667,0.25,0.5,0.8333333333333334,0.5,0.6458333333333333,0.5950000000000001
cz-sidc-drugs,life-sciences,0.16666666666666666,1.0,0.6666666666666666,0.16666666666666666,0.75,0.5,0.6666666666666666,0.6666666666666666,0.7966666666666667,0.25,0.5,0.8333333333333334,0.5,0.6458333333333333,0.5950000000000001
dbpedia,life-sciences,0.16666666666666666,1.0,0.6666666666666666,0.16666666666666666,0.75,0.5,1.0,0.6666666666666666,1.0,1.0,1.0,1.0,0.5,0.7291666666666666,1.0
disgenet,life-sciences,0.16666666666666666,1.0,0.6666666666666666,0.16666666666666666,0.75,0.5,1.0,0.6666666666666666,0.8150000000000001,0.5,0.6666666666666666,1.0,0.5,0.7291666666666666,0.7454166666666666
eagle-i-alaska,life-sciences,0.16666666666666666,1.0,0.6666666666666666,0.16666666666666666,0.75,0.5,0.6666666666666666,0.6666666666666666,0.7783333333333333,0.25,0.5,0.5,0.5,0.6458333333333333,0.5070833333333333
eagle-i-cau,life-sciences,0.16666666666666666,1.0,0.6666666666666666,0.16666666666666666,0.75,0.5,0.6666666666666666,0.6666666666666666,0.7783333333333333,0.25,0.5,0.5,0.5,0.6458333333333333,0.5070833333333333
eagle-i-ccny-cuny,life-sciences,0.16666666666666666,1.0,0.6666666666666666,0.16666666666666666,0.75,0.5,0.6666666666666666,0.6666666666666666,0.7783333333333333,0.25,0.5,0.5,0.5,0.6458333333333333,0.5070833333333333
eagle-i-cdrewu,life-sciences,0.16666666666666666,1.0,0.6666666666666666,0.16666666666666666,0.75,0.5,0.6666666666666666,0.6666666666666666,0.7783333333333333,0.25,0.5,0.5,0.5,0.6458333333333333,0.5070833333333333
eagle-i-dartmouth,life-sciences,0.16666666666666666,1.0,0.6666666666666666,0.16666666666666666,0.75,0.5,0.6666666666666666,0.6666666666666666,0.7783333333333333,0.25,0.5,0.5,0.5,0.6458333333333333,0.5070833333333333
eagle-i-famu,life-sciences,0.16666666666666666,1.0,0.6666666666666666,0.16666666666666666,0.75,0.5,0.6666666666666666,0.6666666666666666,0.7783333333333333,0.25,0.5,0.5,0.5,0.6458333333333333,0.5070833333333333
eagle-i-harvard,life-sciences,0.16666666666666666,1.0,0.6666666666666666,0.16666666666666666,0.75,0.5,0.6666666666666666,0.6666666666666666,0.7783333333333333,0.25,0.5,0.5,0.5,0.6458333333333333,0.5070833333333333
eagle-i-hawaii,life-sciences,0.16666666666666666,1.0,0.6666666666666666,0.16666666666666666,0.75,0.5,0.6666666666666666,0.6666666666666666,0.7783333333333333,0.25,0.5,0.5,0.5,0.6458333333333333,0.5070833333333333
eagle-i-howard,life-sciences,0.16666666666666666,1.0,0.6666666666666666,0.16666666666666666,0.75,0.5,0.6666666666666666,0.6666666666666666,0.7783333333333333,0.25,0.5,0.5,0.5,0.6458333333333333,0.5070833333333333
eagle-i-hunter-cuny,life-sciences,0.16666666666666666,1.0,0.6666666666666666,0.16666666666666666,0.75,0.5,0.6666666666666666,0.6666666666666666,0.7783333333333333,0.25,0.5,0.5,0.5,0.6458333333333333,0.5070833333333333
eagle-i-jsu,life-sciences,0.16666666666666666,1.0,0.6666666666666666,0.16666666666666666,0.75,0.5,0.6666666666666666,0.6666666666666666,0.7966666666666667,0.25,0.5,0.8333333333333334,0.5,0.6458333333333333,0.5950000000000001
eagle-i-meharry,life-sciences,0.16666666666666666,1.0,0.6666666666666666,0.16666666666666666,0.75,0.5,0.6666666666666666,0.6666666666666666,0.7783333333333333,0.25,0.5,0.5,0.5,0.6458333333333333,0.5070833333333333
eagle-i-montana,life-sciences,0.16666666666666666,1.0,0.6666666666666666,0.16666666666666666,0.75,0.5,0.6666666666666666,0.6666666666666666,0.7783333333333333,0.25,0.5,0.5,0.5,0.6458333333333333,0.5070833333333333
eagle-i-msm,life-sciences,0.16666666666666666,1.0,0.6666666666666666,0.16666666666666666,0.75,0.5,0.6666666666666666,0.6666666666666666,0.7783333333333333,0.25,0.5,0.5,0.5,0.6458333333333333,0.5070833333333333
eagle-i-ohsu,life-sciences,0.16666666666666666,1.0,0.6666666666666666,0.16666666666666666,0.75,0.5,0.6666666666666666,0.6666666666666666,0.7783333333333333,0.25,0.5,0.5,0.5,0.6458333333333333,0.5070833333333333
eagle-i-psm,life-sciences,0.16666666666666666,1.0,0.6666666666666666,0.16666666666666666,0.75,0.5,0.6666666666666666,0.6666666666666666,0.7783333333333333,0.25,0.5,0.5,0.5,0.6458333333333333,0.5070833333333333
eagle-i-tsu,life-sciences,0.16666666666666666,1.0,0.6666666666666666,0.16666666666666666,0.75,0.5,0.6666666666666666,0.6666666666666666,0.7783333333333333,0.25,0.5,0.5,0.5,0.6458333333333333,0.5070833333333333
eagle-i-tuskegee,life-sciences,0.16666666666666666,1.0,0.6666666666666666,0.16666666666666666,0.75,0.5,0.6666666666666666,0.6666666666666666,0.7783333333333333,0.25,0.5,0.5,0.5,0.6458333333333333,0.5070833333333333
eagle-i-uccaribe,life-sciences,0.16666666666666666,1.0,0.6666666666666666,0.16666666666666666,0.75,0.5,0.6666666666666666,0.6666666666666666,0.7783333333333333,0.25,0.5,0.5,0.5,0.6458333333333333,0.5070833333333333
eagle-i-upr,life-sciences,0.16666666666666666,1.0,0.6666666666666666,0.16666666666666666,0.75,0.5,0.6666666666666666,0.6666666666666666,0.7783333333333333,0.25,0.5,0.5,0.5,0.6458333333333333,0.5070833333333333
eagle-i-utep,life-sciences,0.16666666666666666,1.0,0.6666666666666666,0.16666666666666666,0.75,0.5,0.6666666666666666,0.6666666666666666,0.7783333333333333,0.25,0.5,0.5,0.5,0.6458333333333333,0.5070833333333333
eagle-i-utsa,life-sciences,0.16666666666666666,1.0,0.6666666666666666,0.16666666666666666,0.75,0.5,0.6666666666666666,0.6666666666666666,0.7783333333333333,0.25,0.5,0.5,0.5,0.6458333333333333,0.5070833333333333
eagle-i-vanderbilt,life-sciences,0.16666666666666666,1.0,0.6666666666666666,0.16666666666666666,0.75,0.5,0.6666666666666666,0.6666666666666666,0.7783333333333333,0.25,0.5,0.5,0.5,0.6458333333333333,0.5070833333333333
eagle-i-xula,life-sciences,0.16666666666666666,1.0,0.6666666666666666,0.16666666666666666,0.75,0.5,0.6666666666666666,0.6666666666666666,0.7783333333333333,0.25,0.5,0.5,0.5,0.6458333333333333,0.5070833333333333
entice-graph,life-sciences,0.16666666666666666,1.0,0.6666666666666666,0.16666666666666666,0.75,0.5,0.6666666666666666,0.6666666666666666,0.7966666666666667,0.25,0.5,0.8333333333333334,0.5,0.6458333333333333,0.5950000000000001
entrez_gene,life-sciences,0.16666666666666666,1.0,0.6666666666666666,0.16666666666666666,0.75,0.5,1.0,0.6666666666666666,0.7600000000000001,0.25,0.6666666666666666,0.6666666666666666,0.5,0.7291666666666666,0.5858333333333333
eunis,life-sciences,0.16666666666666666,1.0,0.6666666666666666,0.16666666666666666,0.75,0.5,1.0,0.6666666666666666,0.8150000000000001,0.5,0.6666666666666666,1.0,0.5,0.7291666666666666,0.7454166666666666
farmbio-chembl,life-sciences,0.16666666666666666,1.0,0.6666666666666666,0.16666666666666666,0.75,0.5,1.0,0.6666666666666666,0.8150000000000001,0.5,0.6666666666666666,1.0,0.5,0.7291666666666666,0.7454166666666666
foodpedia,life-sciences,0.16666666666666666,1.0,0.6666666666666666,0.16666666666666666,0.75,0.5,0.6666666666666666,0.6666666666666666,0.7966666666666667,0.25,0.5,0.8333333333333334,0.5,0.6458333333333333,0.5950000000000001
fu-berlin-dailymed,life-sciences,0.16666666666666666,1.0,0.6666666666666666,0.16666666666666666,0.75,0.5,0.6666666666666666,0.6666666666666666,0.7783333333333333,0.25,0.5,0.5,0.5,0.6458333333333333,0.5070833333333333
fu-berlin-diseasome,life-sciences,0.16666666666666666,1.0,0.6666666666666666,0.16666666666666666,0.75,0.5,0.6666666666666666,0.6666666666666666,0.7783333333333333,0.25,0.5,0.5,0.5,0.6458333333333333,0.5070833333333333
fu-berlin-drugbank,life-sciences,0.16666666666666666,1.0,0.6666666666666666,0.16666666666666666,0.75,0.5,0.6666666666666666,0.6666666666666666,0.7783333333333333,0.25,0.5,0.5,0.5,0.6458333333333333,0.5070833333333333
fu-berlin-medicare,life-sciences,0.16666666666666666,1.0,0.6666666666666666,0.16666666666666666,0.75,0.5,0.6666666666666666,0.6666666666666666,0.7783333333333333,0.25,0.5,0.5,0.5,0.6458333333333333,0.5070833333333333
fu-berlin-sider,life-sciences,0.16666666666666666,1.0,0.6666666666666666,0.16666666666666666,0.75,0.5,0.6666666666666666,0.6666666666666666,0.7783333333333333,0.25,0.5,0.5,0.5,0.6458333333333333,0.5070833333333333
fu-berlin-stitch,life-sciences,0.16666666666666666,1.0,0.6666666666666666,0.16666666666666666,0.875,0.5,0.6666666666666666,0.6666666666666666,0.7783333333333333,0.25,0.5,0.8333333333333334,0.5,0.6770833333333333,0.5904166666666667
gene-expression-atlas-rdf,life-sciences,0.16666666666666666,1.0,0.6666666666666666,0.16666666666666666,0.75,0.5,1.0,0.6666666666666666,0.7966666666666667,0.5,0.5,0.5,0.5,0.7291666666666666,0.5741666666666667
geospecies,life-sciences,0.16666666666666666,1.0,0.6666666666666666,0.16666666666666666,0.75,0.5,1.0,0.6666666666666666,0.8150000000000001,0.5,0.6666666666666666,1.0,0.5,0.7291666666666666,0.7454166666666666
heartfailure,life-sciences,0.16666666666666666,1.0,0.6666666666666666,0.16666666666666666,0.75,0.5,0.6666666666666666,0.6666666666666666,0.7783333333333333,0.25,0.5,0.8333333333333334,0.5,0.6458333333333333,0.5904166666666667
hito,life-sciences,0.16666666666666666,1.0,0.6666666666666666,0.16666666666666666,0.75,0.5,1.0,0.6666666666666666,0.9686289183333333,1.0,0.6666666666666666,1.0,0.5,0.7291666666666666,0.9088238962499999
http:sensormeasurement.appspot.comdatasetnaturopathy-dataset,life-sciences,0.16666666666666666,1.0,0.6666666666666666,0.16666666666666666,0.75,0.5,0.6666666666666666,0.6666666666666666,0.8150000000000001,0.5,0.6666666666666666,1.0,0.5,0.6458333333333333,0.7454166666666666
issa-agritrop,life-sciences,0.16666666666666666,1.0,0.6666666666666666,0.16666666666666666,0.75,0.5,1.0,0.6666666666666666,0.8150000000000001,0.5,0.5,0.8333333333333334,0.5,0.7291666666666666,0.6620833333333334
kupkb,life-sciences,0.16666666666666666,1.0,0.6666666666666666,0.16666666666666666,0.75,0.5,1.0,0.6666666666666666,0.7600000000000001,0.25,0.6666666666666666,0.3333333333333333,0.5,0.7291666666666666,0.5025000000000001
linked-life-data,life-sciences,0.16666666666666666,1.0,0.6666666666666666,0.16666666666666666,0.75,0.5,0.6666666666666666,0.6666666666666666,0.7783333333333333,0.25,0.5,0.5,0.5,0.6458333333333333,0.5070833333333333
linked-tcga,life-sciences,0.16666666666666666,1.0,0.6666666666666666,0.16666666666666666,0.75,0.5,0.6666666666666666,0.6666666666666666,0.7966666666666667,0.25,0.5,0.8333333333333334,0.5,0.6458333333333333,0.5950000000000001
linkedct,life-sciences,0.16666666666666666,1.0,0.6666666666666666,0.16666666666666666,0.75,0.5,1.0,0.6666666666666666,0.8150000000000001,0.5,0.6666666666666666,1.0,0.5,0.7291666666666666,0.7454166666666666
lodac-bdls,life-sciences,0.16666666666666666,1.0,0.6666666666666666,0.16666666666666666,0.75,0.5,0.6666666666666666,0.6666666666666666,0.8150000000000001,0.5,0.5,0.8333333333333334,0.5,0.6458333333333333,0.6620833333333334
micro-coronavirus,life-sciences,0.16666666666666666,1.0,0.6666666666666666,0.16666666666666666,0.875,0.5,1.0,0.6666666666666666,0.9385666666666667,1.0,0.5,0.8333333333333334,0.5,0.7604166666666666,0.817975
nextprot,life-sciences,0.16666666666666666,1.0,0.6666666666666666,0.16666666666666666,0.75,0.5,1.0,0.6666666666666666,0.7783333333333333,0.375,0.5,0.8333333333333334,0.5,0.7291666666666666,0.6216666666666667
nvs,life-sciences,0.16666666666666666,1.0,0.6666666666666666,0.16666666666666666,0.75,0.5,1.0,0.6666666666666666,0.8150000000000001,0.5,0.6666666666666666,1.0,0.5,0.7291666666666666,0.7454166666666666
ogolod,life-sciences,0.16666666666666666,1.0,0.6666666666666666,0.16666666666666666,0.75,0.5,0.6666666666666666,0.6666666666666666,0.7966666666666667,0.25,0.5,0.8333333333333334,0.5,0.6458333333333333,0.5950000000000001
organic-edunet,life-sciences,0.16666666666666666,1.0,0.6666666666666666,0.16666666666666666,0.75,0.5,1.0,0.6666666666666666,0.8150000000000001,0.5,0.6666666666666666,1.0,0.5,0.7291666666666666,0.7454166666666666
plant-specimen,life-sciences,0.16666666666666666,1.0,0.6666666666666666,0.16666666666666666,0.75,0.5,1.0,0.6666666666666666,0.7783333333333333,0.25,0.5,0.8333333333333334,0.5,0.7291666666666666,0.5904166666666667
reactome-rdf,life-sciences,0.16666666666666666,1.0,0.6666666666666666,0.16666666666666666,0.75,0.5,1.0,0.6666666666666666,0.7966666666666667,0.5,0.6666666666666666,0.6666666666666666,0.5,0.7291666666666666,0.6575
sandre,life-sciences,0.16666666666666666,1.0,0.6666666666666666,0.16666666666666666,0.875,0.5,1.0,0.6666666666666666,0.8609459460000001,1.0,0.5,0.8333333333333334,0.5,0.7604166666666666,0.7985698198333334
snik,life-sciences,0.16666666666666666,1.0,0.6666666666666666,0.16666666666666666,0.75,0.5,1.0,0.6666666666666666,0.9562949256666666,1.0,0.6666666666666666,1.0,0.5,0.7291666666666666,0.9057403980833333
sparql-endpoint-status,life-sciences,0.16666666666666666,1.0,0.6666666666666666,0.16666666666666666,0.75,0.5,0.6666666666666666,0.6666666666666666,0.7966666666666667,0.25,0.5,0.8333333333333334,0.5,0.6458333333333333,0.5950000000000001
t4gm-info,life-sciences,0.16666666666666666,1.0,0.6666666666666666,0.16666666666666666,0.75,0.5,0.6666666666666666,0.6666666666666666,0.7783333333333333,0.25,0.5,0.8333333333333334,0.5,0.6458333333333333,0.5904166666666667
taxonconcept,life-sciences,0.16666666666666666,1.0,0.6666666666666666,0.16666666666666666,0.75,0.5,1.0,0.6666666666666666,0.8150000000000001,0.5,0.6666666666666666,1.0,0.5,0.7291666666666666,0.7454166666666666
taxonconcept-assets,life-sciences,0.16666666666666666,1.0,0.6666666666666666,0.16666666666666666,0.75,0.5,0.6666666666666666,0.6666666666666666,0.7600000000000001,0.5,0.6666666666666666,0.3333333333333333,0.5,0.6458333333333333,0.5650000000000001
taxonconcept-occurences,life-sciences,0.16666666666666666,0.75,0.0,0.0,0.25,0.5,0.0,0.0,0.7783333333333333,0.5,0.6666666666666666,0.6666666666666666,0.22916666666666666,0.1875,0.6529166666666666
taxref-ld,life-sciences,0.16666666666666666,1.0,0.6666666666666666,0.16666666666666666,0.875,0.5,1.0,0.6666666666666666,1.0,1.0,1.0,1.0,0.5,0.7604166666666666,1.0
tcga-roadmap,life-sciences,0.16666666666666666,1.0,0.6666666666666666,0.16666666666666666,0.75,0.5,1.0,0.6666666666666666,0.7783333333333333,0.25,0.6666666666666666,0.6666666666666666,0.5,0.7291666666666666,0.5904166666666666
tcmgenedit_dataset,life-sciences,0.16666666666666666,1.0,0.6666666666666666,0.16666666666666666,0.75,0.5,1.0,0.6666666666666666,0.7966666666666667,0.25,0.5,0.8333333333333334,0.5,0.7291666666666666,0.5950000000000001
traditional-korean-medicine,life-sciences,0.16666666666666666,1.0,0.6666666666666666,0.16666666666666666,0.75,0.5,1.0,0.6666666666666666,0.7966666666666667,0.25,0.6666666666666666,1.0,0.5,0.7291666666666666,0.6783333333333333
uniprot,life-sciences,0.16666666666666666,1.0,0.6666666666666666,0.16666666666666666,0.75,0.5,1.0,0.6666666666666666,0.8300000000000001,1.0,0.6666666666666666,0.6666666666666666,0.5,0.7291666666666666,0.7908333333333333
uniprotkb,life-sciences,0.16666666666666666,0.75,0.0,0.0,0.875,0.5,1.0,0.6666666666666666,0.8300000000000001,1.0,0.6666666666666666,1.0,0.22916666666666666,0.7604166666666666,0.8741666666666666
university-plymouth-reading-lists,life-sciences,0.16666666666666666,1.0,0.6666666666666666,0.16666666666666666,0.75,0.5,0.6666666666666666,0.6666666666666666,0.7600000000000001,0.25,0.5,0.8333333333333334,0.5,0.6458333333333333,0.5858333333333334
AugustiniConfessiones,linguistic,0.16666666666666666,1.0,0.6666666666666666,0.16666666666666666,0.75,0.5,1.0,0.6666666666666666,0.8150000000000001,0.5,0.5,0.8333333333333334,0.5,0.7291666666666666,0.6620833333333334
CLaSSES,linguistic,0.16666666666666666,1.0,0.6666666666666666,0.16666666666666666,0.75,0.5,1.0,0.6666666666666666,0.8150000000000001,0.5,0.5,0.8333333333333334,0.5,0.7291666666666666,0.6620833333333334
CompHistSem,linguistic,0.16666666666666666,1.0,0.6666666666666666,0.16666666666666666,0.75,0.5,1.0,0.6666666666666666,0.8150000000000001,0.5,0.5,0.8333333333333334,0.5,0.7291666666666666,0.6620833333333334
CorpusFibonacci,linguistic,0.16666666666666666,1.0,0.6666666666666666,0.16666666666666666,0.75,0.5,1.0,0.6666666666666666,0.8150000000000001,0.5,0.5,0.8333333333333334,0.5,0.7291666666666666,0.6620833333333334
DanteLatinLoanwords,linguistic,0.16666666666666666,1.0,0.6666666666666666,0.16666666666666666,0.75,0.5,1.0,0.6666666666666666,0.8150000000000001,0.5,0.5,0.8333333333333334,0.5,0.7291666666666666,0.6620833333333334
EtymologicalDictionaryofLatin,linguistic,0.16666666666666666,1.0,0.6666666666666666,0.16666666666666666,0.75,0.5,1.0,0.6666666666666666,0.8150000000000001,0.5,0.5,0.8333333333333334,0.5,0.7291666666666666,0.6620833333333334
IGVLL,linguistic,0.16666666666666666,1.0,0.6666666666666666,0.16666666666666666,0.75,0.5,1.0,0.6666666666666666,0.8150000000000001,0.5,0.5,0.8333333333333334,0.5,0.7291666666666666,0.6620833333333334
IndexThomisticusTreebank,linguistic,0.16666666666666666,1.0,0.6666666666666666,0.16666666666666666,0.75,0.5,1.0,0.6666666666666666,0.8150000000000001,0.5,0.5,0.8333333333333334,0.5,0.7291666666666666,0.6620833333333334
LARK,linguistic,0.16666666666666666,1.0,0.6666666666666666,0.16666666666666666,0.75,0.5,0.6666666666666666,0.6666666666666666,0.7966666666666667,0.25,0.5,0.8333333333333334,0.5,0.6458333333333333,0.5950000000000001
LASLA,linguistic,0.16666666666666666,1.0,0.6666666666666666,0.16666666666666666,0.75,0.5,1.0,0.6666666666666666,0.8150000000000001,0.5,0.5,0.8333333333333334,0.5,0.7291666666666666,0.6620833333333334
LatinAffectus,linguistic,0.16666666666666666,1.0,0.6666666666666666,0.16666666666666666,0.75,0.5,1.0,0.6666666666666666,0.8150000000000001,0.5,0.5,0.8333333333333334,0.5,0.7291666666666666,0.6620833333333334
LatinWordnetLiLa,linguistic,0.16666666666666666,1.0,0.6666666666666666,0.16666666666666666,0.75,0.5,1.0,0.6666666666666666,0.8150000000000001,0.5,0.5,0.8333333333333334,0.5,0.7291666666666666,0.6620833333333334
Latin_Vallex2.0,linguistic,0.16666666666666666,1.0,0.6666666666666666,0.16666666666666666,0.75,0.5,1.0,0.6666666666666666,0.8150000000000001,0.5,0.5,0.8333333333333334,0.5,0.7291666666666666,0.6620833333333334
LemmaBank,linguistic,0.16666666666666666,1.0,0.6666666666666666,0.16666666666666666,0.75,0.5,1.0,0.6666666666666666,0.8150000000000001,0.5,0.5,0.8333333333333334,0.5,0.7291666666666666,0.6620833333333334
LewisShort,linguistic,0.16666666666666666,1.0,0.6666666666666666,0.16666666666666666,0.75,0.5,1.0,0.6666666666666666,0.8150000000000001,0.5,0.5,0.8333333333333334,0.5,0.7291666666666666,0.6620833333333334
LucaniPharsalia,linguistic,0.16666666666666666,1.0,0.6666666666666666,0.16666666666666666,0.75,0.5,1.0,0.6666666666666666,0.8150000000000001,0.5,0.5,0.8333333333333334,0.5,0.7291666666666666,0.6620833333333334
NLW,linguistic,0.16666666666666666,1.0,0.6666666666666666,0.16666666666666666,0.75,0.5,1.0,0.6666666666666666,0.8150000000000001,0.5,0.5,0.8333333333333334,0.5,0.7291666666666666,0.6620833333333334
PrinParLat,linguistic,0.16666666666666666,1.0,0.6666666666666666,0.16666666666666666,0.75,0.5,1.0,0.6666666666666666,0.8150000000000001,0.5,0.5,0.8333333333333334,0.5,0.7291666666666666,0.6620833333333334
Querolus,linguistic,0.16666666666666666,1.0,0.6666666666666666,0.16666666666666666,0.75,0.5,1.0,0.6666666666666666,0.8150000000000001,0.5,0.5,0.8333333333333334,0.5,0.7291666666666666,0.6620833333333334
UDante,linguistic,0.16666666666666666,1.0,0.6666666666666666,0.16666666666666666,0.75,0.5,1.0,0.6666666666666666,0.8150000000000001,0.5,0.5,0.8333333333333334,0.5,0.7291666666666666,0.6620833333333334
VelezIndexTotiusArtis,linguistic,0.16666666666666666,1.0,0.6666666666666666,0.16666666666666666,0.75,0.5,1.0,0.6666666666666666,0.8150000000000001,0.5,0.5,0.8333333333333334,0.5,0.7291666666666666,0.6620833333333334
WordFormationLatin,linguistic,0.16666666666666666,1.0,0.6666666666666666,0.16666666666666666,0.75,0.5,1.0,0.6666666666666666,0.8150000000000001,0.5,0.5,0.8333333333333334,0.5,0.7291666666666666,0.6620833333333334
alpino-rdf,linguistic,0.16666666666666666,1.0,0.6666666666666666,0.16666666666666666,0.75,0.5,0.6666666666666666,0.6666666666666666,0.7783333333333333,0.25,0.5,0.5,0.5,0.6458333333333333,0.5070833333333333
apertium-rdf,linguistic,0.16666666666666666,1.0,0.6666666666666666,0.16666666666666666,0.75,0.5,1.0,0.6666666666666666,0.7783333333333333,0.5,0.6666666666666666,0.6666666666666666,0.5,0.7291666666666666,0.6529166666666666
apertium-rdf-ca-it,linguistic,0.16666666666666666,1.0,0.6666666666666666,0.16666666666666666,0.75,0.5,1.0,0.6666666666666666,0.7783333333333333,0.5,0.6666666666666666,0.6666666666666666,0.5,0.7291666666666666,0.6529166666666666
apertium-rdf-en-ca,linguistic,0.16666666666666666,1.0,0.6666666666666666,0.16666666666666666,0.75,0.5,1.0,0.6666666666666666,0.7783333333333333,0.5,0.6666666666666666,0.6666666666666666,0.5,0.7291666666666666,0.6529166666666666
apertium-rdf-en-es,linguistic,0.16666666666666666,1.0,0.6666666666666666,0.16666666666666666,0.75,0.5,1.0,0.6666666666666666,0.7783333333333333,0.5,0.6666666666666666,0.6666666666666666,0.5,0.7291666666666666,0.6529166666666666
apertium-rdf-en-gl,linguistic,0.16666666666666666,1.0,0.6666666666666666,0.16666666666666666,0.75,0.5,1.0,0.6666666666666666,0.7783333333333333,0.5,0.6666666666666666,0.6666666666666666,0.5,0.7291666666666666,0.6529166666666666
apertium-rdf-eo-ca,linguistic,0.16666666666666666,1.0,0.6666666666666666,0.16666666666666666,0.75,0.5,1.0,0.6666666666666666,0.7783333333333333,0.5,0.6666666666666666,0.6666666666666666,0.5,0.7291666666666666,0.6529166666666666
apertium-rdf-eo-en,linguistic,0.16666666666666666,1.0,0.6666666666666666,0.16666666666666666,0.75,0.5,1.0,0.6666666666666666,0.7783333333333333,0.5,0.6666666666666666,0.6666666666666666,0.5,0.7291666666666666,0.6529166666666666
apertium-rdf-eo-es,linguistic,0.16666666666666666,1.0,0.6666666666666666,0.16666666666666666,0.75,0.5,1.0,0.6666666666666666,0.7783333333333333,0.5,0.6666666666666666,0.6666666666666666,0.5,0.7291666666666666,0.6529166666666666
apertium-rdf-eo-fr,linguistic,0.16666666666666666,1.0,0.6666666666666666,0.16666666666666666,0.75,0.5,1.0,0.6666666666666666,0.7783333333333333,0.5,0.6666666666666666,0.6666666666666666,0.5,0.7291666666666666,0.6529166666666666
apertium-rdf-es-an,linguistic,0.16666666666666666,1.0,0.6666666666666666,0.16666666666666666,0.75,0.5,1.0,0.6666666666666666,0.7783333333333333,0.5,0.6666666666666666,0.6666666666666666,0.5,0.7291666666666666,0.6529166666666666
apertium-rdf-es-ast,linguistic,0.16666666666666666,1.0,0.6666666666666666,0.16666666666666666,0.75,0.5,1.0,0.6666666666666666,0.7783333333333333,0.5,0.6666666666666666,0.6666666666666666,0.5,0.7291666666666666,0.6529166666666666
apertium-rdf-es-ca,linguistic,0.16666666666666666,1.0,0.6666666666666666,0.16666666666666666,0.75,0.5,1.0,0.6666666666666666,0.7783333333333333,0.5,0.6666666666666666,0.6666666666666666,0.5,0.7291666666666666,0.6529166666666666
apertium-rdf-es-gl,linguistic,0.16666666666666666,1.0,0.6666666666666666,0.16666666666666666,0.75,0.5,1.0,0.6666666666666666,0.7783333333333333,0.5,0.6666666666666666,0.6666666666666666,0.5,0.7291666666666666,0.6529166666666666
apertium-rdf-es-pt,linguistic,0.16666666666666666,1.0,0.6666666666666666,0.16666666666666666,0.75,0.5,1.0,0.6666666666666666,0.7783333333333333,0.5,0.6666666666666666,0.6666666666666666,0.5,0.7291666666666666,0.6529166666666666
apertium-rdf-es-ro,linguistic,0.16666666666666666,1.0,0.6666666666666666,0.16666666666666666,0.75,0.5,1.0,0.6666666666666666,0.7783333333333333,0.5,0.6666666666666666,0.6666666666666666,0.5,0.7291666666666666,0.6529166666666666
apertium-rdf-eu-en,linguistic,0.16666666666666666,1.0,0.6666666666666666,0.16666666666666666,0.75,0.5,1.0,0.6666666666666666,0.7783333333333333,0.5,0.6666666666666666,0.6666666666666666,0.5,0.7291666666666666,0.6529166666666666
apertium-rdf-eu-es,linguistic,0.16666666666666666,1.0,0.6666666666666666,0.16666666666666666,0.75,0.5,1.0,0.6666666666666666,0.7783333333333333,0.5,0.6666666666666666,0.6666666666666666,0.5,0.7291666666666666,0.6529166666666666
apertium-rdf-fr-ca,linguistic,0.16666666666666666,1.0,0.6666666666666666,0.16666666666666666,0.75,0.5,1.0,0.6666666666666666,0.7783333333333333,0.5,0.6666666666666666,0.6666666666666666,0.5,0.7291666666666666,0.6529166666666666
apertium-rdf-fr-es,linguistic,0.16666666666666666,1.0,0.6666666666666666,0.16666666666666666,0.75,0.5,1.0,0.6666666666666666,0.7783333333333333,0.5,0.6666666666666666,0.6666666666666666,0.5,0.7291666666666666,0.6529166666666666
apertium-rdf-oc-ca,linguistic,0.16666666666666666,1.0,0.6666666666666666,0.16666666666666666,0.75,0.5,1.0,0.6666666666666666,0.7783333333333333,0.5,0.6666666666666666,0.6666666666666666,0.5,0.7291666666666666,0.6529166666666666
apertium-rdf-oc-es,linguistic,0.16666666666666666,1.0,0.6666666666666666,0.16666666666666666,0.75,0.5,1.0,0.6666666666666666,0.7783333333333333,0.5,0.6666666666666666,0.6666666666666666,0.5,0.7291666666666666,0.6529166666666666
apertium-rdf-pt-ca,linguistic,0.16666666666666666,1.0,0.6666666666666666,0.16666666666666666,0.75,0.5,1.0,0.6666666666666666,0.7783333333333333,0.5,0.6666666666666666,0.6666666666666666,0.5,0.7291666666666666,0.6529166666666666
apertium-rdf-pt-gl,linguistic,0.16666666666666666,1.0,0.6666666666666666,0.16666666666666666,0.75,0.5,1.0,0.6666666666666666,0.7783333333333333,0.5,0.6666666666666666,0.6666666666666666,0.5,0.7291666666666666,0.6529166666666666
asit,linguistic,0.16666666666666666,1.0,0.6666666666666666,0.16666666666666666,0.75,0.5,1.0,0.6666666666666666,0.7966666666666667,0.5,0.5,0.8333333333333334,0.5,0.7291666666666666,0.6575000000000001
asjp,linguistic,0.16666666666666666,1.0,0.6666666666666666,0.16666666666666666,0.75,0.5,0.6666666666666666,0.6666666666666666,0.7966666666666667,0.5,0.5,0.8333333333333334,0.5,0.6458333333333333,0.6575000000000001
associations,linguistic,0.16666666666666666,1.0,0.6666666666666666,0.16666666666666666,0.75,0.5,0.6666666666666666,0.6666666666666666,0.7966666666666667,0.5,0.6666666666666666,1.0,0.5,0.6458333333333333,0.7408333333333333
babelnet,linguistic,0.16666666666666666,1.0,0.6666666666666666,0.16666666666666666,0.75,0.5,0.6666666666666666,0.6666666666666666,0.7783333333333333,0.25,0.6666666666666666,0.6666666666666666,0.5,0.6458333333333333,0.5904166666666666
basque-eurowordnet-lemon-lexicon-3-0,linguistic,0.16666666666666666,1.0,0.6666666666666666,0.16666666666666666,0.75,0.5,0.6666666666666666,0.6666666666666666,0.7783333333333333,0.5,0.5,0.5,0.5,0.6458333333333333,0.5695833333333333
bll-thesaurus,linguistic,0.16666666666666666,1.0,0.6666666666666666,0.16666666666666666,0.75,0.5,0.6666666666666666,0.6666666666666666,0.7966666666666667,0.5,0.5,0.8333333333333334,0.5,0.6458333333333333,0.6575000000000001
brown-corpus-in-rdf-nif,linguistic,0.16666666666666666,1.0,0.6666666666666666,0.16666666666666666,0.75,0.5,0.6666666666666666,0.6666666666666666,0.7783333333333333,0.25,0.5,0.8333333333333334,0.5,0.6458333333333333,0.5904166666666667
catalan-eurowordnet-lemon-lexicon-3-0,linguistic,0.16666666666666666,1.0,0.6666666666666666,0.16666666666666666,0.75,0.5,0.6666666666666666,0.6666666666666666,0.7783333333333333,0.5,0.5,0.5,0.5,0.6458333333333333,0.5695833333333333
chat-game-corpus,linguistic,0.16666666666666666,1.0,0.6666666666666666,0.16666666666666666,0.75,0.5,0.6666666666666666,0.6666666666666666,0.7783333333333333,0.25,0.5,0.8333333333333334,0.5,0.6458333333333333,0.5904166666666667
clean-energy-data-reegle,linguistic,0.16666666666666666,1.0,0.6666666666666666,0.16666666666666666,0.75,0.5,1.0,0.6666666666666666,0.8150000000000001,0.5,0.5,0.8333333333333334,0.5,0.7291666666666666,0.6620833333333334
clld-afbo,linguistic,0.16666666666666666,0.75,0.0,0.0,0.25,0.5,0.0,0.0,0.7966666666666667,0.5,0.6666666666666666,1.0,0.22916666666666666,0.1875,0.7408333333333333
clld-apics,linguistic,0.16666666666666666,0.75,0.0,0.0,0.25,0.5,0.0,0.0,0.7966666666666667,0.5,0.6666666666666666,1.0,0.22916666666666666,0.1875,0.7408333333333333
clld-ewave,linguistic,0.16666666666666666,0.75,0.0,0.0,0.25,0.5,0.0,0.0,0.7966666666666667,0.5,0.6666666666666666,1.0,0.22916666666666666,0.1875,0.7408333333333333
clld-glottolog,linguistic,0.16666666666666666,0.75,0.0,0.0,0.25,0.5,0.0,0.0,0.7783333333333333,0.5,0.6666666666666666,0.6666666666666666,0.22916666666666666,0.1875,0.6529166666666666
clld-phoible,linguistic,0.16666666666666666,1.0,0.6666666666666666,0.16666666666666666,0.75,0.5,0.6666666666666666,0.6666666666666666,0.7966666666666667,0.5,0.6666666666666666,1.0,0.5,0.6458333333333333,0.7408333333333333
clld-sails,linguistic,0.16666666666666666,0.75,0.0,0.0,0.25,0.5,0.0,0.0,0.7966666666666667,0.5,0.6666666666666666,1.0,0.22916666666666666,0.1875,0.7408333333333333
clld-wals,linguistic,0.16666666666666666,1.0,0.6666666666666666,0.16666666666666666,0.75,0.5,0.6666666666666666,0.6666666666666666,0.7966666666666667,0.5,0.6666666666666666,1.0,0.5,0.6458333333333333,0.7408333333333333
clld-wold,linguistic,0.16666666666666666,0.75,0.0,0.0,0.25,0.5,0.0,0.0,0.7966666666666667,0.5,0.6666666666666666,1.0,0.22916666666666666,0.1875,0.7408333333333333
copyrighttermbank,linguistic,0.16666666666666666,1.0,0.6666666666666666,0.16666666666666666,0.75,0.5,1.0,0.6666666666666666,0.7966666666666667,0.5,0.6666666666666666,1.0,0.5,0.7291666666666666,0.7408333333333333
cornetto,linguistic,0.16666666666666666,1.0,0.6666666666666666,0.16666666666666666,0.75,0.5,1.0,0.6666666666666666,0.7600000000000001,0.25,0.5,0.5,0.5,0.7291666666666666,0.5025000000000001
dbnary,linguistic,0.16666666666666666,1.0,0.6666666666666666,0.16666666666666666,0.75,0.5,0.6666666666666666,0.6666666666666666,0.8483333333333333,1.0,0.5,0.8333333333333334,0.5,0.6458333333333333,0.7954166666666667
dbpedia,linguistic,0.16666666666666666,1.0,0.6666666666666666,0.16666666666666666,0.75,0.5,1.0,0.6666666666666666,1.0,1.0,1.0,1.0,0.5,0.7291666666666666,1.0
dbpedia-abstract-corpus,linguistic,0.16666666666666666,1.0,0.6666666666666666,0.16666666666666666,0.75,0.5,0.6666666666666666,0.6666666666666666,0.7783333333333333,0.25,0.5,0.8333333333333334,0.5,0.6458333333333333,0.5904166666666667
dbpedia-es,linguistic,0.16666666666666666,1.0,0.6666666666666666,0.16666666666666666,0.75,0.5,1.0,0.6666666666666666,1.0,1.0,1.0,1.0,0.5,0.7291666666666666,1.0
dbpedia-nl,linguistic,0.16666666666666666,1.0,0.6666666666666666,0.16666666666666666,0.75,0.5,0.6666666666666666,0.6666666666666666,0.7966666666666667,0.25,0.5,0.8333333333333334,0.5,0.6458333333333333,0.5950000000000001
dbpedia-spotlight-nif-ner-corpus,linguistic,0.16666666666666666,1.0,0.6666666666666666,0.16666666666666666,0.75,0.5,1.0,0.6666666666666666,0.7966666666666667,0.5,0.6666666666666666,1.0,0.5,0.7291666666666666,0.7408333333333333
de-gaap-ontology-lexicon,linguistic,0.16666666666666666,1.0,0.6666666666666666,0.16666666666666666,0.75,0.5,1.0,0.6666666666666666,0.7600000000000001,0.25,0.6666666666666666,0.6666666666666666,0.5,0.7291666666666666,0.5858333333333333
emn,linguistic,0.16666666666666666,1.0,0.6666666666666666,0.16666666666666666,0.75,0.5,0.6666666666666666,0.6666666666666666,0.7966666666666667,0.5,0.6666666666666666,1.0,0.5,0.6458333333333333,0.7408333333333333
english-wordnet,linguistic,0.16666666666666666,1.0,0.6666666666666666,0.16666666666666666,0.75,0.5,0.6666666666666666,0.6666666666666666,0.7966666666666667,0.5,0.6666666666666666,1.0,0.5,0.6458333333333333,0.7408333333333333
environmental-applications-reference-thesaurus,linguistic,0.16666666666666666,1.0,0.6666666666666666,0.16666666666666666,0.75,0.5,1.0,0.6666666666666666,0.8150000000000001,0.5,0.6666666666666666,1.0,0.5,0.7291666666666666,0.7454166666666666
eurosentiment,linguistic,0.16666666666666666,1.0,0.6666666666666666,0.16666666666666666,0.75,0.5,1.0,0.6666666666666666,0.7966666666666667,0.25,0.5,0.8333333333333334,0.5,0.7291666666666666,0.5950000000000001
fao-geopolitical-ontology,linguistic,0.16666666666666666,1.0,0.6666666666666666,0.16666666666666666,0.75,0.5,1.0,0.6666666666666666,0.7966666666666667,0.5,0.6666666666666666,1.0,0.5,0.7291666666666666,0.7408333333333333
fiesta,linguistic,0.16666666666666666,1.0,0.6666666666666666,0.16666666666666666,0.75,0.5,0.6666666666666666,0.6666666666666666,0.7783333333333333,0.25,0.5,0.8333333333333334,0.5,0.6458333333333333,0.5904166666666667
framebase-schema,linguistic,0.16666666666666666,1.0,0.6666666666666666,0.16666666666666666,0.75,0.5,0.6666666666666666,0.6666666666666666,0.7966666666666667,0.5,0.5,0.8333333333333334,0.5,0.6458333333333333,0.6575000000000001
framester,linguistic,0.16666666666666666,1.0,0.6666666666666666,0.16666666666666666,0.75,0.5,1.0,0.6666666666666666,0.7966666666666667,0.5,0.5,0.8333333333333334,0.5,0.7291666666666666,0.6575000000000001
fu-berlin-euraxess,linguistic,0.16666666666666666,1.0,0.6666666666666666,0.16666666666666666,0.75,0.5,0.6666666666666666,0.6666666666666666,0.7600000000000001,0.25,0.5,0.5,0.5,0.6458333333333333,0.5025000000000001
galician-eurowordnet-lemon-lexicon-3-0,linguistic,0.16666666666666666,1.0,0.6666666666666666,0.16666666666666666,0.75,0.5,0.6666666666666666,0.6666666666666666,0.7783333333333333,0.5,0.5,0.5,0.5,0.6458333333333333,0.5695833333333333
gemeenschappelijke-thesaurus-audiovisuele-archieven,linguistic,0.16666666666666666,1.0,0.6666666666666666,0.16666666666666666,0.75,0.5,1.0,0.6666666666666666,0.7966666666666667,0.5,0.5,0.8333333333333334,0.5,0.7291666666666666,0.6575000000000001
gemet,linguistic,0.16666666666666666,1.0,0.6666666666666666,0.16666666666666666,0.75,0.5,1.0,0.6666666666666666,0.8150000000000001,0.5,0.6666666666666666,1.0,0.5,0.7291666666666666,0.7454166666666666
gemet-annotated,linguistic,0.16666666666666666,1.0,0.6666666666666666,0.16666666666666666,0.75,0.5,0.6666666666666666,0.6666666666666666,0.7783333333333333,0.25,0.6666666666666666,1.0,0.5,0.6458333333333333,0.67375
geological-survey-of-austria-thesaurus,linguistic,0.16666666666666666,1.0,0.6666666666666666,0.16666666666666666,0.75,0.5,0.6666666666666666,0.6666666666666666,1.0,1.0,1.0,1.0,0.5,0.6458333333333333,1.0
geowordnet,linguistic,0.16666666666666666,1.0,0.6666666666666666,0.16666666666666666,0.75,0.5,1.0,0.6666666666666666,0.7966666666666667,0.5,0.5,0.8333333333333334,0.5,0.7291666666666666,0.6575000000000001
germlex,linguistic,0.16666666666666666,1.0,0.6666666666666666,0.16666666666666666,0.75,0.5,0.6666666666666666,0.6666666666666666,0.7783333333333333,0.25,0.5,0.8333333333333334,0.5,0.6458333333333333,0.5904166666666667
gesis-thesoz,linguistic,0.16666666666666666,1.0,0.6666666666666666,0.16666666666666666,0.75,0.5,1.0,0.6666666666666666,0.7966666666666667,0.25,0.6666666666666666,1.0,0.5,0.7291666666666666,0.6783333333333333
glottolog,linguistic,0.16666666666666666,1.0,0.6666666666666666,0.16666666666666666,0.75,0.5,1.0,0.6666666666666666,0.7966666666666667,0.5,0.6666666666666666,1.0,0.5,0.7291666666666666,0.7408333333333333
gold,linguistic,0.16666666666666666,1.0,0.6666666666666666,0.16666666666666666,0.75,0.5,1.0,0.6666666666666666,0.7783333333333333,0.5,0.5,0.5,0.5,0.7291666666666666,0.5695833333333333
greek-wordnet,linguistic,0.16666666666666666,1.0,0.6666666666666666,0.16666666666666666,0.75,0.5,1.0,0.6666666666666666,0.7966666666666667,0.25,0.5,0.8333333333333334,0.5,0.7291666666666666,0.5950000000000001
gwa-ili,linguistic,0.16666666666666666,1.0,0.6666666666666666,0.16666666666666666,0.75,0.5,1.0,0.6666666666666666,0.7966666666666667,0.5,0.5,0.8333333333333334,0.5,0.7291666666666666,0.6575000000000001
iate-rdf,linguistic,0.16666666666666666,1.0,0.6666666666666666,0.16666666666666666,0.75,0.5,0.6666666666666666,0.6666666666666666,0.7783333333333333,0.5,0.6666666666666666,0.6666666666666666,0.5,0.6458333333333333,0.6529166666666666
ids,linguistic,0.16666666666666666,1.0,0.6666666666666666,0.16666666666666666,0.75,0.5,1.0,0.6666666666666666,0.7966666666666667,0.25,0.5,0.8333333333333334,0.5,0.7291666666666666,0.5950000000000001
ietflang,linguistic,0.16666666666666666,1.0,0.6666666666666666,0.16666666666666666,0.75,0.5,0.6666666666666666,0.6666666666666666,0.7783333333333333,0.25,0.5,0.8333333333333334,0.5,0.6458333333333333,0.5904166666666667
isocat,linguistic,0.16666666666666666,1.0,0.6666666666666666,0.16666666666666666,0.75,0.5,1.0,0.6666666666666666,0.7783333333333333,0.25,0.5,0.8333333333333334,0.5,0.7291666666666666,0.5904166666666667
isocat-metadata,linguistic,0.16666666666666666,1.0,0.6666666666666666,0.16666666666666666,0.75,0.5,0.6666666666666666,0.6666666666666666,0.7600000000000001,0.25,0.5,0.5,0.5,0.6458333333333333,0.5025000000000001
iwn,linguistic,0.16666666666666666,1.0,0.6666666666666666,0.16666666666666666,0.75,0.5,0.6666666666666666,0.6666666666666666,0.7966666666666667,0.5,0.6666666666666666,1.0,0.5,0.6458333333333333,0.7408333333333333
jrc-names-mlode,linguistic,0.16666666666666666,1.0,0.6666666666666666,0.16666666666666666,0.75,0.5,1.0,0.6666666666666666,0.7966666666666667,0.5,0.6666666666666666,0.6666666666666666,0.5,0.7291666666666666,0.6575
kore-50-nif-ner-corpus,linguistic,0.16666666666666666,1.0,0.6666666666666666,0.16666666666666666,0.75,0.5,1.0,0.6666666666666666,0.7966666666666667,0.5,0.6666666666666666,1.0,0.5,0.7291666666666666,0.7408333333333333
language-authority-list,linguistic,0.16666666666666666,1.0,0.6666666666666666,0.16666666666666666,0.75,0.5,1.0,0.6666666666666666,1.0,1.0,1.0,1.0,0.5,0.7291666666666666,1.0
lemonuby,linguistic,0.16666666666666666,1.0,0.6666666666666666,0.16666666666666666,0.75,0.5,0.6666666666666666,0.6666666666666666,0.7783333333333333,0.5,0.6666666666666666,0.6666666666666666,0.5,0.6458333333333333,0.6529166666666666
lemonwiktionary,linguistic,0.16666666666666666,1.0,0.6666666666666666,0.16666666666666666,0.75,0.5,0.6666666666666666,0.6666666666666666,0.7783333333333333,0.5,0.6666666666666666,0.6666666666666666,0.5,0.6458333333333333,0.6529166666666666
lexinfo,linguistic,0.16666666666666666,1.0,0.6666666666666666,0.16666666666666666,0.75,0.5,1.0,0.6666666666666666,0.7783333333333333,0.5,0.5,0.5,0.5,0.7291666666666666,0.5695833333333333
lexvo,linguistic,0.16666666666666666,1.0,0.6666666666666666,0.16666666666666666,0.75,0.5,1.0,0.6666666666666666,0.7966666666666667,0.5,0.6666666666666666,1.0,0.5,0.7291666666666666,0.7408333333333333
lime,linguistic,0.16666666666666666,1.0,0.6666666666666666,0.16666666666666666,0.75,0.5,1.0,0.6666666666666666,0.7783333333333333,0.25,0.5,0.8333333333333334,0.5,0.7291666666666666,0.5904166666666667
lingvoj,linguistic,0.16666666666666666,1.0,0.6666666666666666,0.16666666666666666,0.75,0.5,0.6666666666666666,0.6666666666666666,0.7783333333333333,0.5,0.6666666666666666,0.6666666666666666,0.5,0.6458333333333333,0.6529166666666666
linked-hypernyms,linguistic,0.16666666666666666,1.0,0.6666666666666666,0.16666666666666666,0.75,0.5,0.6666666666666666,0.6666666666666666,0.7966666666666667,0.5,0.5,0.8333333333333334,0.5,0.6458333333333333,0.6575000000000001
lodac-bdls,linguistic,0.16666666666666666,1.0,0.6666666666666666,0.16666666666666666,0.75,0.5,0.6666666666666666,0.6666666666666666,0.8150000000000001,0.5,0.5,0.8333333333333334,0.5,0.6458333333333333,0.6620833333333334
masc,linguistic,0.16666666666666666,1.0,0.6666666666666666,0.16666666666666666,0.75,0.5,1.0,0.6666666666666666,0.7783333333333333,0.5,0.6666666666666666,0.6666666666666666,0.5,0.7291666666666666,0.6529166666666666
masc-bn-nif,linguistic,0.16666666666666666,1.0,0.6666666666666666,0.16666666666666666,0.75,0.5,0.6666666666666666,0.6666666666666666,0.7783333333333333,0.5,0.5,0.5,0.5,0.6458333333333333,0.5695833333333333
mexico,linguistic,0.16666666666666666,1.0,0.6666666666666666,0.16666666666666666,0.75,0.5,0.6666666666666666,0.6666666666666666,0.7783333333333333,0.25,0.5,0.8333333333333334,0.5,0.6458333333333333,0.5904166666666667
mlsa,linguistic,0.16666666666666666,1.0,0.6666666666666666,0.16666666666666666,0.75,0.5,1.0,0.6666666666666666,0.7966666666666667,0.25,0.5,0.8333333333333334,0.5,0.7291666666666666,0.5950000000000001
multext-east,linguistic,0.16666666666666666,1.0,0.6666666666666666,0.16666666666666666,0.75,0.5,1.0,0.6666666666666666,0.7600000000000001,0.25,0.5,0.5,0.5,0.7291666666666666,0.5025000000000001
muninn-world-war-i,linguistic,0.16666666666666666,1.0,0.6666666666666666,0.16666666666666666,0.75,0.5,0.6666666666666666,0.6666666666666666,0.8150000000000001,0.5,0.5,0.8333333333333334,0.5,0.6458333333333333,0.6620833333333334
news-100-nif-ner-corpus,linguistic,0.16666666666666666,1.0,0.6666666666666666,0.16666666666666666,0.75,0.5,1.0,0.6666666666666666,0.7966666666666667,0.5,0.6666666666666666,1.0,0.5,0.7291666666666666,0.7408333333333333
olac,linguistic,0.16666666666666666,1.0,0.6666666666666666,0.16666666666666666,0.75,0.5,0.6666666666666666,0.6666666666666666,0.7783333333333333,0.25,0.5,0.8333333333333334,0.5,0.6458333333333333,0.5904166666666667
olia,linguistic,0.16666666666666666,1.0,0.6666666666666666,0.16666666666666666,0.75,0.5,1.0,0.6666666666666666,0.7966666666666667,0.5,0.6666666666666666,1.0,0.5,0.7291666666666666,0.7408333333333333
olia-discourse,linguistic,0.16666666666666666,1.0,0.6666666666666666,0.16666666666666666,0.75,0.5,0.6666666666666666,0.6666666666666666,0.7966666666666667,0.5,0.5,0.8333333333333334,0.5,0.6458333333333333,0.6575000000000001
omwn-als,linguistic,0.16666666666666666,1.0,0.6666666666666666,0.16666666666666666,0.75,0.5,1.0,0.6666666666666666,0.7966666666666667,0.25,0.5,0.8333333333333334,0.5,0.7291666666666666,0.5950000000000001
omwn-arb,linguistic,0.16666666666666666,1.0,0.6666666666666666,0.16666666666666666,0.75,0.5,1.0,0.6666666666666666,0.7966666666666667,0.25,0.5,0.8333333333333334,0.5,0.7291666666666666,0.5950000000000001
omwn-bul,linguistic,0.16666666666666666,1.0,0.6666666666666666,0.16666666666666666,0.75,0.5,1.0,0.6666666666666666,0.7966666666666667,0.25,0.5,0.8333333333333334,0.5,0.7291666666666666,0.5950000000000001
omwn-cow,linguistic,0.16666666666666666,1.0,0.6666666666666666,0.16666666666666666,0.75,0.5,1.0,0.6666666666666666,0.7966666666666667,0.25,0.5,0.8333333333333334,0.5,0.7291666666666666,0.5950000000000001
omwn-cwn,linguistic,0.16666666666666666,1.0,0.6666666666666666,0.16666666666666666,0.75,0.5,1.0,0.6666666666666666,0.7966666666666667,0.25,0.5,0.8333333333333334,0.5,0.7291666666666666,0.5950000000000001
omwn-dan,linguistic,0.16666666666666666,1.0,0.6666666666666666,0.16666666666666666,0.75,0.5,1.0,0.6666666666666666,0.7966666666666667,0.25,0.5,0.8333333333333334,0.5,0.7291666666666666,0.5950000000000001
omwn-ell,linguistic,0.16666666666666666,1.0,0.6666666666666666,0.16666666666666666,0.75,0.5,1.0,0.6666666666666666,0.7966666666666667,0.25,0.5,0.8333333333333334,0.5,0.7291666666666666,0.5950000000000001
omwn-eng,linguistic,0.16666666666666666,1.0,0.6666666666666666,0.16666666666666666,0.75,0.5,1.0,0.6666666666666666,0.7966666666666667,0.25,0.5,0.8333333333333334,0.5,0.7291666666666666,0.5950000000000001
omwn-fas,linguistic,0.16666666666666666,1.0,0.6666666666666666,0.16666666666666666,0.75,0.5,1.0,0.6666666666666666,0.7966666666666667,0.25,0.5,0.8333333333333334,0.5,0.7291666666666666,0.5950000000000001
omwn-fin,linguistic,0.16666666666666666,1.0,0.6666666666666666,0.16666666666666666,0.75,0.5,1.0,0.6666666666666666,0.7966666666666667,0.25,0.5,0.8333333333333334,0.5,0.7291666666666666,0.5950000000000001
omwn-fra,linguistic,0.16666666666666666,1.0,0.6666666666666666,0.16666666666666666,0.75,0.5,1.0,0.6666666666666666,0.7966666666666667,0.25,0.5,0.8333333333333334,0.5,0.7291666666666666,0.5950000000000001
omwn-heb,linguistic,0.16666666666666666,1.0,0.6666666666666666,0.16666666666666666,0.75,0.5,1.0,0.6666666666666666,0.7966666666666667,0.25,0.5,0.8333333333333334,0.5,0.7291666666666666,0.5950000000000001
omwn-hrv,linguistic,0.16666666666666666,1.0,0.6666666666666666,0.16666666666666666,0.75,0.5,1.0,0.6666666666666666,0.7966666666666667,0.25,0.5,0.8333333333333334,0.5,0.7291666666666666,0.5950000000000001
omwn-isl,linguistic,0.16666666666666666,1.0,0.6666666666666666,0.16666666666666666,0.75,0.5,1.0,0.6666666666666666,0.7966666666666667,0.25,0.5,0.8333333333333334,0.5,0.7291666666666666,0.5950000000000001
omwn-ita,linguistic,0.16666666666666666,1.0,0.6666666666666666,0.16666666666666666,0.75,0.5,1.0,0.6666666666666666,0.7966666666666667,0.25,0.5,0.8333333333333334,0.5,0.7291666666666666,0.5950000000000001
omwn-iwn,linguistic,0.16666666666666666,1.0,0.6666666666666666,0.16666666666666666,0.75,0.5,1.0,0.6666666666666666,0.7966666666666667,0.25,0.5,0.8333333333333334,0.5,0.7291666666666666,0.5950000000000001
omwn-jpn,linguistic,0.16666666666666666,1.0,0.6666666666666666,0.16666666666666666,0.75,0.5,1.0,0.6666666666666666,0.7966666666666667,0.25,0.5,0.8333333333333334,0.5,0.7291666666666666,0.5950000000000001
omwn-mcr,linguistic,0.16666666666666666,1.0,0.6666666666666666,0.16666666666666666,0.75,0.5,1.0,0.6666666666666666,0.7966666666666667,0.25,0.5,0.8333333333333334,0.5,0.7291666666666666,0.5950000000000001
omwn-msa,linguistic,0.16666666666666666,1.0,0.6666666666666666,0.16666666666666666,0.75,0.5,1.0,0.6666666666666666,0.7966666666666667,0.25,0.5,0.8333333333333334,0.5,0.7291666666666666,0.5950000000000001
omwn-nld,linguistic,0.16666666666666666,1.0,0.6666666666666666,0.16666666666666666,0.75,0.5,1.0,0.6666666666666666,0.7966666666666667,0.25,0.5,0.8333333333333334,0.5,0.7291666666666666,0.5950000000000001
omwn-nor,linguistic,0.16666666666666666,1.0,0.6666666666666666,0.16666666666666666,0.75,0.5,1.0,0.6666666666666666,0.7966666666666667,0.25,0.5,0.8333333333333334,0.5,0.7291666666666666,0.5950000000000001
omwn-pol,linguistic,0.16666666666666666,1.0,0.6666666666666666,0.16666666666666666,0.75,0.5,1.0,0.6666666666666666,0.7966666666666667,0.25,0.5,0.8333333333333334,0.5,0.7291666666666666,0.5950000000000001
omwn-por,linguistic,0.16666666666666666,1.0,0.6666666666666666,0.16666666666666666,0.75,0.5,1.0,0.6666666666666666,0.7966666666666667,0.25,0.5,0.8333333333333334,0.5,0.7291666666666666,0.5950000000000001
omwn-ron,linguistic,0.16666666666666666,1.0,0.6666666666666666,0.16666666666666666,0.75,0.5,1.0,0.6666666666666666,0.7966666666666667,0.25,0.5,0.8333333333333334,0.5,0.7291666666666666,0.5950000000000001
omwn-slk,linguistic,0.16666666666666666,1.0,0.6666666666666666,0.16666666666666666,0.75,0.5,1.0,0.6666666666666666,0.7966666666666667,0.25,0.5,0.8333333333333334,0.5,0.7291666666666666,0.5950000000000001
omwn-slv,linguistic,0.16666666666666666,1.0,0.6666666666666666,0.16666666666666666,0.75,0.5,1.0,0.6666666666666666,0.7966666666666667,0.25,0.5,0.8333333333333334,0.5,0.7291666666666666,0.5950000000000001
omwn-swe,linguistic,0.16666666666666666,1.0,0.6666666666666666,0.16666666666666666,0.75,0.5,1.0,0.6666666666666666,0.7966666666666667,0.25,0.5,0.8333333333333334,0.5,0.7291666666666666,0.5950000000000001
omwn-tha,linguistic,0.16666666666666666,1.0,0.6666666666666666,0.16666666666666666,0.75,0.5,1.0,0.6666666666666666,0.7966666666666667,0.25,0.5,0.8333333333333334,0.5,0.7291666666666666,0.5950000000000001
ontos-news-portal,linguistic,0.16666666666666666,1.0,0.6666666666666666,0.16666666666666666,0.75,0.5,1.0,0.6666666666666666,0.7783333333333333,0.25,0.6666666666666666,1.0,0.5,0.7291666666666666,0.67375
open-bantu-isixhosa-lexicon,linguistic,0.16666666666666666,1.0,0.6666666666666666,0.16666666666666666,0.75,0.5,1.0,0.6666666666666666,0.7966666666666667,0.5,0.5,0.8333333333333334,0.5,0.7291666666666666,0.6575000000000001
open-data-thesaurus,linguistic,0.16666666666666666,1.0,0.6666666666666666,0.16666666666666666,0.75,0.5,1.0,0.6666666666666666,0.8333333333333334,1.0,1.0,1.0,0.5,0.7291666666666666,0.9583333333333334
panlex,linguistic,0.16666666666666666,1.0,0.6666666666666666,0.16666666666666666,0.75,0.5,1.0,0.6666666666666666,0.7783333333333333,0.25,0.5,0.5,0.5,0.7291666666666666,0.5070833333333333
parole-simple-lexinfo-ontology-lexicons,linguistic,0.16666666666666666,1.0,0.6666666666666666,0.16666666666666666,0.75,0.5,1.0,0.6666666666666666,0.7966666666666667,0.5,0.6666666666666666,1.0,0.5,0.7291666666666666,0.7408333333333333
pdev-lemon,linguistic,0.16666666666666666,1.0,0.6666666666666666,0.16666666666666666,0.75,0.5,0.6666666666666666,0.6666666666666666,0.7783333333333333,0.5,0.6666666666666666,0.6666666666666666,0.5,0.6458333333333333,0.6529166666666666
phoible,linguistic,0.16666666666666666,1.0,0.6666666666666666,0.16666666666666666,0.75,0.5,1.0,0.6666666666666666,0.7966666666666667,0.5,0.5,0.5,0.5,0.7291666666666666,0.5741666666666667
pleiades,linguistic,0.16666666666666666,1.0,0.6666666666666666,0.16666666666666666,0.75,0.5,1.0,0.6666666666666666,0.7966666666666667,0.5,0.6666666666666666,1.0,0.5,0.7291666666666666,0.7408333333333333
polymath-virtual-library,linguistic,0.16666666666666666,1.0,0.6666666666666666,0.16666666666666666,0.75,0.5,1.0,0.6666666666666666,0.7783333333333333,0.25,0.5,0.8333333333333334,0.5,0.7291666666666666,0.5904166666666667
premon,linguistic,0.16666666666666666,1.0,0.6666666666666666,0.16666666666666666,0.75,0.5,1.0,0.6666666666666666,0.8150000000000001,0.5,0.5,0.8333333333333334,0.5,0.7291666666666666,0.6620833333333334
reuters-128-nif-ner-corpus,linguistic,0.16666666666666666,1.0,0.6666666666666666,0.16666666666666666,0.75,0.5,1.0,0.6666666666666666,0.7966666666666667,0.5,0.6666666666666666,1.0,0.5,0.7291666666666666,0.7408333333333333
rkb-explorer-wordnet,linguistic,0.16666666666666666,1.0,0.6666666666666666,0.16666666666666666,0.75,0.5,0.6666666666666666,0.6666666666666666,0.7783333333333333,0.25,0.5,0.5,0.5,0.6458333333333333,0.5070833333333333
rss-500-nif-ner-corpus,linguistic,0.16666666666666666,1.0,0.6666666666666666,0.16666666666666666,0.75,0.5,1.0,0.6666666666666666,0.7966666666666667,0.5,0.6666666666666666,1.0,0.5,0.7291666666666666,0.7408333333333333
saldo-rdf,linguistic,0.16666666666666666,1.0,0.6666666666666666,0.16666666666666666,0.75,0.5,1.0,0.6666666666666666,0.8150000000000001,0.5,0.5,0.8333333333333334,0.5,0.7291666666666666,0.6620833333333334
saldom-rdf,linguistic,0.16666666666666666,1.0,0.6666666666666666,0.16666666666666666,0.75,0.5,1.0,0.6666666666666666,0.8150000000000001,0.5,0.6666666666666666,1.0,0.5,0.7291666666666666,0.7454166666666666
sentiws,linguistic,0.16666666666666666,1.0,0.6666666666666666,0.16666666666666666,0.75,0.5,1.0,0.6666666666666666,0.7966666666666667,0.25,0.5,0.8333333333333334,0.5,0.7291666666666666,0.5950000000000001
simple,linguistic,0.16666666666666666,1.0,0.6666666666666666,0.16666666666666666,0.75,0.5,0.6666666666666666,0.6666666666666666,0.7966666666666667,0.5,0.5,0.8333333333333334,0.5,0.6458333333333333,0.6575000000000001
sli_galnet_rdf,linguistic,0.16666666666666666,1.0,0.6666666666666666,0.16666666666666666,0.75,0.5,0.6666666666666666,0.6666666666666666,0.7783333333333333,0.25,0.5,0.8333333333333334,0.5,0.6458333333333333,0.5904166666666667
socialsemweb-thesaurus,linguistic,0.16666666666666666,1.0,0.6666666666666666,0.16666666666666666,0.75,0.5,1.0,0.6666666666666666,0.9869646181666667,1.0,1.0,1.0,0.5,0.7291666666666666,0.9967411545416667
ssf,linguistic,0.16666666666666666,1.0,0.6666666666666666,0.16666666666666666,0.75,0.5,0.6666666666666666,0.6666666666666666,0.8299114631666668,1.0,0.5,0.8333333333333334,0.5,0.6458333333333333,0.7908111991250001
stw-thesaurus-for-economics,linguistic,0.16666666666666666,1.0,0.6666666666666666,0.16666666666666666,0.75,0.5,0.6666666666666666,0.6666666666666666,0.9763666666666667,1.0,0.7999999999999999,1.0,0.5,0.6458333333333333,0.9440916666666667
swefn-rdf,linguistic,0.16666666666666666,1.0,0.6666666666666666,0.16666666666666666,0.75,0.5,1.0,0.6666666666666666,0.8150000000000001,0.5,0.6666666666666666,1.0,0.5,0.7291666666666666,0.7454166666666666
tds,linguistic,0.16666666666666666,1.0,0.6666666666666666,0.16666666666666666,0.75,0.5,0.6666666666666666,0.6666666666666666,0.7966666666666667,0.5,0.5,0.8333333333333334,0.5,0.6458333333333333,0.6575000000000001
thist,linguistic,0.16666666666666666,1.0,0.6666666666666666,0.16666666666666666,0.75,0.5,1.0,0.6666666666666666,0.8150000000000001,0.5,0.6666666666666666,1.0,0.5,0.7291666666666666,0.7454166666666666
umthes,linguistic,0.16666666666666666,1.0,0.6666666666666666,0.16666666666666666,0.75,0.5,0.6666666666666666,0.6666666666666666,0.7966666666666667,0.5,0.5,0.8333333333333334,0.5,0.6458333333333333,0.6575000000000001
universal-dependencies-treebank-ancient-greek,linguistic,0.16666666666666666,1.0,0.6666666666666666,0.16666666666666666,0.75,0.5,1.0,0.6666666666666666,0.7966666666666667,0.5,0.6666666666666666,1.0,0.5,0.7291666666666666,0.7408333333333333
universal-dependencies-treebank-ancient-greek-proiel,linguistic,0.16666666666666666,1.0,0.6666666666666666,0.16666666666666666,0.75,0.5,1.0,0.6666666666666666,0.7966666666666667,0.5,0.5,0.8333333333333334,0.5,0.7291666666666666,0.6575000000000001
universal-dependencies-treebank-arabic,linguistic,0.16666666666666666,1.0,0.6666666666666666,0.16666666666666666,0.75,0.5,1.0,0.6666666666666666,0.7966666666666667,0.5,0.6666666666666666,1.0,0.5,0.7291666666666666,0.7408333333333333
universal-dependencies-treebank-basque,linguistic,0.16666666666666666,1.0,0.6666666666666666,0.16666666666666666,0.75,0.5,1.0,0.6666666666666666,0.7966666666666667,0.5,0.6666666666666666,1.0,0.5,0.7291666666666666,0.7408333333333333
universal-dependencies-treebank-bulgarian,linguistic,0.16666666666666666,1.0,0.6666666666666666,0.16666666666666666,0.75,0.5,1.0,0.6666666666666666,0.7966666666666667,0.5,0.6666666666666666,1.0,0.5,0.7291666666666666,0.7408333333333333
universal-dependencies-treebank-catalan,linguistic,0.16666666666666666,1.0,0.6666666666666666,0.16666666666666666,0.75,0.5,1.0,0.6666666666666666,0.7783333333333333,0.5,0.6666666666666666,0.6666666666666666,0.5,0.7291666666666666,0.6529166666666666
universal-dependencies-treebank-chinese,linguistic,0.16666666666666666,1.0,0.6666666666666666,0.16666666666666666,0.75,0.5,1.0,0.6666666666666666,0.7966666666666667,0.5,0.5,0.8333333333333334,0.5,0.7291666666666666,0.6575000000000001
universal-dependencies-treebank-coptic,linguistic,0.16666666666666666,1.0,0.6666666666666666,0.16666666666666666,0.75,0.5,1.0,0.6666666666666666,0.7966666666666667,0.5,0.6666666666666666,1.0,0.5,0.7291666666666666,0.7408333333333333
universal-dependencies-treebank-croatian,linguistic,0.16666666666666666,1.0,0.6666666666666666,0.16666666666666666,0.75,0.5,1.0,0.6666666666666666,0.7966666666666667,0.5,0.6666666666666666,1.0,0.5,0.7291666666666666,0.7408333333333333
universal-dependencies-treebank-czech,linguistic,0.16666666666666666,1.0,0.6666666666666666,0.16666666666666666,0.75,0.5,1.0,0.6666666666666666,0.7966666666666667,0.5,0.6666666666666666,1.0,0.5,0.7291666666666666,0.7408333333333333
universal-dependencies-treebank-czech-cac,linguistic,0.16666666666666666,1.0,0.6666666666666666,0.16666666666666666,0.75,0.5,1.0,0.6666666666666666,0.7966666666666667,0.5,0.6666666666666666,1.0,0.5,0.7291666666666666,0.7408333333333333
universal-dependencies-treebank-czech-cltt,linguistic,0.16666666666666666,1.0,0.6666666666666666,0.16666666666666666,0.75,0.5,1.0,0.6666666666666666,0.7966666666666667,0.5,0.6666666666666666,1.0,0.5,0.7291666666666666,0.7408333333333333
universal-dependencies-treebank-danish,linguistic,0.16666666666666666,1.0,0.6666666666666666,0.16666666666666666,0.75,0.5,1.0,0.6666666666666666,0.7966666666666667,0.5,0.5,0.8333333333333334,0.5,0.7291666666666666,0.6575000000000001
universal-dependencies-treebank-dutch,linguistic,0.16666666666666666,1.0,0.6666666666666666,0.16666666666666666,0.75,0.5,1.0,0.6666666666666666,0.7966666666666667,0.5,0.6666666666666666,1.0,0.5,0.7291666666666666,0.7408333333333333
universal-dependencies-treebank-dutch-lassysmall,linguistic,0.16666666666666666,1.0,0.6666666666666666,0.16666666666666666,0.75,0.5,1.0,0.6666666666666666,0.7966666666666667,0.5,0.6666666666666666,1.0,0.5,0.7291666666666666,0.7408333333333333
universal-dependencies-treebank-english,linguistic,0.16666666666666666,1.0,0.6666666666666666,0.16666666666666666,0.75,0.5,1.0,0.6666666666666666,0.7966666666666667,0.5,0.6666666666666666,1.0,0.5,0.7291666666666666,0.7408333333333333
universal-dependencies-treebank-english-esl,linguistic,0.16666666666666666,1.0,0.6666666666666666,0.16666666666666666,0.75,0.5,1.0,0.6666666666666666,0.7966666666666667,0.5,0.6666666666666666,1.0,0.5,0.7291666666666666,0.7408333333333333
universal-dependencies-treebank-english-lines,linguistic,0.16666666666666666,1.0,0.6666666666666666,0.16666666666666666,0.75,0.5,1.0,0.6666666666666666,0.7966666666666667,0.5,0.6666666666666666,1.0,0.5,0.7291666666666666,0.7408333333333333
universal-dependencies-treebank-estonian,linguistic,0.16666666666666666,1.0,0.6666666666666666,0.16666666666666666,0.75,0.5,1.0,0.6666666666666666,0.7966666666666667,0.5,0.6666666666666666,1.0,0.5,0.7291666666666666,0.7408333333333333
universal-dependencies-treebank-finnish,linguistic,0.16666666666666666,1.0,0.6666666666666666,0.16666666666666666,0.75,0.5,1.0,0.6666666666666666,0.7966666666666667,0.5,0.5,0.8333333333333334,0.5,0.7291666666666666,0.6575000000000001
universal-dependencies-treebank-finnish-ftb,linguistic,0.16666666666666666,1.0,0.6666666666666666,0.16666666666666666,0.75,0.5,1.0,0.6666666666666666,0.7966666666666667,0.5,0.6666666666666666,1.0,0.5,0.7291666666666666,0.7408333333333333
universal-dependencies-treebank-french,linguistic,0.16666666666666666,1.0,0.6666666666666666,0.16666666666666666,0.75,0.5,1.0,0.6666666666666666,0.7966666666666667,0.5,0.6666666666666666,1.0,0.5,0.7291666666666666,0.7408333333333333
universal-dependencies-treebank-galician,linguistic,0.16666666666666666,1.0,0.6666666666666666,0.16666666666666666,0.75,0.5,1.0,0.6666666666666666,0.7966666666666667,0.5,0.6666666666666666,1.0,0.5,0.7291666666666666,0.7408333333333333
universal-dependencies-treebank-galician-treegal,linguistic,0.16666666666666666,1.0,0.6666666666666666,0.16666666666666666,0.75,0.5,1.0,0.6666666666666666,0.7783333333333333,0.5,0.5,0.5,0.5,0.7291666666666666,0.5695833333333333
universal-dependencies-treebank-german,linguistic,0.16666666666666666,1.0,0.6666666666666666,0.16666666666666666,0.75,0.5,1.0,0.6666666666666666,0.7966666666666667,0.5,0.5,0.8333333333333334,0.5,0.7291666666666666,0.6575000000000001
universal-dependencies-treebank-gothic,linguistic,0.16666666666666666,1.0,0.6666666666666666,0.16666666666666666,0.75,0.5,1.0,0.6666666666666666,0.7966666666666667,0.5,0.5,0.8333333333333334,0.5,0.7291666666666666,0.6575000000000001
universal-dependencies-treebank-greek,linguistic,0.16666666666666666,1.0,0.6666666666666666,0.16666666666666666,0.75,0.5,1.0,0.6666666666666666,0.7966666666666667,0.5,0.5,0.8333333333333334,0.5,0.7291666666666666,0.6575000000000001
universal-dependencies-treebank-hebrew,linguistic,0.16666666666666666,1.0,0.6666666666666666,0.16666666666666666,0.75,0.5,1.0,0.6666666666666666,0.7966666666666667,0.5,0.6666666666666666,1.0,0.5,0.7291666666666666,0.7408333333333333
universal-dependencies-treebank-hindi,linguistic,0.16666666666666666,1.0,0.6666666666666666,0.16666666666666666,0.75,0.5,1.0,0.6666666666666666,0.7966666666666667,0.5,0.6666666666666666,1.0,0.5,0.7291666666666666,0.7408333333333333
universal-dependencies-treebank-hungarian,linguistic,0.16666666666666666,1.0,0.6666666666666666,0.16666666666666666,0.75,0.5,1.0,0.6666666666666666,0.7966666666666667,0.5,0.5,0.8333333333333334,0.5,0.7291666666666666,0.6575000000000001
universal-dependencies-treebank-indonesian,linguistic,0.16666666666666666,1.0,0.6666666666666666,0.16666666666666666,0.75,0.5,1.0,0.6666666666666666,0.7966666666666667,0.5,0.6666666666666666,1.0,0.5,0.7291666666666666,0.7408333333333333
universal-dependencies-treebank-irish,linguistic,0.16666666666666666,1.0,0.6666666666666666,0.16666666666666666,0.75,0.5,1.0,0.6666666666666666,0.7966666666666667,0.5,0.5,0.8333333333333334,0.5,0.7291666666666666,0.6575000000000001
universal-dependencies-treebank-italian,linguistic,0.16666666666666666,1.0,0.6666666666666666,0.16666666666666666,0.75,0.5,1.0,0.6666666666666666,0.7966666666666667,0.5,0.6666666666666666,1.0,0.5,0.7291666666666666,0.7408333333333333
universal-dependencies-treebank-japanese,linguistic,0.16666666666666666,1.0,0.6666666666666666,0.16666666666666666,0.75,0.5,1.0,0.6666666666666666,0.7966666666666667,0.5,0.6666666666666666,1.0,0.5,0.7291666666666666,0.7408333333333333
universal-dependencies-treebank-japanese-ktc,linguistic,0.16666666666666666,1.0,0.6666666666666666,0.16666666666666666,0.75,0.5,1.0,0.6666666666666666,0.7966666666666667,0.5,0.5,0.8333333333333334,0.5,0.7291666666666666,0.6575000000000001
universal-dependencies-treebank-kazakh,linguistic,0.16666666666666666,1.0,0.6666666666666666,0.16666666666666666,0.75,0.5,1.0,0.6666666666666666,0.7966666666666667,0.5,0.6666666666666666,1.0,0.5,0.7291666666666666,0.7408333333333333
universal-dependencies-treebank-latin,linguistic,0.16666666666666666,1.0,0.6666666666666666,0.16666666666666666,0.75,0.5,1.0,0.6666666666666666,0.7966666666666667,0.5,0.5,0.8333333333333334,0.5,0.7291666666666666,0.6575000000000001
universal-dependencies-treebank-latin-ittb,linguistic,0.16666666666666666,1.0,0.6666666666666666,0.16666666666666666,0.75,0.5,1.0,0.6666666666666666,0.7966666666666667,0.5,0.6666666666666666,1.0,0.5,0.7291666666666666,0.7408333333333333
universal-dependencies-treebank-latin-proiel,linguistic,0.16666666666666666,1.0,0.6666666666666666,0.16666666666666666,0.75,0.5,1.0,0.6666666666666666,0.7966666666666667,0.5,0.6666666666666666,1.0,0.5,0.7291666666666666,0.7408333333333333
universal-dependencies-treebank-latvian,linguistic,0.16666666666666666,1.0,0.6666666666666666,0.16666666666666666,0.75,0.5,1.0,0.6666666666666666,0.7966666666666667,0.5,0.6666666666666666,1.0,0.5,0.7291666666666666,0.7408333333333333
universal-dependencies-treebank-norwegian,linguistic,0.16666666666666666,1.0,0.6666666666666666,0.16666666666666666,0.75,0.5,1.0,0.6666666666666666,0.7966666666666667,0.5,0.6666666666666666,1.0,0.5,0.7291666666666666,0.7408333333333333
universal-dependencies-treebank-old-church-slavonic,linguistic,0.16666666666666666,1.0,0.6666666666666666,0.16666666666666666,0.75,0.5,1.0,0.6666666666666666,0.7966666666666667,0.5,0.6666666666666666,1.0,0.5,0.7291666666666666,0.7408333333333333
universal-dependencies-treebank-persian,linguistic,0.16666666666666666,1.0,0.6666666666666666,0.16666666666666666,0.75,0.5,1.0,0.6666666666666666,0.7966666666666667,0.5,0.5,0.8333333333333334,0.5,0.7291666666666666,0.6575000000000001
universal-dependencies-treebank-polish,linguistic,0.16666666666666666,1.0,0.6666666666666666,0.16666666666666666,0.75,0.5,1.0,0.6666666666666666,0.7783333333333333,0.5,0.6666666666666666,0.6666666666666666,0.5,0.7291666666666666,0.6529166666666666
universal-dependencies-treebank-portuguese,linguistic,0.16666666666666666,1.0,0.6666666666666666,0.16666666666666666,0.75,0.5,1.0,0.6666666666666666,0.7783333333333333,0.25,0.5,0.8333333333333334,0.5,0.7291666666666666,0.5904166666666667
universal-dependencies-treebank-portuguese-bosque,linguistic,0.16666666666666666,1.0,0.6666666666666666,0.16666666666666666,0.75,0.5,1.0,0.6666666666666666,0.7966666666666667,0.5,0.6666666666666666,1.0,0.5,0.7291666666666666,0.7408333333333333
universal-dependencies-treebank-portuguese-br,linguistic,0.16666666666666666,1.0,0.6666666666666666,0.16666666666666666,0.75,0.5,1.0,0.6666666666666666,0.7966666666666667,0.5,0.6666666666666666,1.0,0.5,0.7291666666666666,0.7408333333333333
universal-dependencies-treebank-romanian,linguistic,0.16666666666666666,1.0,0.6666666666666666,0.16666666666666666,0.75,0.5,1.0,0.6666666666666666,0.7966666666666667,0.5,0.6666666666666666,1.0,0.5,0.7291666666666666,0.7408333333333333
universal-dependencies-treebank-russian,linguistic,0.16666666666666666,1.0,0.6666666666666666,0.16666666666666666,0.75,0.5,1.0,0.6666666666666666,0.7966666666666667,0.5,0.6666666666666666,1.0,0.5,0.7291666666666666,0.7408333333333333
universal-dependencies-treebank-russian-syntagrus,linguistic,0.16666666666666666,1.0,0.6666666666666666,0.16666666666666666,0.75,0.5,1.0,0.6666666666666666,0.7966666666666667,0.5,0.5,0.8333333333333334,0.5,0.7291666666666666,0.6575000000000001
universal-dependencies-treebank-sanskrit,linguistic,0.16666666666666666,1.0,0.6666666666666666,0.16666666666666666,0.75,0.5,1.0,0.6666666666666666,0.7966666666666667,0.5,0.6666666666666666,1.0,0.5,0.7291666666666666,0.7408333333333333
universal-dependencies-treebank-slovak,linguistic,0.16666666666666666,1.0,0.6666666666666666,0.16666666666666666,0.75,0.5,1.0,0.6666666666666666,0.7966666666666667,0.5,0.6666666666666666,1.0,0.5,0.7291666666666666,0.7408333333333333
universal-dependencies-treebank-slovenian,linguistic,0.16666666666666666,1.0,0.6666666666666666,0.16666666666666666,0.75,0.5,1.0,0.6666666666666666,0.7966666666666667,0.5,0.6666666666666666,1.0,0.5,0.7291666666666666,0.7408333333333333
universal-dependencies-treebank-slovenian-sst,linguistic,0.16666666666666666,1.0,0.6666666666666666,0.16666666666666666,0.75,0.5,1.0,0.6666666666666666,0.7966666666666667,0.5,0.6666666666666666,1.0,0.5,0.7291666666666666,0.7408333333333333
universal-dependencies-treebank-spanish,linguistic,0.16666666666666666,1.0,0.6666666666666666,0.16666666666666666,0.75,0.5,1.0,0.6666666666666666,0.7966666666666667,0.5,0.6666666666666666,1.0,0.5,0.7291666666666666,0.7408333333333333
universal-dependencies-treebank-spanish-ancora,linguistic,0.16666666666666666,1.0,0.6666666666666666,0.16666666666666666,0.75,0.5,1.0,0.6666666666666666,0.7783333333333333,0.5,0.6666666666666666,0.6666666666666666,0.5,0.7291666666666666,0.6529166666666666
universal-dependencies-treebank-swedish,linguistic,0.16666666666666666,1.0,0.6666666666666666,0.16666666666666666,0.75,0.5,1.0,0.6666666666666666,0.7966666666666667,0.5,0.5,0.8333333333333334,0.5,0.7291666666666666,0.6575000000000001
universal-dependencies-treebank-swedish-lines,linguistic,0.16666666666666666,1.0,0.6666666666666666,0.16666666666666666,0.75,0.5,1.0,0.6666666666666666,0.7966666666666667,0.5,0.5,0.8333333333333334,0.5,0.7291666666666666,0.6575000000000001
universal-dependencies-treebank-swedish-sign-language,linguistic,0.16666666666666666,1.0,0.6666666666666666,0.16666666666666666,0.75,0.5,1.0,0.6666666666666666,0.7966666666666667,0.5,0.6666666666666666,1.0,0.5,0.7291666666666666,0.7408333333333333
universal-dependencies-treebank-tamil,linguistic,0.16666666666666666,1.0,0.6666666666666666,0.16666666666666666,0.75,0.5,1.0,0.6666666666666666,0.7966666666666667,0.5,0.6666666666666666,1.0,0.5,0.7291666666666666,0.7408333333333333
universal-dependencies-treebank-turkish,linguistic,0.16666666666666666,1.0,0.6666666666666666,0.16666666666666666,0.75,0.5,1.0,0.6666666666666666,0.7966666666666667,0.5,0.6666666666666666,1.0,0.5,0.7291666666666666,0.7408333333333333
universal-dependencies-treebank-ukrainian,linguistic,0.16666666666666666,1.0,0.6666666666666666,0.16666666666666666,0.75,0.5,1.0,0.6666666666666666,0.7966666666666667,0.5,0.6666666666666666,1.0,0.5,0.7291666666666666,0.7408333333333333
universal-dependencies-treebank-uyghur,linguistic,0.16666666666666666,1.0,0.6666666666666666,0.16666666666666666,0.75,0.5,1.0,0.6666666666666666,0.7966666666666667,0.5,0.6666666666666666,1.0,0.5,0.7291666666666666,0.7408333333333333
universal-dependencies-treebank-vietnamese,linguistic,0.16666666666666666,1.0,0.6666666666666666,0.16666666666666666,0.75,0.5,1.0,0.6666666666666666,0.7966666666666667,0.5,0.6666666666666666,1.0,0.5,0.7291666666666666,0.7408333333333333
vu-wordnet,linguistic,0.16666666666666666,1.0,0.6666666666666666,0.16666666666666666,0.75,0.5,1.0,0.6666666666666666,0.7966666666666667,0.5,0.6666666666666666,1.0,0.5,0.7291666666666666,0.7408333333333333
w3c-wordnet,linguistic,0.16666666666666666,1.0,0.6666666666666666,0.16666666666666666,0.75,0.5,0.6666666666666666,0.6666666666666666,0.7966666666666667,0.5,0.6666666666666666,1.0,0.5,0.6458333333333333,0.7408333333333333
wikilinks-rdf-nif,linguistic,0.16666666666666666,1.0,0.6666666666666666,0.16666666666666666,0.75,0.5,0.6666666666666666,0.6666666666666666,0.7783333333333333,0.25,0.5,0.8333333333333334,0.5,0.6458333333333333,0.5904166666666667
wiktionary-dbpedia-org,linguistic,0.16666666666666666,1.0,0.6666666666666666,0.16666666666666666,0.75,0.5,1.0,0.6666666666666666,0.7966666666666667,0.25,0.5,0.8333333333333334,0.5,0.7291666666666666,0.5950000000000001
wn-wiki-instances,linguistic,0.16666666666666666,1.0,0.6666666666666666,0.16666666666666666,0.75,0.5,0.6666666666666666,0.6666666666666666,0.7966666666666667,0.5,0.5,0.8333333333333334,0.5,0.6458333333333333,0.6575000000000001
wold,linguistic,0.16666666666666666,1.0,0.6666666666666666,0.16666666666666666,0.75,0.5,1.0,0.6666666666666666,0.7966666666666667,0.25,0.6666666666666666,1.0,0.5,0.7291666666666666,0.6783333333333333
wordnet-rdf,linguistic,0.16666666666666666,1.0,0.6666666666666666,0.16666666666666666,0.75,0.5,0.6666666666666666,0.6666666666666666,0.7600000000000001,0.25,0.5,0.5,0.5,0.6458333333333333,0.5025000000000001
xlid-lexica,linguistic,0.16666666666666666,1.0,0.6666666666666666,0.16666666666666666,0.75,0.5,1.0,0.6666666666666666,0.7783333333333333,0.25,0.5,0.5,0.5,0.7291666666666666,0.5070833333333333
xwn,linguistic,0.16666666666666666,1.0,0.6666666666666666,0.16666666666666666,0.75,0.5,1.0,0.6666666666666666,0.7600000000000001,0.25,0.5,0.5,0.5,0.7291666666666666,0.5025000000000001
zhishi-lemon,linguistic,0.16666666666666666,1.0,0.6666666666666666,0.16666666666666666,0.75,0.5,1.0,0.6666666666666666,0.7783333333333333,0.25,0.5,0.8333333333333334,0.5,0.7291666666666666,0.5904166666666667
zhishi-me,linguistic,0.16666666666666666,1.0,0.6666666666666666,0.16666666666666666,0.75,0.5,0.6666666666666666,0.6666666666666666,0.7966666666666667,0.25,0.5,0.8333333333333334,0.5,0.6458333333333333,0.5950000000000001
2000-us-census-rdf,government,0.16666666666666666,1.0,0.6666666666666666,0.16666666666666666,0.75,0.5,0.6666666666666666,0.6666666666666666,0.7966666666666667,0.25,0.5,0.8333333333333334,0.5,0.6458333333333333,0.5950000000000001
AISHE,government,0.16666666666666666,1.0,0.6666666666666666,0.16666666666666666,0.75,0.5,0.6666666666666666,0.6666666666666666,0.7783333333333333,0.25,0.5,0.8333333333333334,0.5,0.6458333333333333,0.5904166666666667
CPC,government,0.16666666666666666,1.0,0.6666666666666666,0.16666666666666666,0.75,0.5,1.0,0.6666666666666666,0.8150000000000001,1.0,0.5,0.8333333333333334,0.5,0.7291666666666666,0.7870833333333334
European_Patent_Information,government,0.16666666666666666,1.0,0.6666666666666666,0.16666666666666666,0.75,0.5,1.0,0.6666666666666666,0.8150000000000001,1.0,0.5,0.8333333333333334,0.5,0.7291666666666666,0.7870833333333334
FADN_(2019),government,0.16666666666666666,1.0,0.6666666666666666,0.16666666666666666,0.75,0.5,0.6666666666666666,0.6666666666666666,1.0,1.0,1.0,1.0,0.5,0.6458333333333333,1.0
abs-linked-data,government,0.16666666666666666,1.0,0.6666666666666666,0.16666666666666666,0.75,0.5,0.6666666666666666,0.6666666666666666,0.7966666666666667,0.25,0.6666666666666666,1.0,0.5,0.6458333333333333,0.6783333333333333
agrinepaldata,government,0.16666666666666666,1.0,0.6666666666666666,0.16666666666666666,0.75,0.5,0.6666666666666666,0.6666666666666666,0.7966666666666667,0.25,0.5,0.8333333333333334,0.5,0.6458333333333333,0.5950000000000001
aragodbpedia,government,0.16666666666666666,1.0,0.6666666666666666,0.16666666666666666,0.75,0.5,0.6666666666666666,0.6666666666666666,0.9775333333333333,1.0,0.5,0.8333333333333334,0.5,0.6458333333333333,0.8277166666666667
asn-us,government,0.16666666666666666,1.0,0.6666666666666666,0.16666666666666666,0.75,0.5,1.0,0.6666666666666666,0.8150000000000001,0.5,0.6666666666666666,1.0,0.5,0.7291666666666666,0.7454166666666666
bfs-linked-data,government,0.16666666666666666,1.0,0.6666666666666666,0.16666666666666666,0.75,0.5,1.0,0.6666666666666666,0.7966666666666667,0.25,0.6666666666666666,1.0,0.5,0.7291666666666666,0.6783333333333333
biographical-directory-of-the-united-states-congress,government,0.16666666666666666,1.0,0.6666666666666666,0.16666666666666666,0.75,0.5,1.0,0.6666666666666666,0.7966666666666667,0.25,0.5,0.8333333333333334,0.5,0.7291666666666666,0.5950000000000001
bis-linked-data,government,0.16666666666666666,1.0,0.6666666666666666,0.16666666666666666,0.75,0.5,0.6666666666666666,0.6666666666666666,0.7966666666666667,0.25,0.6666666666666666,1.0,0.5,0.6458333333333333,0.6783333333333333
business-data-gov-uk,government,0.16666666666666666,1.0,0.6666666666666666,0.16666666666666666,0.75,0.5,1.0,0.6666666666666666,0.7783333333333333,0.25,0.5,0.5,0.5,0.7291666666666666,0.5070833333333333
cablegate,government,0.16666666666666666,0.75,0.0,0.0,0.25,0.5,0.0,0.0,0.7783333333333333,0.375,0.6666666666666666,0.6666666666666666,0.22916666666666666,0.1875,0.6216666666666666
ceo,government,0.16666666666666666,1.0,0.6666666666666666,0.16666666666666666,0.75,0.5,1.0,0.6666666666666666,0.7791333333333332,1.0,0.5,0.8333333333333334,0.5,0.7291666666666666,0.7781166666666667
cht,government,0.16666666666666666,1.0,0.6666666666666666,0.16666666666666666,0.75,0.5,1.0,0.6666666666666666,0.9944698703333333,1.0,0.8333333333333334,0.8333333333333334,0.5,0.7291666666666666,0.9152841342500001
cipfa,government,0.16666666666666666,1.0,0.6666666666666666,0.16666666666666666,0.75,0.5,1.0,0.6666666666666666,0.7399999999999999,0.25,0.5,0.5,0.5,0.7291666666666666,0.49749999999999994
clean-energy-data-reegle,government,0.16666666666666666,1.0,0.6666666666666666,0.16666666666666666,0.75,0.5,1.0,0.6666666666666666,0.8150000000000001,0.5,0.5,0.8333333333333334,0.5,0.7291666666666666,0.6620833333333334
congresspeople,government,0.16666666666666666,1.0,0.6666666666666666,0.16666666666666666,0.75,0.5,1.0,0.6666666666666666,0.7600000000000001,0.25,0.5,0.5,0.5,0.7291666666666666,0.5025000000000001
corporate-body,government,0.16666666666666666,1.0,0.6666666666666666,0.16666666666666666,0.75,0.5,1.0,0.6666666666666666,1.0,1.0,1.0,1.0,0.5,0.7291666666666666,1.0
courts-thesaurus,government,0.16666666666666666,1.0,0.6666666666666666,0.16666666666666666,0.75,0.5,0.6666666666666666,0.6666666666666666,0.7966666666666667,0.25,0.6666666666666666,1.0,0.5,0.6458333333333333,0.6783333333333333
cz-ares-or,government,0.16666666666666666,1.0,0.6666666666666666,0.16666666666666666,0.75,0.5,0.6666666666666666,0.6666666666666666,0.7966666666666667,0.25,0.5,0.8333333333333334,0.5,0.6458333333333333,0.5950000000000001
cz-ares-rzp,government,0.16666666666666666,1.0,0.6666666666666666,0.16666666666666666,0.75,0.5,0.6666666666666666,0.6666666666666666,0.7966666666666667,0.25,0.5,0.8333333333333334,0.5,0.6458333333333333,0.5950000000000001
cz-cenia-irz-chemicals,government,0.16666666666666666,1.0,0.6666666666666666,0.16666666666666666,0.75,0.5,0.6666666666666666,0.6666666666666666,0.7966666666666667,0.25,0.5,0.8333333333333334,0.5,0.6458333333333333,0.5950000000000001
cz-cenia-pollution,government,0.16666666666666666,1.0,0.6666666666666666,0.16666666666666666,0.75,0.5,0.6666666666666666,0.6666666666666666,0.7966666666666667,0.25,0.5,0.8333333333333334,0.5,0.6458333333333333,0.5950000000000001
cz-contracts,government,0.16666666666666666,1.0,0.6666666666666666,0.16666666666666666,0.75,0.5,0.6666666666666666,0.6666666666666666,0.7966666666666667,0.25,0.5,0.8333333333333334,0.5,0.6458333333333333,0.5950000000000001
cz-ctia-bans,government,0.16666666666666666,1.0,0.6666666666666666,0.16666666666666666,0.75,0.5,1.0,0.6666666666666666,0.7783333333333333,0.25,0.6666666666666666,0.6666666666666666,0.5,0.7291666666666666,0.5904166666666666
cz-ctia-confiscations,government,0.16666666666666666,1.0,0.6666666666666666,0.16666666666666666,0.75,0.5,0.6666666666666666,0.6666666666666666,0.7783333333333333,0.25,0.6666666666666666,0.6666666666666666,0.5,0.6458333333333333,0.5904166666666666
cz-ctia-focus,government,0.16666666666666666,1.0,0.6666666666666666,0.16666666666666666,0.75,0.5,0.6666666666666666,0.6666666666666666,0.7783333333333333,0.25,0.6666666666666666,0.6666666666666666,0.5,0.6458333333333333,0.5904166666666666
cz-ctia-inspections,government,0.16666666666666666,1.0,0.6666666666666666,0.16666666666666666,0.75,0.5,0.6666666666666666,0.6666666666666666,0.7783333333333333,0.25,0.6666666666666666,0.6666666666666666,0.5,0.6458333333333333,0.5904166666666666
cz-ctia-sanctions,government,0.16666666666666666,1.0,0.6666666666666666,0.16666666666666666,0.75,0.5,1.0,0.6666666666666666,0.7783333333333333,0.25,0.5,0.5,0.5,0.7291666666666666,0.5070833333333333
cz-cuzk-cadastre-offices,government,0.16666666666666666,1.0,0.6666666666666666,0.16666666666666666,0.75,0.5,1.0,0.6666666666666666,0.7966666666666667,0.25,0.6666666666666666,1.0,0.5,0.7291666666666666,0.6783333333333333
cz-cuzk-legal-relationships-documents,government,0.16666666666666666,1.0,0.6666666666666666,0.16666666666666666,0.75,0.5,1.0,0.6666666666666666,0.7966666666666667,0.25,0.6666666666666666,1.0,0.5,0.7291666666666666,0.6783333333333333
cz-czso-average-salaries,government,0.16666666666666666,1.0,0.6666666666666666,0.16666666666666666,0.75,0.5,1.0,0.6666666666666666,0.8150000000000001,0.5,0.6666666666666666,1.0,0.5,0.7291666666666666,0.7454166666666666
cz-czso-deaths-by-selected-causes-of-death,government,0.16666666666666666,1.0,0.6666666666666666,0.16666666666666666,0.75,0.5,1.0,0.6666666666666666,0.8150000000000001,0.5,0.6666666666666666,1.0,0.5,0.7291666666666666,0.7454166666666666
cz-czso-demography-in-regions-czech-republic-age-categories,government,0.16666666666666666,1.0,0.6666666666666666,0.16666666666666666,0.75,0.5,1.0,0.6666666666666666,0.8150000000000001,0.5,0.6666666666666666,1.0,0.5,0.7291666666666666,0.7454166666666666
cz-czso-job-applicants,government,0.16666666666666666,1.0,0.6666666666666666,0.16666666666666666,0.75,0.5,1.0,0.6666666666666666,0.8150000000000001,0.5,0.6666666666666666,1.0,0.5,0.7291666666666666,0.7454166666666666
cz-czso-job-applicants-and-unemployment-rate,government,0.16666666666666666,1.0,0.6666666666666666,0.16666666666666666,0.75,0.5,1.0,0.6666666666666666,0.8150000000000001,0.5,0.6666666666666666,1.0,0.5,0.7291666666666666,0.7454166666666666
cz-czso-regions,government,0.16666666666666666,1.0,0.6666666666666666,0.16666666666666666,0.75,0.5,1.0,0.6666666666666666,0.7966666666666667,0.25,0.5,0.8333333333333334,0.5,0.7291666666666666,0.5950000000000001
cz-czso-selected-indicators-of-public-health,government,0.16666666666666666,1.0,0.6666666666666666,0.16666666666666666,0.75,0.5,1.0,0.6666666666666666,0.8150000000000001,0.5,0.6666666666666666,1.0,0.5,0.7291666666666666,0.7454166666666666
cz-czso-social-service-facilities,government,0.16666666666666666,1.0,0.6666666666666666,0.16666666666666666,0.75,0.5,1.0,0.6666666666666666,0.8150000000000001,0.5,0.6666666666666666,1.0,0.5,0.7291666666666666,0.7454166666666666
cz-czso-unemployment-rate,government,0.16666666666666666,1.0,0.6666666666666666,0.16666666666666666,0.75,0.5,1.0,0.6666666666666666,0.8150000000000001,0.5,0.6666666666666666,1.0,0.5,0.7291666666666666,0.7454166666666666
cz-fulfillments,government,0.16666666666666666,1.0,0.6666666666666666,0.16666666666666666,0.75,0.5,0.6666666666666666,0.6666666666666666,0.7966666666666667,0.25,0.5,0.8333333333333334,0.5,0.6458333333333333,0.5950000000000001
cz-ic,government,0.16666666666666666,1.0,0.6666666666666666,0.16666666666666666,0.75,0.5,1.0,0.6666666666666666,0.7966666666666667,0.5,0.6666666666666666,0.6666666666666666,0.5,0.7291666666666666,0.6575
cz-orders,government,0.16666666666666666,1.0,0.6666666666666666,0.16666666666666666,0.75,0.5,0.6666666666666666,0.6666666666666666,0.7966666666666667,0.25,0.5,0.8333333333333334,0.5,0.6458333333333333,0.5950000000000001
cz-ovm,government,0.16666666666666666,1.0,0.6666666666666666,0.16666666666666666,0.75,0.5,0.6666666666666666,0.6666666666666666,0.8493333333333334,1.0,0.8431372549999999,1.0,0.5,0.6458333333333333,0.9231176470833333
cz-ovm-agendas,government,0.16666666666666666,1.0,0.6666666666666666,0.16666666666666666,0.75,0.5,0.6666666666666666,0.6666666666666666,0.7966666666666667,0.25,0.5,0.8333333333333334,0.5,0.6458333333333333,0.5950000000000001
cz-ruian,government,0.16666666666666666,1.0,0.6666666666666666,0.16666666666666666,0.75,0.5,0.6666666666666666,0.6666666666666666,0.9571999999999999,1.0,0.5,0.8333333333333334,0.5,0.6458333333333333,0.8226333333333333
cz-sao-audited-subjects,government,0.16666666666666666,1.0,0.6666666666666666,0.16666666666666666,0.75,0.5,1.0,0.6666666666666666,0.8150000000000001,0.5,0.6666666666666666,1.0,0.5,0.7291666666666666,0.7454166666666666
cz-sao-check-actions,government,0.16666666666666666,1.0,0.6666666666666666,0.16666666666666666,0.75,0.5,1.0,0.6666666666666666,0.8150000000000001,0.5,0.6666666666666666,1.0,0.5,0.7291666666666666,0.7454166666666666
cz-sao-check-actions-law,government,0.16666666666666666,1.0,0.6666666666666666,0.16666666666666666,0.75,0.5,1.0,0.6666666666666666,0.8150000000000001,0.5,0.6666666666666666,1.0,0.5,0.7291666666666666,0.7454166666666666
cz-souhrnne-typy-ovm,government,0.16666666666666666,1.0,0.6666666666666666,0.16666666666666666,0.75,0.5,0.6666666666666666,0.6666666666666666,0.8497666666666667,1.0,0.8431372549999999,1.0,0.5,0.6458333333333333,0.9232259804166666
cz-vavai-evaluation-2013,government,0.16666666666666666,1.0,0.6666666666666666,0.16666666666666666,0.75,0.5,0.6666666666666666,0.6666666666666666,0.7783333333333333,0.25,0.5,0.5,0.5,0.6458333333333333,0.5070833333333333
cz-vavai-funding-providers,government,0.16666666666666666,1.0,0.6666666666666666,0.16666666666666666,0.75,0.5,0.6666666666666666,0.6666666666666666,0.7783333333333333,0.25,0.5,0.5,0.5,0.6458333333333333,0.5070833333333333
cz-vavai-organizations,government,0.16666666666666666,1.0,0.6666666666666666,0.16666666666666666,0.75,0.5,0.6666666666666666,0.6666666666666666,0.7783333333333333,0.25,0.5,0.5,0.5,0.6458333333333333,0.5070833333333333
cz-vavai-programmes,government,0.16666666666666666,1.0,0.6666666666666666,0.16666666666666666,0.75,0.5,0.6666666666666666,0.6666666666666666,0.7783333333333333,0.25,0.5,0.5,0.5,0.6458333333333333,0.5070833333333333
cz-vavai-projects,government,0.16666666666666666,1.0,0.6666666666666666,0.16666666666666666,0.75,0.5,0.6666666666666666,0.6666666666666666,0.7783333333333333,0.25,0.5,0.5,0.5,0.6458333333333333,0.5070833333333333
cz-vavai-research-plans,government,0.16666666666666666,1.0,0.6666666666666666,0.16666666666666666,0.75,0.5,0.6666666666666666,0.6666666666666666,0.7783333333333333,0.25,0.5,0.5,0.5,0.6458333333333333,0.5070833333333333
cz-vavai-results,government,0.16666666666666666,1.0,0.6666666666666666,0.16666666666666666,0.75,0.5,0.6666666666666666,0.6666666666666666,0.7783333333333333,0.25,0.5,0.5,0.5,0.6458333333333333,0.5070833333333333
cz-vavai-tenders,government,0.16666666666666666,1.0,0.6666666666666666,0.16666666666666666,0.75,0.5,0.6666666666666666,0.6666666666666666,0.7783333333333333,0.25,0.5,0.5,0.5,0.6458333333333333,0.5070833333333333
data-cnr-it,government,0.16666666666666666,1.0,0.6666666666666666,0.16666666666666666,0.75,0.5,1.0,0.6666666666666666,0.8150000000000001,0.5,0.6666666666666666,1.0,0.5,0.7291666666666666,0.7454166666666666
data-gov-uk-time-intervals,government,0.16666666666666666,1.0,0.6666666666666666,0.16666666666666666,0.75,0.5,1.0,0.6666666666666666,0.7600000000000001,0.25,0.5,0.5,0.5,0.7291666666666666,0.5025000000000001
data-incubator-nasa,government,0.16666666666666666,1.0,0.6666666666666666,0.16666666666666666,0.75,0.5,1.0,0.6666666666666666,0.8150000000000001,0.5,0.6666666666666666,1.0,0.5,0.7291666666666666,0.7454166666666666
dataturcyl-lod-for-tourists-in-castilla-y-leon-spain,government,0.16666666666666666,1.0,0.6666666666666666,0.16666666666666666,0.75,0.5,1.0,0.6666666666666666,0.7966666666666667,0.25,0.5,0.8333333333333334,0.5,0.7291666666666666,0.5950000000000001
datos-bcn-cl,government,0.16666666666666666,1.0,0.6666666666666666,0.16666666666666666,0.75,0.5,0.6666666666666666,0.6666666666666666,1.0,1.0,1.0,1.0,0.5,0.6458333333333333,1.0
dbpedia,government,0.16666666666666666,1.0,0.6666666666666666,0.16666666666666666,0.75,0.5,1.0,0.6666666666666666,1.0,1.0,1.0,1.0,0.5,0.7291666666666666,1.0
diavgeia,government,0.16666666666666666,1.0,0.6666666666666666,0.16666666666666666,0.75,0.5,1.0,0.6666666666666666,0.7783333333333333,0.25,0.6666666666666666,1.0,0.5,0.7291666666666666,0.67375
ecb-linked-data,government,0.16666666666666666,1.0,0.6666666666666666,0.16666666666666666,0.75,0.5,0.6666666666666666,0.6666666666666666,0.7966666666666667,0.25,0.6666666666666666,1.0,0.5,0.6458333333333333,0.6783333333333333
ecb-statistics-linked-data,government,0.16666666666666666,1.0,0.6666666666666666,0.16666666666666666,0.75,0.5,0.6666666666666666,0.6666666666666666,0.8150000000000001,0.5,0.5,0.8333333333333334,0.5,0.6458333333333333,0.6620833333333334
education-data-gov-uk,government,0.16666666666666666,1.0,0.6666666666666666,0.16666666666666666,0.75,0.5,1.0,0.6666666666666666,0.7966666666666667,0.5,0.6666666666666666,0.6666666666666666,0.5,0.7291666666666666,0.6575
eea-rod,government,0.16666666666666666,1.0,0.6666666666666666,0.16666666666666666,0.75,0.5,1.0,0.6666666666666666,0.8150000000000001,0.5,0.6666666666666666,1.0,0.5,0.7291666666666666,0.7454166666666666
ei2a,government,0.16666666666666666,1.0,0.6666666666666666,0.16666666666666666,0.75,0.5,0.6666666666666666,0.6666666666666666,0.9768666666666667,1.0,0.5,0.8333333333333334,0.5,0.6458333333333333,0.82755
eionet-rdf,government,0.16666666666666666,1.0,0.6666666666666666,0.16666666666666666,0.75,0.5,1.0,0.6666666666666666,0.7783333333333333,0.5,0.5,0.5,0.5,0.7291666666666666,0.5695833333333333
enakting-crime,government,0.16666666666666666,1.0,0.6666666666666666,0.16666666666666666,0.75,0.5,0.6666666666666666,0.6666666666666666,0.7783333333333333,0.25,0.5,0.8333333333333334,0.5,0.6458333333333333,0.5904166666666667
enakting-mortality,government,0.16666666666666666,1.0,0.6666666666666666,0.16666666666666666,0.75,0.5,0.6666666666666666,0.6666666666666666,0.7783333333333333,0.25,0.5,0.8333333333333334,0.5,0.6458333333333333,0.5904166666666667
english-index-of-multiple-deprivation-ranking-2010,government,0.16666666666666666,1.0,0.6666666666666666,0.16666666666666666,0.75,0.5,0.6666666666666666,0.6666666666666666,0.8150000000000001,1.0,0.6666666666666666,1.0,0.5,0.6458333333333333,0.8704166666666666
english-index-of-multiple-deprivation-score-2010,government,0.16666666666666666,1.0,0.6666666666666666,0.16666666666666666,0.75,0.5,1.0,0.6666666666666666,0.8150000000000001,1.0,0.5,0.8333333333333334,0.5,0.7291666666666666,0.7870833333333334
environment-agency-bathing-water-quality,government,0.16666666666666666,1.0,0.6666666666666666,0.16666666666666666,0.75,0.5,0.6666666666666666,0.6666666666666666,1.0,1.0,1.0,1.0,0.5,0.6458333333333333,1.0
eprtr,government,0.16666666666666666,1.0,0.6666666666666666,0.16666666666666666,0.75,0.5,1.0,0.6666666666666666,0.7966666666666667,0.375,0.6666666666666666,1.0,0.5,0.7291666666666666,0.7095833333333333
esd-standards,government,0.16666666666666666,1.0,0.6666666666666666,0.16666666666666666,0.75,0.5,1.0,0.6666666666666666,0.7783333333333333,0.5,0.5,0.5,0.5,0.7291666666666666,0.5695833333333333
esd-toolkit,government,0.16666666666666666,1.0,0.6666666666666666,0.16666666666666666,0.75,0.5,1.0,0.6666666666666666,0.7600000000000001,0.25,0.5,0.5,0.5,0.7291666666666666,0.5025000000000001
eu-agencies-bodies,government,0.16666666666666666,1.0,0.6666666666666666,0.16666666666666666,0.75,0.5,0.6666666666666666,0.6666666666666666,0.7966666666666667,0.5,0.5,0.5,0.5,0.6458333333333333,0.5741666666666667
eu-institutions,government,0.16666666666666666,1.0,0.6666666666666666,0.16666666666666666,0.75,0.5,0.6666666666666666,0.6666666666666666,0.7966666666666667,0.5,0.5,0.8333333333333334,0.5,0.6458333333333333,0.6575000000000001
eu-parliament-media,government,0.16666666666666666,1.0,0.6666666666666666,0.16666666666666666,0.75,0.5,1.0,0.6666666666666666,0.8150000000000001,0.5,0.5,0.8333333333333334,0.5,0.7291666666666666,0.6620833333333334
eu-who-is-who,government,0.16666666666666666,1.0,0.6666666666666666,0.16666666666666666,0.75,0.5,1.0,0.6666666666666666,0.8150000000000001,0.5,0.5,0.8333333333333334,0.5,0.7291666666666666,0.6620833333333334
eumida-linked-data,government,0.16666666666666666,1.0,0.6666666666666666,0.16666666666666666,0.75,0.5,1.0,0.6666666666666666,0.8150000000000001,0.5,0.5,0.8333333333333334,0.5,0.7291666666666666,0.6620833333333334
eurobarometer-standard,government,0.16666666666666666,1.0,0.6666666666666666,0.16666666666666666,0.75,0.5,1.0,0.6666666666666666,0.8150000000000001,0.5,0.5,0.8333333333333334,0.5,0.7291666666666666,0.6620833333333334
eurostat-rdf,government,0.16666666666666666,1.0,0.6666666666666666,0.16666666666666666,0.75,0.5,0.6666666666666666,0.6666666666666666,0.7783333333333333,0.25,0.5,0.8333333333333334,0.5,0.6458333333333333,0.5904166666666667
eurovoc,government,0.16666666666666666,1.0,0.6666666666666666,0.16666666666666666,0.75,0.5,1.0,0.6666666666666666,1.0,1.0,1.0,1.0,0.5,0.7291666666666666,1.0
fao-linked-data,government,0.16666666666666666,1.0,0.6666666666666666,0.16666666666666666,0.75,0.5,0.6666666666666666,0.6666666666666666,0.7966666666666667,0.25,0.6666666666666666,1.0,0.5,0.6458333333333333,0.6783333333333333
finnish-municipalities,government,0.16666666666666666,1.0,0.6666666666666666,0.16666666666666666,0.75,0.5,1.0,0.6666666666666666,0.7966666666666667,0.5,0.5,0.8333333333333334,0.5,0.7291666666666666,0.6575000000000001
frb-linked-data,government,0.16666666666666666,1.0,0.6666666666666666,0.16666666666666666,0.75,0.5,0.6666666666666666,0.6666666666666666,0.7966666666666667,0.25,0.6666666666666666,1.0,0.5,0.6458333333333333,0.6783333333333333
fu-berlin-cordis,government,0.16666666666666666,1.0,0.6666666666666666,0.16666666666666666,0.75,0.5,0.6666666666666666,0.6666666666666666,0.7600000000000001,0.25,0.5,0.5,0.5,0.6458333333333333,0.5025000000000001
fu-berlin-eurostat,government,0.16666666666666666,1.0,0.6666666666666666,0.16666666666666666,0.75,0.5,0.6666666666666666,0.6666666666666666,0.7600000000000001,0.25,0.5,0.5,0.5,0.6458333333333333,0.5025000000000001
gemet,government,0.16666666666666666,1.0,0.6666666666666666,0.16666666666666666,0.75,0.5,1.0,0.6666666666666666,0.8150000000000001,0.5,0.6666666666666666,1.0,0.5,0.7291666666666666,0.7454166666666666
government-web-integration-for-linked-data,government,0.16666666666666666,1.0,0.6666666666666666,0.16666666666666666,0.75,0.5,1.0,0.6666666666666666,0.7966666666666667,0.25,0.6666666666666666,1.0,0.5,0.7291666666666666,0.6783333333333333
govtrack,government,0.16666666666666666,1.0,0.6666666666666666,0.16666666666666666,0.75,0.5,1.0,0.6666666666666666,0.7783333333333333,0.25,0.5,0.5,0.5,0.7291666666666666,0.5070833333333333
hellenic-fire-brigade,government,0.16666666666666666,1.0,0.6666666666666666,0.16666666666666666,0.75,0.5,1.0,0.6666666666666666,0.7966666666666667,0.25,0.6666666666666666,1.0,0.5,0.7291666666666666,0.6783333333333333
hellenic-police,government,0.16666666666666666,1.0,0.6666666666666666,0.16666666666666666,0.75,0.5,1.0,0.6666666666666666,0.7966666666666667,0.25,0.6666666666666666,1.0,0.5,0.7291666666666666,0.6783333333333333
iati-as-linked-data,government,0.16666666666666666,1.0,0.6666666666666666,0.16666666666666666,0.75,0.5,1.0,0.6666666666666666,0.8150000000000001,0.5,0.5,0.8333333333333334,0.5,0.7291666666666666,0.6620833333333334
imf-linked-data,government,0.16666666666666666,1.0,0.6666666666666666,0.16666666666666666,0.75,0.5,0.6666666666666666,0.6666666666666666,0.7966666666666667,0.25,0.6666666666666666,1.0,0.5,0.6458333333333333,0.6783333333333333
istat-immigration,government,0.16666666666666666,1.0,0.6666666666666666,0.16666666666666666,0.75,0.5,1.0,0.6666666666666666,0.7966666666666667,0.25,0.6666666666666666,1.0,0.5,0.7291666666666666,0.6783333333333333
kallikratis-municipalities,government,0.16666666666666666,1.0,0.6666666666666666,0.16666666666666666,0.75,0.5,1.0,0.6666666666666666,0.7966666666666667,0.25,0.5,0.8333333333333334,0.5,0.7291666666666666,0.5950000000000001
lichfield-spending,government,0.16666666666666666,1.0,0.6666666666666666,0.16666666666666666,0.75,0.5,0.6666666666666666,0.6666666666666666,0.7966666666666667,0.25,0.5,0.8333333333333334,0.5,0.6458333333333333,0.5950000000000001
linked-edgar,government,0.16666666666666666,1.0,0.6666666666666666,0.16666666666666666,0.75,0.5,0.6666666666666666,0.6666666666666666,0.7600000000000001,0.25,0.5,0.5,0.5,0.6458333333333333,0.5025000000000001
linked-eurostat,government,0.16666666666666666,1.0,0.6666666666666666,0.16666666666666666,0.75,0.5,1.0,0.6666666666666666,0.7600000000000001,0.25,0.5,0.5,0.5,0.7291666666666666,0.5025000000000001
linked-nuts,government,0.16666666666666666,1.0,0.6666666666666666,0.16666666666666666,0.75,0.5,0.6666666666666666,0.6666666666666666,0.7783333333333333,0.25,0.5,0.8333333333333334,0.5,0.6458333333333333,0.5904166666666667
linked-stockindex,government,0.16666666666666666,1.0,0.6666666666666666,0.16666666666666666,0.75,0.5,0.6666666666666666,0.6666666666666666,0.7399999999999999,0.25,0.5,0.16666666666666666,0.5,0.6458333333333333,0.4141666666666666
linkedspending,government,0.16666666666666666,1.0,0.6666666666666666,0.16666666666666666,0.75,0.5,0.6666666666666666,0.6666666666666666,0.7966666666666667,0.25,0.5,0.8333333333333334,0.5,0.6458333333333333,0.5950000000000001
london-gazette,government,0.16666666666666666,1.0,0.6666666666666666,0.16666666666666666,0.75,0.5,1.0,0.6666666666666666,0.7783333333333333,0.25,0.5,0.5,0.5,0.7291666666666666,0.5070833333333333
n-lex-as-linked-data,government,0.16666666666666666,1.0,0.6666666666666666,0.16666666666666666,0.75,0.5,0.6666666666666666,0.6666666666666666,0.7966666666666667,0.5,0.5,0.5,0.5,0.6458333333333333,0.5741666666666667
nomenclator-asturias,government,0.16666666666666666,1.0,0.6666666666666666,0.16666666666666666,0.75,0.5,1.0,0.6666666666666666,0.7966666666666667,0.25,0.5,0.8333333333333334,0.5,0.7291666666666666,0.5950000000000001
ocd,government,0.16666666666666666,1.0,0.6666666666666666,0.16666666666666666,0.75,0.5,0.6666666666666666,0.6666666666666666,0.8150000000000001,1.0,0.5,0.8333333333333334,0.5,0.6458333333333333,0.7870833333333334
odc-lsoa,government,0.16666666666666666,1.0,0.6666666666666666,0.16666666666666666,0.75,0.5,1.0,0.6666666666666666,0.8150000000000001,1.0,0.5,0.8333333333333334,0.5,0.7291666666666666,0.7870833333333334
oecd-linked-data,government,0.16666666666666666,1.0,0.6666666666666666,0.16666666666666666,0.75,0.5,0.6666666666666666,0.6666666666666666,0.7966666666666667,0.25,0.6666666666666666,1.0,0.5,0.6458333333333333,0.6783333333333333
open-energy-info-wiki,government,0.16666666666666666,1.0,0.6666666666666666,0.16666666666666666,0.75,0.5,0.6666666666666666,0.6666666666666666,1.0,1.0,1.0,1.0,0.5,0.6458333333333333,1.0
opencorporates,government,0.16666666666666666,1.0,0.6666666666666666,0.16666666666666666,0.75,0.5,0.6666666666666666,0.6666666666666666,0.7966666666666667,0.5,0.5,0.8333333333333334,0.5,0.6458333333333333,0.6575000000000001
opendatacommunities-dev-local-authority-services,government,0.16666666666666666,0.75,0.0,0.0,0.25,0.5,0.0,0.0,0.7399999999999999,0.25,0.5,0.5,0.22916666666666666,0.1875,0.49749999999999994
opendatacommunities-homelessness-acceptances-per-1000,government,0.16666666666666666,0.75,0.0,0.0,0.25,0.5,0.0,0.0,0.7399999999999999,0.25,0.5,0.5,0.22916666666666666,0.1875,0.49749999999999994
opendatacommunities-homelessness-households-accommodated-temporary-housing-types,government,0.16666666666666666,0.75,0.0,0.0,0.25,0.5,0.0,0.0,0.7783333333333333,0.5,0.5,0.5,0.22916666666666666,0.1875,0.5695833333333333
opendatacommunities-households-2008,government,0.16666666666666666,0.75,0.0,0.0,0.25,0.5,0.0,0.0,0.7399999999999999,0.25,0.5,0.5,0.22916666666666666,0.1875,0.49749999999999994
opendatacommunities-households-accommodated-per-1000,government,0.16666666666666666,0.75,0.0,0.0,0.25,0.5,0.0,0.0,0.7399999999999999,0.25,0.5,0.5,0.22916666666666666,0.1875,0.49749999999999994
opendatacommunities-households-projections-population,government,0.16666666666666666,0.75,0.0,0.0,0.25,0.5,0.0,0.0,0.7783333333333333,0.5,0.5,0.5,0.22916666666666666,0.1875,0.5695833333333333
opendatacommunities-households-projections-totalhouseolds,government,0.16666666666666666,0.75,0.0,0.0,0.25,0.5,0.0,0.0,0.7783333333333333,0.5,0.5,0.5,0.22916666666666666,0.1875,0.5695833333333333
opendatacommunities-households-social-lettings-general-needs-lettings-prp-household-composition,government,0.16666666666666666,0.75,0.0,0.0,0.25,0.5,0.0,0.0,0.7399999999999999,0.25,0.5,0.5,0.22916666666666666,0.1875,0.49749999999999994
opendatacommunities-households-social-lettings-general-needs-lettings-prp-number-bedrooms,government,0.16666666666666666,0.75,0.0,0.0,0.25,0.5,0.0,0.0,0.7783333333333333,0.5,0.5,0.5,0.22916666666666666,0.1875,0.5695833333333333
opendatacommunities-housing-market,government,0.16666666666666666,0.75,0.0,0.0,0.25,0.5,0.0,0.0,0.7399999999999999,0.25,0.5,0.5,0.22916666666666666,0.1875,0.49749999999999994
opendatacommunities-imd-crime-rank-2010,government,0.16666666666666666,0.75,0.0,0.0,0.25,0.5,0.0,0.0,0.7399999999999999,0.25,0.5,0.5,0.22916666666666666,0.1875,0.49749999999999994
opendatacommunities-imd-environment-rank-2010,government,0.16666666666666666,0.75,0.0,0.0,0.25,0.5,0.0,0.0,0.7399999999999999,0.25,0.5,0.5,0.22916666666666666,0.1875,0.49749999999999994
opendatacommunities-imd-income-rank-la-2010,government,0.16666666666666666,0.75,0.0,0.0,0.25,0.5,0.0,0.0,0.7399999999999999,0.25,0.5,0.5,0.22916666666666666,0.1875,0.49749999999999994
opendatacommunities-imd-rank-2010,government,0.16666666666666666,0.75,0.0,0.0,0.25,0.5,0.0,0.0,0.7399999999999999,0.25,0.5,0.5,0.22916666666666666,0.1875,0.49749999999999994
opendatacommunities-imd-score-2010,government,0.16666666666666666,0.75,0.0,0.0,0.25,0.5,0.0,0.0,0.7399999999999999,0.25,0.5,0.5,0.22916666666666666,0.1875,0.49749999999999994
opendatacommunities-impact-indicators-affordable-housing-starts,government,0.16666666666666666,0.75,0.0,0.0,0.25,0.5,0.0,0.0,0.7399999999999999,0.25,0.5,0.5,0.22916666666666666,0.1875,0.49749999999999994
opendatacommunities-impact-indicators-energy-efficiency-new-builds,government,0.16666666666666666,0.75,0.0,0.0,0.25,0.5,0.0,0.0,0.7399999999999999,0.25,0.5,0.5,0.22916666666666666,0.1875,0.49749999999999994
opendatacommunities-impact-indicators-housing-starts,government,0.16666666666666666,0.75,0.0,0.0,0.25,0.5,0.0,0.0,0.7399999999999999,0.25,0.5,0.5,0.22916666666666666,0.1875,0.49749999999999994
opendatacommunities-impact-indicators-planning-applications-granted,government,0.16666666666666666,0.75,0.0,0.0,0.25,0.5,0.0,0.0,0.7399999999999999,0.25,0.5,0.5,0.22916666666666666,0.1875,0.49749999999999994
opendatacommunities-input-indicators-local-authority-funding-from-government-grant,government,0.16666666666666666,0.75,0.0,0.0,0.25,0.5,0.0,0.0,0.7399999999999999,0.25,0.5,0.5,0.22916666666666666,0.1875,0.49749999999999994
opendatacommunities-net-additional-dwellings,government,0.16666666666666666,0.75,0.0,0.0,0.25,0.5,0.0,0.0,0.7399999999999999,0.25,0.5,0.5,0.22916666666666666,0.1875,0.49749999999999994
opendatacommunities-service-expenditure,government,0.16666666666666666,0.75,0.0,0.0,0.25,0.5,0.0,0.0,0.7783333333333333,0.5,0.5,0.5,0.22916666666666666,0.1875,0.5695833333333333
opendatacommunities-societal-wellbeing-deprivation-imd-education-rank-la-2010,government,0.16666666666666666,0.75,0.0,0.0,0.25,0.5,0.0,0.0,0.7783333333333333,0.5,0.5,0.5,0.22916666666666666,0.1875,0.5695833333333333
opendatacommunities-societal-wellbeing-deprivation-imd-employment-rank-la-2010,government,0.16666666666666666,0.75,0.0,0.0,0.25,0.5,0.0,0.0,0.7783333333333333,0.5,0.5,0.5,0.22916666666666666,0.1875,0.5695833333333333
opendatacommunities-societal-wellbeing-deprivation-imd-employment-score-2010,government,0.16666666666666666,0.75,0.0,0.0,0.25,0.5,0.0,0.0,0.7783333333333333,0.5,0.5,0.5,0.22916666666666666,0.1875,0.5695833333333333
opendatacommunities-societal-wellbeing-deprivation-imd-health-rank-la-2010,government,0.16666666666666666,0.75,0.0,0.0,0.25,0.5,0.0,0.0,0.7783333333333333,0.5,0.5,0.5,0.22916666666666666,0.1875,0.5695833333333333
opendatacommunities-societal-wellbeing-deprivation-imd-health-score-2010,government,0.16666666666666666,0.75,0.0,0.0,0.25,0.5,0.0,0.0,0.7783333333333333,0.5,0.5,0.5,0.22916666666666666,0.1875,0.5695833333333333
opendatacommunities-societal-wellbeing-deprivation-imd-housing-rank-la-2010,government,0.16666666666666666,0.75,0.0,0.0,0.25,0.5,0.0,0.0,0.7783333333333333,0.5,0.5,0.5,0.22916666666666666,0.1875,0.5695833333333333
opendatacommunities-societal-wellbeing-deprivation-imd-income-rank-la-2010,government,0.16666666666666666,0.75,0.0,0.0,0.25,0.5,0.0,0.0,0.7783333333333333,0.5,0.5,0.5,0.22916666666666666,0.1875,0.5695833333333333
opendatacommunities-societal-wellbeing-deprivation-imd-rank-2007,government,0.16666666666666666,0.75,0.0,0.0,0.25,0.5,0.0,0.0,0.7783333333333333,0.5,0.5,0.5,0.22916666666666666,0.1875,0.5695833333333333
opendatacommunities-societal-wellbeing-deprivation-imd-rank-2010,government,0.16666666666666666,0.75,0.0,0.0,0.25,0.5,0.0,0.0,0.7783333333333333,0.5,0.5,0.5,0.22916666666666666,0.1875,0.5695833333333333
opendatacommunities-societal-wellbeing-deprivation-imd-rank-la-2010,government,0.16666666666666666,0.75,0.0,0.0,0.25,0.5,0.0,0.0,0.7783333333333333,0.5,0.5,0.5,0.22916666666666666,0.1875,0.5695833333333333
opendatacommunities-societal-wellbeing-deprivation-imd-score-2010,government,0.16666666666666666,0.75,0.0,0.0,0.25,0.5,0.0,0.0,0.7783333333333333,0.5,0.5,0.5,0.22916666666666666,0.1875,0.5695833333333333
opendatacommunities-transparency-impact-indicators-affordable-housing-starts,government,0.16666666666666666,0.75,0.0,0.0,0.25,0.5,0.0,0.0,0.7399999999999999,0.25,0.5,0.5,0.22916666666666666,0.1875,0.49749999999999994
opendatacommunities-transparency-impact-indicators-households-in-temporary-accommodation,government,0.16666666666666666,0.75,0.0,0.0,0.25,0.5,0.0,0.0,0.7399999999999999,0.25,0.5,0.5,0.22916666666666666,0.1875,0.49749999999999994
opendatacommunities-transparency-impact-indicators-housing-starts,government,0.16666666666666666,0.75,0.0,0.0,0.25,0.5,0.0,0.0,0.7783333333333333,0.5,0.5,0.5,0.22916666666666666,0.1875,0.5695833333333333
opendatacommunities-transparency-impact-indicators-neighbourhood-plans,government,0.16666666666666666,0.75,0.0,0.0,0.25,0.5,0.0,0.0,0.7783333333333333,0.5,0.5,0.5,0.22916666666666666,0.1875,0.5695833333333333
opendatacommunities-transparency-impact-indicators-troubled-families,government,0.16666666666666666,0.75,0.0,0.0,0.25,0.5,0.0,0.0,0.7783333333333333,0.5,0.5,0.5,0.22916666666666666,0.1875,0.5695833333333333
opendatacommunities-transparency-input-indicators-local-authorities-working-with-troubled-families,government,0.16666666666666666,0.75,0.0,0.0,0.25,0.5,0.0,0.0,0.7399999999999999,0.25,0.5,0.5,0.22916666666666666,0.1875,0.49749999999999994
opendatacommunities-transparency-input-indicators-local-authority-funding-from-government-grant,government,0.16666666666666666,0.75,0.0,0.0,0.25,0.5,0.0,0.0,0.7783333333333333,0.5,0.5,0.5,0.22916666666666666,0.1875,0.5695833333333333
opendatacommunities-wellbeing-happy-yesterday-standard-deviation,government,0.16666666666666666,0.75,0.0,0.0,0.25,0.5,0.0,0.0,0.7783333333333333,0.5,0.5,0.5,0.22916666666666666,0.1875,0.5695833333333333
opendatacommunities-wellbeing-lsoa-happy-yesterday-mean,government,0.16666666666666666,0.75,0.0,0.0,0.25,0.5,0.0,0.0,0.7783333333333333,0.5,0.5,0.5,0.22916666666666666,0.1875,0.5695833333333333
opendatacommunities-wellbeing-worthwhile-mean,government,0.16666666666666666,0.75,0.0,0.0,0.25,0.5,0.0,0.0,0.7783333333333333,0.5,0.5,0.5,0.22916666666666666,0.1875,0.5695833333333333
opendatascotland-graph-education-pupils-by-school-and-datazone,government,0.16666666666666666,0.75,0.0,0.0,0.25,0.5,0.0,0.0,0.7399999999999999,0.25,0.5,0.5,0.22916666666666666,0.1875,0.49749999999999994
opendatascotland-graph-simd-rank,government,0.16666666666666666,0.75,0.0,0.0,0.25,0.5,0.0,0.0,0.7783333333333333,0.5,0.5,0.5,0.22916666666666666,0.1875,0.5695833333333333
opendatascotland-simd-crime-rank,government,0.16666666666666666,0.75,0.0,0.0,0.25,0.5,0.0,0.0,0.7399999999999999,0.25,0.5,0.5,0.22916666666666666,0.1875,0.49749999999999994
opendatascotland-simd-education-rank,government,0.16666666666666666,0.75,0.0,0.0,0.25,0.5,0.0,0.0,0.7399999999999999,0.25,0.5,0.5,0.22916666666666666,0.1875,0.49749999999999994
opendatascotland-simd-employment-rank,government,0.16666666666666666,0.75,0.0,0.0,0.25,0.5,0.0,0.0,0.7399999999999999,0.25,0.5,0.5,0.22916666666666666,0.1875,0.49749999999999994
opendatascotland-simd-geographic-access-rank,government,0.16666666666666666,0.75,0.0,0.0,0.25,0.5,0.0,0.0,0.7399999999999999,0.25,0.5,0.5,0.22916666666666666,0.1875,0.49749999999999994
opendatascotland-simd-health-rank,government,0.16666666666666666,0.75,0.0,0.0,0.25,0.5,0.0,0.0,0.7399999999999999,0.25,0.5,0.5,0.22916666666666666,0.1875,0.49749999999999994
opendatascotland-simd-housing-rank,government,0.16666666666666666,0.75,0.0,0.0,0.25,0.5,0.0,0.0,0.7399999999999999,0.25,0.5,0.5,0.22916666666666666,0.1875,0.49749999999999994
opendatascotland-simd-income-rank,government,0.16666666666666666,0.75,0.0,0.0,0.25,0.5,0.0,0.0,0.7399999999999999,0.25,0.5,0.5,0.22916666666666666,0.1875,0.49749999999999994
openlylocal,government,0.16666666666666666,1.0,0.6666666666666666,0.16666666666666666,0.75,0.5,0.6666666666666666,0.6666666666666666,0.7966666666666667,0.5,0.5,0.8333333333333334,0.5,0.6458333333333333,0.6575000000000001
patents-data-gov-uk,government,0.16666666666666666,1.0,0.6666666666666666,0.16666666666666666,0.75,0.5,1.0,0.6666666666666666,0.7783333333333333,0.25,0.5,0.5,0.5,0.7291666666666666,0.5070833333333333
prelex,government,0.16666666666666666,1.0,0.6666666666666666,0.16666666666666666,0.75,0.5,0.6666666666666666,0.6666666666666666,0.7966666666666667,0.5,0.5,0.5,0.5,0.6458333333333333,0.5741666666666667
public-spending-in-greece,government,0.16666666666666666,1.0,0.6666666666666666,0.16666666666666666,0.75,0.5,1.0,0.6666666666666666,0.7966666666666667,0.25,0.6666666666666666,1.0,0.5,0.7291666666666666,0.6783333333333333
rechtspraak,government,0.16666666666666666,1.0,0.6666666666666666,0.16666666666666666,0.75,0.5,1.0,0.6666666666666666,0.7966666666666667,0.25,0.5,0.8333333333333334,0.5,0.7291666666666666,0.5950000000000001
reference-data-gov-uk,government,0.16666666666666666,1.0,0.6666666666666666,0.16666666666666666,0.75,0.5,1.0,0.6666666666666666,0.7783333333333333,0.25,0.5,0.5,0.5,0.7291666666666666,0.5070833333333333
renewable_energy_generators,government,0.16666666666666666,1.0,0.6666666666666666,0.16666666666666666,0.75,0.5,1.0,0.6666666666666666,0.8150000000000001,0.5,0.6666666666666666,1.0,0.5,0.7291666666666666,0.7454166666666666
research-data-gov-uk,government,0.16666666666666666,1.0,0.6666666666666666,0.16666666666666666,0.75,0.5,1.0,0.6666666666666666,0.7783333333333333,0.25,0.5,0.5,0.5,0.7291666666666666,0.5070833333333333
rkb-explorer-cordis,government,0.16666666666666666,1.0,0.6666666666666666,0.16666666666666666,0.75,0.5,0.6666666666666666,0.6666666666666666,0.7783333333333333,0.25,0.5,0.5,0.5,0.6458333333333333,0.5070833333333333
sec-rdfabout,government,0.16666666666666666,1.0,0.6666666666666666,0.16666666666666666,0.75,0.5,1.0,0.6666666666666666,0.7966666666666667,0.25,0.5,0.8333333333333334,0.5,0.7291666666666666,0.5950000000000001
semantic-xbrl,government,0.16666666666666666,1.0,0.6666666666666666,0.16666666666666666,0.75,0.5,0.6666666666666666,0.6666666666666666,0.7966666666666667,0.5,0.5,0.8333333333333334,0.5,0.6458333333333333,0.6575000000000001
statistics-data-gov-uk,government,0.16666666666666666,1.0,0.6666666666666666,0.16666666666666666,0.75,0.5,1.0,0.6666666666666666,0.7783333333333333,0.25,0.5,0.5,0.5,0.7291666666666666,0.5070833333333333
the-eurostat-linked-data,government,0.16666666666666666,1.0,0.6666666666666666,0.16666666666666666,0.75,0.5,0.6666666666666666,0.6666666666666666,0.7783333333333333,0.25,0.6666666666666666,0.6666666666666666,0.5,0.6458333333333333,0.5904166666666666
tip,government,0.16666666666666666,1.0,0.6666666666666666,0.16666666666666666,0.75,0.5,0.6666666666666666,0.6666666666666666,0.7600000000000001,0.25,0.5,0.5,0.5,0.6458333333333333,0.5025000000000001
traffic-scotland,government,0.16666666666666666,1.0,0.6666666666666666,0.16666666666666666,0.75,0.5,1.0,0.6666666666666666,0.7966666666666667,0.25,0.5,0.8333333333333334,0.5,0.7291666666666666,0.5950000000000001
transparency-linked-data,government,0.16666666666666666,1.0,0.6666666666666666,0.16666666666666666,0.75,0.5,0.6666666666666666,0.6666666666666666,0.7966666666666667,0.25,0.5,0.8333333333333334,0.5,0.6458333333333333,0.5950000000000001
transport-data-gov-uk,government,0.16666666666666666,1.0,0.6666666666666666,0.16666666666666666,0.75,0.5,1.0,0.6666666666666666,0.7966666666666667,0.5,0.6666666666666666,0.6666666666666666,0.5,0.7291666666666666,0.6575
twc-logd,government,0.16666666666666666,1.0,0.6666666666666666,0.16666666666666666,0.75,0.5,0.6666666666666666,0.6666666666666666,0.7783333333333333,0.25,0.5,0.8333333333333334,0.5,0.6458333333333333,0.5904166666666667
uis-linked-data,government,0.16666666666666666,1.0,0.6666666666666666,0.16666666666666666,0.75,0.5,0.6666666666666666,0.6666666666666666,0.7966666666666667,0.25,0.6666666666666666,1.0,0.5,0.6458333333333333,0.6783333333333333
uk-legislation-api,government,0.16666666666666666,1.0,0.6666666666666666,0.16666666666666666,0.75,0.5,0.6666666666666666,0.6666666666666666,0.7966666666666667,0.5,0.5,0.8333333333333334,0.5,0.6458333333333333,0.6575000000000001
umthes,government,0.16666666666666666,1.0,0.6666666666666666,0.16666666666666666,0.75,0.5,0.6666666666666666,0.6666666666666666,0.7966666666666667,0.5,0.5,0.8333333333333334,0.5,0.6458333333333333,0.6575000000000001
unodc,government,0.16666666666666666,1.0,0.6666666666666666,0.16666666666666666,0.75,0.5,0.6666666666666666,0.6666666666666666,0.7966666666666667,0.5,0.5,0.5,0.5,0.6458333333333333,0.5741666666666667
world-bank-linked-data,government,0.16666666666666666,1.0,0.6666666666666666,0.16666666666666666,0.75,0.5,0.6666666666666666,0.6666666666666666,0.7966666666666667,0.25,0.6666666666666666,1.0,0.5,0.6458333333333333,0.6783333333333333
world-factbook-fu-berlin,government,0.16666666666666666,1.0,0.6666666666666666,0.16666666666666666,0.75,0.5,0.6666666666666666,0.6666666666666666,0.7783333333333333,0.25,0.6666666666666666,0.6666666666666666,0.5,0.6458333333333333,0.5904166666666666
zaragoza-datosabiertos,government,0.16666666666666666,1.0,0.6666666666666666,0.16666666666666666,0.75,0.5,0.6666666666666666,0.6666666666666666,0.7783333333333333,0.5,0.6666666666666666,0.6666666666666666,0.5,0.6458333333333333,0.6529166666666666
zaragoza_turruta,government,0.16666666666666666,1.0,0.6666666666666666,0.16666666666666666,0.75,0.5,0.6666666666666666,0.6666666666666666,0.7216666666666667,0.25,0.5,0.16666666666666666,0.5,0.6458333333333333,0.40958333333333335
BibSonomy,publications,0.16666666666666666,1.0,0.6666666666666666,0.16666666666666666,0.75,0.5,1.0,0.6666666666666666,0.7966666666666667,0.5,0.5,0.8333333333333334,0.5,0.7291666666666666,0.6575000000000001
agris,publications,0.16666666666666666,1.0,0.6666666666666666,0.16666666666666666,0.75,0.5,1.0,0.6666666666666666,0.8150000000000001,0.5,0.5,0.8333333333333334,0.5,0.7291666666666666,0.6620833333333334
aliada-scanbit-net,publications,0.16666666666666666,1.0,0.6666666666666666,0.16666666666666666,0.75,0.5,1.0,0.6666666666666666,0.7966666666666667,0.25,0.5,0.8333333333333334,0.5,0.7291666666666666,0.5950000000000001
amsterdam-museum-as-edm-lod,publications,0.16666666666666666,1.0,0.6666666666666666,0.16666666666666666,0.75,0.5,1.0,0.6666666666666666,0.8150000000000001,0.5,0.5,0.8333333333333334,0.5,0.7291666666666666,0.6620833333333334
b3kat,publications,0.16666666666666666,1.0,0.6666666666666666,0.16666666666666666,0.75,0.5,0.6666666666666666,0.6666666666666666,0.8150000000000001,1.0,0.6666666666666666,1.0,0.5,0.6458333333333333,0.8704166666666666
bibbase,publications,0.16666666666666666,1.0,0.6666666666666666,0.16666666666666666,0.75,0.5,1.0,0.6666666666666666,0.7966666666666667,0.25,0.6666666666666666,1.0,0.5,0.7291666666666666,0.6783333333333333
biblioteca-nacional-escolar-bnescolar,publications,0.16666666666666666,1.0,0.6666666666666666,0.16666666666666666,0.75,0.5,0.6666666666666666,0.6666666666666666,0.7783333333333333,0.5,0.6666666666666666,0.6666666666666666,0.5,0.6458333333333333,0.6529166666666666
bluk-bnb,publications,0.16666666666666666,1.0,0.6666666666666666,0.16666666666666666,0.75,0.5,1.0,0.6666666666666666,0.7966666666666667,0.25,0.5,0.8333333333333334,0.5,0.7291666666666666,0.5950000000000001
bncf-ns,publications,0.16666666666666666,1.0,0.6666666666666666,0.16666666666666666,0.75,0.5,1.0,0.6666666666666666,0.9816666666666668,1.0,0.5,0.8333333333333334,0.5,0.7291666666666666,0.8287500000000001
bpr,publications,0.16666666666666666,1.0,0.6666666666666666,0.16666666666666666,0.75,0.5,0.6666666666666666,0.6666666666666666,0.8150000000000001,1.0,0.5,0.8333333333333334,0.5,0.6458333333333333,0.7870833333333334
calames,publications,0.16666666666666666,1.0,0.6666666666666666,0.16666666666666666,0.75,0.5,0.6666666666666666,0.6666666666666666,0.7783333333333333,0.5,0.5,0.5,0.5,0.6458333333333333,0.5695833333333333
data-bnf-fr,publications,0.16666666666666666,1.0,0.6666666666666666,0.16666666666666666,0.75,0.5,1.0,0.6666666666666666,0.8300000000000001,1.0,0.6666666666666666,0.6666666666666666,0.5,0.7291666666666666,0.7908333333333333
data-hnm-hu,publications,0.16666666666666666,1.0,0.6666666666666666,0.16666666666666666,0.75,0.5,1.0,0.6666666666666666,0.8150000000000001,0.5,0.5,0.8333333333333334,0.5,0.7291666666666666,0.6620833333333334
data-incubator-our-airports,publications,0.16666666666666666,1.0,0.6666666666666666,0.16666666666666666,0.75,0.5,1.0,0.6666666666666666,0.7600000000000001,0.25,0.5,0.5,0.5,0.7291666666666666,0.5025000000000001
data-persee-fr,publications,0.16666666666666666,1.0,0.6666666666666666,0.16666666666666666,0.75,0.5,0.6666666666666666,0.6666666666666666,0.9816666666666668,1.0,0.6666666666666666,1.0,0.5,0.6458333333333333,0.9120833333333334
data-szepmuveszeti-hu,publications,0.16666666666666666,1.0,0.6666666666666666,0.16666666666666666,0.75,0.5,1.0,0.6666666666666666,0.7966666666666667,0.25,0.5,0.8333333333333334,0.5,0.7291666666666666,0.5950000000000001
datos-artium-org,publications,0.16666666666666666,1.0,0.6666666666666666,0.16666666666666666,0.75,0.5,1.0,0.6666666666666666,0.7966666666666667,0.25,0.5,0.8333333333333334,0.5,0.7291666666666666,0.5950000000000001
datos-bne-es,publications,0.16666666666666666,1.0,0.6666666666666666,0.16666666666666666,0.75,0.5,1.0,0.6666666666666666,0.8150000000000001,1.0,0.5,0.8333333333333334,0.5,0.7291666666666666,0.7870833333333334
dbpedia,publications,0.16666666666666666,1.0,0.6666666666666666,0.16666666666666666,0.75,0.5,1.0,0.6666666666666666,1.0,1.0,1.0,1.0,0.5,0.7291666666666666,1.0
dcs-sheffield,publications,0.16666666666666666,1.0,0.6666666666666666,0.16666666666666666,0.75,0.5,0.6666666666666666,0.6666666666666666,0.7600000000000001,0.25,0.6666666666666666,0.6666666666666666,0.5,0.6458333333333333,0.5858333333333333
deutsche-nationalbibliografie-dnb,publications,0.16666666666666666,1.0,0.6666666666666666,0.16666666666666666,0.75,0.5,1.0,0.6666666666666666,0.7966666666666667,0.5,0.6666666666666666,1.0,0.5,0.7291666666666666,0.7408333333333333
dev8d,publications,0.16666666666666666,0.75,0.0,0.0,0.25,0.5,0.0,0.0,0.7399999999999999,0.25,0.5,0.5,0.22916666666666666,0.1875,0.49749999999999994
dewey_decimal_classification,publications,0.16666666666666666,1.0,0.6666666666666666,0.16666666666666666,0.75,0.5,0.6666666666666666,0.6666666666666666,0.7783333333333333,0.25,0.5,0.8333333333333334,0.5,0.6458333333333333,0.5904166666666667
dm2e,publications,0.16666666666666666,1.0,0.6666666666666666,0.16666666666666666,0.75,0.5,0.6666666666666666,0.6666666666666666,0.7783333333333333,0.25,0.5,0.8333333333333334,0.5,0.6458333333333333,0.5904166666666667
doi,publications,0.16666666666666666,1.0,0.6666666666666666,0.16666666666666666,0.75,0.5,1.0,0.6666666666666666,0.7783333333333333,0.5,0.5,0.5,0.5,0.7291666666666666,0.5695833333333333
dws-group,publications,0.16666666666666666,1.0,0.6666666666666666,0.16666666666666666,0.75,0.5,1.0,0.6666666666666666,0.7399999999999999,0.25,0.5,0.5,0.5,0.7291666666666666,0.49749999999999994
ecs,publications,0.16666666666666666,1.0,0.6666666666666666,0.16666666666666666,0.75,0.5,1.0,0.6666666666666666,0.7783333333333333,0.25,0.5,0.8333333333333334,0.5,0.7291666666666666,0.5904166666666667
eprints-harvest-rkbexplorer,publications,0.16666666666666666,1.0,0.6666666666666666,0.16666666666666666,0.75,0.5,0.6666666666666666,0.6666666666666666,0.7966666666666667,0.25,0.6666666666666666,1.0,0.5,0.6458333333333333,0.6783333333333333
eur-lex-rdf,publications,0.16666666666666666,1.0,0.6666666666666666,0.16666666666666666,0.75,0.5,0.6666666666666666,0.6666666666666666,0.7966666666666667,0.5,0.5,0.5,0.5,0.6458333333333333,0.5741666666666667
europeana-lod-v1,publications,0.16666666666666666,1.0,0.6666666666666666,0.16666666666666666,0.75,0.5,0.6666666666666666,0.6666666666666666,0.7966666666666667,0.5,0.6666666666666666,1.0,0.5,0.6458333333333333,0.7408333333333333
freeyork-org,publications,0.16666666666666666,1.0,0.6666666666666666,0.16666666666666666,0.75,0.5,1.0,0.6666666666666666,0.7783333333333333,0.25,0.5,0.8333333333333334,0.5,0.7291666666666666,0.5904166666666667
fu-berlin-dblp,publications,0.16666666666666666,1.0,0.6666666666666666,0.16666666666666666,0.75,0.5,0.6666666666666666,0.6666666666666666,0.7600000000000001,0.25,0.5,0.5,0.5,0.6458333333333333,0.5025000000000001
fu-berlin-project-gutenberg,publications,0.16666666666666666,1.0,0.6666666666666666,0.16666666666666666,0.75,0.5,0.6666666666666666,0.6666666666666666,0.7600000000000001,0.25,0.5,0.5,0.5,0.6458333333333333,0.5025000000000001
geospatialworld-net,publications,0.16666666666666666,1.0,0.6666666666666666,0.16666666666666666,0.75,0.5,1.0,0.6666666666666666,0.7783333333333333,0.25,0.5,0.8333333333333334,0.5,0.7291666666666666,0.5904166666666667
german-labor-law-thesaurus,publications,0.16666666666666666,1.0,0.6666666666666666,0.16666666666666666,0.75,0.5,0.6666666666666666,0.6666666666666666,0.7966666666666667,0.25,0.6666666666666666,1.0,0.5,0.6458333333333333,0.6783333333333333
gesis-thesoz,publications,0.16666666666666666,1.0,0.6666666666666666,0.16666666666666666,0.75,0.5,1.0,0.6666666666666666,0.7966666666666667,0.25,0.6666666666666666,1.0,0.5,0.7291666666666666,0.6783333333333333
gutenberg,publications,0.16666666666666666,1.0,0.6666666666666666,0.16666666666666666,0.75,0.5,1.0,0.6666666666666666,0.7966666666666667,0.5,0.6666666666666666,1.0,0.5,0.7291666666666666,0.7408333333333333
hedatuz,publications,0.16666666666666666,1.0,0.6666666666666666,0.16666666666666666,0.875,0.5,0.6666666666666666,0.6666666666666666,0.7966666666666667,0.25,0.6666666666666666,1.0,0.5,0.6770833333333333,0.6783333333333333
hungarian-national-library-catalog,publications,0.16666666666666666,1.0,0.6666666666666666,0.16666666666666666,0.75,0.5,0.6666666666666666,0.6666666666666666,0.7783333333333333,0.25,0.5,0.8333333333333334,0.5,0.6458333333333333,0.5904166666666667
idreffr,publications,0.16666666666666666,1.0,0.6666666666666666,0.16666666666666666,0.75,0.5,1.0,0.6666666666666666,0.7783333333333333,0.5,0.5,0.5,0.5,0.7291666666666666,0.5695833333333333
isil-dbpedia,publications,0.16666666666666666,1.0,0.6666666666666666,0.16666666666666666,0.75,0.5,0.6666666666666666,0.6666666666666666,0.7783333333333333,0.25,0.5,0.8333333333333334,0.5,0.6458333333333333,0.5904166666666667
italian-public-schools-linkedopendata-it,publications,0.16666666666666666,1.0,0.6666666666666666,0.16666666666666666,0.75,0.5,1.0,0.6666666666666666,0.7966666666666667,0.25,0.6666666666666666,1.0,0.5,0.7291666666666666,0.6783333333333333
jita,publications,0.16666666666666666,1.0,0.6666666666666666,0.16666666666666666,0.75,0.5,1.0,0.6666666666666666,0.8150000000000001,0.5,0.6666666666666666,1.0,0.5,0.7291666666666666,0.7454166666666666
l3s-dblp,publications,0.16666666666666666,1.0,0.6666666666666666,0.16666666666666666,0.75,0.5,0.6666666666666666,0.6666666666666666,0.7783333333333333,0.25,0.5,0.5,0.5,0.6458333333333333,0.5070833333333333
lcsh,publications,0.16666666666666666,1.0,0.6666666666666666,0.16666666666666666,0.75,0.5,0.6666666666666666,0.6666666666666666,0.7783333333333333,0.5,0.6666666666666666,0.6666666666666666,0.5,0.6458333333333333,0.6529166666666666
lcsubjects,publications,0.16666666666666666,1.0,0.6666666666666666,0.16666666666666666,0.75,0.5,1.0,0.6666666666666666,0.7600000000000001,0.25,0.5,0.5,0.5,0.7291666666666666,0.5025000000000001
libris,publications,0.16666666666666666,1.0,0.6666666666666666,0.16666666666666666,0.75,0.5,0.6666666666666666,0.6666666666666666,0.8483333333333333,1.0,0.5,0.8333333333333334,0.5,0.6458333333333333,0.7954166666666667
libver,publications,0.16666666666666666,1.0,0.6666666666666666,0.16666666666666666,0.75,0.5,1.0,0.6666666666666666,0.7966666666666667,0.25,0.6666666666666666,1.0,0.5,0.7291666666666666,0.6783333333333333
linked-periodicals,publications,0.16666666666666666,1.0,0.6666666666666666,0.16666666666666666,0.75,0.5,1.0,0.6666666666666666,0.7600000000000001,0.25,0.6666666666666666,0.6666666666666666,0.5,0.7291666666666666,0.5858333333333333
linkedlccn,publications,0.16666666666666666,1.0,0.6666666666666666,0.16666666666666666,0.75,0.5,1.0,0.6666666666666666,0.7600000000000001,0.25,0.5,0.5,0.5,0.7291666666666666,0.5025000000000001
lista-encabezamientos-materia,publications,0.16666666666666666,1.0,0.6666666666666666,0.16666666666666666,0.75,0.5,0.6666666666666666,0.6666666666666666,0.7966666666666667,0.25,0.5,0.8333333333333334,0.5,0.6458333333333333,0.5950000000000001
lobid-resources,publications,0.16666666666666666,1.0,0.6666666666666666,0.16666666666666666,0.75,0.5,0.6666666666666666,0.6666666666666666,0.8150000000000001,0.5,0.6666666666666666,1.0,0.5,0.6458333333333333,0.7454166666666666
marc-codes,publications,0.16666666666666666,1.0,0.6666666666666666,0.16666666666666666,0.75,0.5,0.6666666666666666,0.6666666666666666,0.7399999999999999,0.25,0.5,0.5,0.5,0.6458333333333333,0.49749999999999994
medline,publications,0.16666666666666666,0.75,0.0,0.0,0.25,0.5,0.0,0.0,0.7783333333333333,0.25,0.5,0.8333333333333334,0.22916666666666666,0.1875,0.5904166666666667
mismuseos-gnoss,publications,0.16666666666666666,1.0,0.6666666666666666,0.16666666666666666,0.75,0.5,1.0,0.6666666666666666,0.7966666666666667,0.5,0.5,0.8333333333333334,0.5,0.7291666666666666,0.6575000000000001
morelab,publications,0.16666666666666666,1.0,0.6666666666666666,0.16666666666666666,0.75,0.5,1.0,0.6666666666666666,0.7783333333333333,0.25,0.6666666666666666,0.6666666666666666,0.5,0.7291666666666666,0.5904166666666666
msc,publications,0.16666666666666666,1.0,0.6666666666666666,0.16666666666666666,0.75,0.5,1.0,0.6666666666666666,0.7966666666666667,0.375,0.6666666666666666,1.0,0.5,0.7291666666666666,0.7095833333333333
national-library-of-greece-authority-records,publications,0.16666666666666666,1.0,0.6666666666666666,0.16666666666666666,0.75,0.5,0.6666666666666666,0.6666666666666666,0.7783333333333333,0.25,0.5,0.5,0.5,0.6458333333333333,0.5070833333333333
ntnusc,publications,0.16666666666666666,1.0,0.6666666666666666,0.16666666666666666,0.75,0.5,1.0,0.6666666666666666,0.8150000000000001,0.5,0.5,0.8333333333333334,0.5,0.7291666666666666,0.6620833333333334
nvd,publications,0.16666666666666666,1.0,0.6666666666666666,0.16666666666666666,0.75,0.5,1.0,0.6666666666666666,0.8150000000000001,0.5,0.5,0.8333333333333334,0.5,0.7291666666666666,0.6620833333333334
oclc-fast,publications,0.16666666666666666,1.0,0.6666666666666666,0.16666666666666666,0.75,0.5,1.0,0.6666666666666666,0.7966666666666667,0.5,0.6666666666666666,1.0,0.5,0.7291666666666666,0.7408333333333333
open-library,publications,0.16666666666666666,1.0,0.6666666666666666,0.16666666666666666,0.75,0.5,0.6666666666666666,0.6666666666666666,0.7783333333333333,0.5,0.6666666666666666,0.6666666666666666,0.5,0.6458333333333333,0.6529166666666666
opendataec,publications,0.16666666666666666,1.0,0.6666666666666666,0.16666666666666666,0.75,0.5,0.6666666666666666,0.6666666666666666,0.7783333333333333,0.25,0.5,0.8333333333333334,0.5,0.6458333333333333,0.5904166666666667
oreilly,publications,0.16666666666666666,0.75,0.0,0.0,0.25,0.5,0.0,0.0,0.7600000000000001,0.25,0.5,0.5,0.22916666666666666,0.1875,0.5025000000000001
periodo,publications,0.16666666666666666,1.0,0.6666666666666666,0.16666666666666666,0.75,0.5,0.6666666666666666,0.6666666666666666,0.7966666666666667,0.5,0.5,0.8333333333333334,0.5,0.6458333333333333,0.6575000000000001
planetdata-project-wiki,publications,0.16666666666666666,1.0,0.6666666666666666,0.16666666666666666,0.75,0.5,1.0,0.6666666666666666,0.7399999999999999,0.25,0.5,0.5,0.5,0.7291666666666666,0.49749999999999994
princeton-library-findingaids,publications,0.16666666666666666,1.0,0.6666666666666666,0.16666666666666666,0.75,0.5,0.6666666666666666,0.6666666666666666,0.7783333333333333,0.5,0.5,0.5,0.5,0.6458333333333333,0.5695833333333333
printed-book-auction-catalogues,publications,0.16666666666666666,1.0,0.6666666666666666,0.16666666666666666,0.75,0.5,1.0,0.6666666666666666,0.7966666666666667,0.25,0.5,0.8333333333333334,0.5,0.7291666666666666,0.5950000000000001
psh-subject-headings,publications,0.16666666666666666,1.0,0.6666666666666666,0.16666666666666666,0.75,0.5,1.0,0.6666666666666666,0.7966666666666667,0.5,0.5,0.8333333333333334,0.5,0.7291666666666666,0.6575000000000001
radatana,publications,0.16666666666666666,1.0,0.6666666666666666,0.16666666666666666,0.75,0.5,1.0,0.6666666666666666,0.8150000000000001,0.5,0.6666666666666666,1.0,0.5,0.7291666666666666,0.7454166666666666
rainis-and-aspazija-linked-digital-collection,publications,0.16666666666666666,1.0,0.6666666666666666,0.16666666666666666,0.75,0.5,1.0,0.6666666666666666,0.7783333333333333,0.5,0.5,0.5,0.5,0.7291666666666666,0.5695833333333333
rdf-book-mashup,publications,0.16666666666666666,1.0,0.6666666666666666,0.16666666666666666,0.75,0.5,0.6666666666666666,0.6666666666666666,0.7399999999999999,0.25,0.5,0.5,0.5,0.6458333333333333,0.49749999999999994
reload,publications,0.16666666666666666,1.0,0.6666666666666666,0.16666666666666666,0.75,0.5,1.0,0.6666666666666666,0.9788,1.0,0.5,0.8333333333333334,0.5,0.7291666666666666,0.8280333333333334
rism-authorities,publications,0.16666666666666666,1.0,0.6666666666666666,0.16666666666666666,0.75,0.5,1.0,0.6666666666666666,0.9816666666666668,1.0,0.6666666666666666,1.0,0.5,0.7291666666666666,0.9120833333333334
rkb-explorer-acm,publications,0.16666666666666666,1.0,0.6666666666666666,0.16666666666666666,0.75,0.5,0.6666666666666666,0.6666666666666666,0.7783333333333333,0.25,0.5,0.5,0.5,0.6458333333333333,0.5070833333333333
rkb-explorer-budapest,publications,0.16666666666666666,1.0,0.6666666666666666,0.16666666666666666,0.75,0.5,0.6666666666666666,0.6666666666666666,0.7783333333333333,0.25,0.5,0.5,0.5,0.6458333333333333,0.5070833333333333
rkb-explorer-citeseer,publications,0.16666666666666666,1.0,0.6666666666666666,0.16666666666666666,0.75,0.5,0.6666666666666666,0.6666666666666666,0.7783333333333333,0.25,0.5,0.5,0.5,0.6458333333333333,0.5070833333333333
rkb-explorer-courseware,publications,0.16666666666666666,1.0,0.6666666666666666,0.16666666666666666,0.75,0.5,0.6666666666666666,0.6666666666666666,0.7783333333333333,0.25,0.5,0.5,0.5,0.6458333333333333,0.5070833333333333
rkb-explorer-curriculum,publications,0.16666666666666666,1.0,0.6666666666666666,0.16666666666666666,0.75,0.5,0.6666666666666666,0.6666666666666666,0.7783333333333333,0.25,0.5,0.5,0.5,0.6458333333333333,0.5070833333333333
rkb-explorer-darmstadt,publications,0.16666666666666666,1.0,0.6666666666666666,0.16666666666666666,0.75,0.5,0.6666666666666666,0.6666666666666666,0.7783333333333333,0.25,0.5,0.5,0.5,0.6458333333333333,0.5070833333333333
rkb-explorer-dblp,publications,0.16666666666666666,1.0,0.6666666666666666,0.16666666666666666,0.75,0.5,0.6666666666666666,0.6666666666666666,0.7783333333333333,0.25,0.5,0.5,0.5,0.6458333333333333,0.5070833333333333
rkb-explorer-deepblue,publications,0.16666666666666666,1.0,0.6666666666666666,0.16666666666666666,0.75,0.5,0.6666666666666666,0.6666666666666666,0.7966666666666667,0.25,0.5,0.8333333333333334,0.5,0.6458333333333333,0.5950000000000001
rkb-explorer-deploy,publications,0.16666666666666666,1.0,0.6666666666666666,0.16666666666666666,0.75,0.5,0.6666666666666666,0.6666666666666666,0.7783333333333333,0.25,0.5,0.5,0.5,0.6458333333333333,0.5070833333333333
rkb-explorer-dotac,publications,0.16666666666666666,1.0,0.6666666666666666,0.16666666666666666,0.75,0.5,0.6666666666666666,0.6666666666666666,0.7783333333333333,0.25,0.5,0.5,0.5,0.6458333333333333,0.5070833333333333
rkb-explorer-eprints,publications,0.16666666666666666,1.0,0.6666666666666666,0.16666666666666666,0.75,0.5,0.6666666666666666,0.6666666666666666,0.7783333333333333,0.25,0.5,0.5,0.5,0.6458333333333333,0.5070833333333333
rkb-explorer-epsrc,publications,0.16666666666666666,1.0,0.6666666666666666,0.16666666666666666,0.75,0.5,0.6666666666666666,0.6666666666666666,0.7783333333333333,0.25,0.5,0.5,0.5,0.6458333333333333,0.5070833333333333
rkb-explorer-era,publications,0.16666666666666666,1.0,0.6666666666666666,0.16666666666666666,0.75,0.5,0.6666666666666666,0.6666666666666666,0.7783333333333333,0.25,0.5,0.5,0.5,0.6458333333333333,0.5070833333333333
rkb-explorer-eurecom,publications,0.16666666666666666,1.0,0.6666666666666666,0.16666666666666666,0.75,0.5,0.6666666666666666,0.6666666666666666,0.7783333333333333,0.25,0.5,0.5,0.5,0.6458333333333333,0.5070833333333333
rkb-explorer-ft,publications,0.16666666666666666,1.0,0.6666666666666666,0.16666666666666666,0.75,0.5,0.6666666666666666,0.6666666666666666,0.7783333333333333,0.25,0.5,0.5,0.5,0.6458333333333333,0.5070833333333333
rkb-explorer-fun,publications,0.16666666666666666,1.0,0.6666666666666666,0.16666666666666666,0.75,0.5,0.6666666666666666,0.6666666666666666,0.7783333333333333,0.25,0.5,0.5,0.5,0.6458333333333333,0.5070833333333333
rkb-explorer-gdlc,publications,0.16666666666666666,1.0,0.6666666666666666,0.16666666666666666,0.75,0.5,0.6666666666666666,0.6666666666666666,0.7783333333333333,0.25,0.5,0.5,0.5,0.6458333333333333,0.5070833333333333
rkb-explorer-ibm,publications,0.16666666666666666,1.0,0.6666666666666666,0.16666666666666666,0.75,0.5,0.6666666666666666,0.6666666666666666,0.7783333333333333,0.25,0.5,0.5,0.5,0.6458333333333333,0.5070833333333333
rkb-explorer-ieee,publications,0.16666666666666666,1.0,0.6666666666666666,0.16666666666666666,0.75,0.5,0.6666666666666666,0.6666666666666666,0.7783333333333333,0.25,0.5,0.5,0.5,0.6458333333333333,0.5070833333333333
rkb-explorer-irit,publications,0.16666666666666666,1.0,0.6666666666666666,0.16666666666666666,0.75,0.5,0.6666666666666666,0.6666666666666666,0.7783333333333333,0.25,0.5,0.5,0.5,0.6458333333333333,0.5070833333333333
rkb-explorer-italy,publications,0.16666666666666666,1.0,0.6666666666666666,0.16666666666666666,0.75,0.5,0.6666666666666666,0.6666666666666666,0.7783333333333333,0.25,0.5,0.5,0.5,0.6458333333333333,0.5070833333333333
rkb-explorer-jisc,publications,0.16666666666666666,1.0,0.6666666666666666,0.16666666666666666,0.75,0.5,0.6666666666666666,0.6666666666666666,0.7783333333333333,0.25,0.5,0.5,0.5,0.6458333333333333,0.5070833333333333
rkb-explorer-kaunas,publications,0.16666666666666666,1.0,0.6666666666666666,0.16666666666666666,0.75,0.5,0.6666666666666666,0.6666666666666666,0.7783333333333333,0.25,0.5,0.5,0.5,0.6458333333333333,0.5070833333333333
rkb-explorer-kisti,publications,0.16666666666666666,1.0,0.6666666666666666,0.16666666666666666,0.75,0.5,0.6666666666666666,0.6666666666666666,0.7783333333333333,0.25,0.5,0.5,0.5,0.6458333333333333,0.5070833333333333
rkb-explorer-laas,publications,0.16666666666666666,1.0,0.6666666666666666,0.16666666666666666,0.75,0.5,0.6666666666666666,0.6666666666666666,0.7783333333333333,0.25,0.5,0.5,0.5,0.6458333333333333,0.5070833333333333
rkb-explorer-lisbon,publications,0.16666666666666666,1.0,0.6666666666666666,0.16666666666666666,0.75,0.5,0.6666666666666666,0.6666666666666666,0.7783333333333333,0.25,0.5,0.5,0.5,0.6458333333333333,0.5070833333333333
rkb-explorer-newcastle,publications,0.16666666666666666,1.0,0.6666666666666666,0.16666666666666666,0.75,0.5,0.6666666666666666,0.6666666666666666,0.7966666666666667,0.25,0.5,0.8333333333333334,0.5,0.6458333333333333,0.5950000000000001
rkb-explorer-nsf,publications,0.16666666666666666,1.0,0.6666666666666666,0.16666666666666666,0.75,0.5,0.6666666666666666,0.6666666666666666,0.7783333333333333,0.25,0.5,0.5,0.5,0.6458333333333333,0.5070833333333333
rkb-explorer-oai,publications,0.16666666666666666,1.0,0.6666666666666666,0.16666666666666666,0.75,0.5,0.6666666666666666,0.6666666666666666,0.7783333333333333,0.25,0.6666666666666666,0.6666666666666666,0.5,0.6458333333333333,0.5904166666666666
rkb-explorer-os,publications,0.16666666666666666,1.0,0.6666666666666666,0.16666666666666666,0.75,0.5,0.6666666666666666,0.6666666666666666,0.7783333333333333,0.25,0.5,0.5,0.5,0.6458333333333333,0.5070833333333333
rkb-explorer-photos,publications,0.16666666666666666,1.0,0.6666666666666666,0.16666666666666666,0.75,0.5,0.6666666666666666,0.6666666666666666,0.7783333333333333,0.25,0.5,0.5,0.5,0.6458333333333333,0.5070833333333333
rkb-explorer-pisa,publications,0.16666666666666666,1.0,0.6666666666666666,0.16666666666666666,0.75,0.5,0.6666666666666666,0.6666666666666666,0.7783333333333333,0.25,0.5,0.5,0.5,0.6458333333333333,0.5070833333333333
rkb-explorer-rae2001,publications,0.16666666666666666,1.0,0.6666666666666666,0.16666666666666666,0.75,0.5,0.6666666666666666,0.6666666666666666,0.7783333333333333,0.25,0.5,0.5,0.5,0.6458333333333333,0.5070833333333333
rkb-explorer-resex,publications,0.16666666666666666,1.0,0.6666666666666666,0.16666666666666666,0.75,0.5,0.6666666666666666,0.6666666666666666,0.7783333333333333,0.25,0.5,0.5,0.5,0.6458333333333333,0.5070833333333333
rkb-explorer-risks,publications,0.16666666666666666,1.0,0.6666666666666666,0.16666666666666666,0.75,0.5,0.6666666666666666,0.6666666666666666,0.7783333333333333,0.25,0.5,0.5,0.5,0.6458333333333333,0.5070833333333333
rkb-explorer-roma,publications,0.16666666666666666,1.0,0.6666666666666666,0.16666666666666666,0.75,0.5,0.6666666666666666,0.6666666666666666,0.7783333333333333,0.25,0.5,0.5,0.5,0.6458333333333333,0.5070833333333333
rkb-explorer-southampton,publications,0.16666666666666666,1.0,0.6666666666666666,0.16666666666666666,0.75,0.5,0.6666666666666666,0.6666666666666666,0.7783333333333333,0.25,0.5,0.5,0.5,0.6458333333333333,0.5070833333333333
rkb-explorer-ulm,publications,0.16666666666666666,1.0,0.6666666666666666,0.16666666666666666,0.75,0.5,0.6666666666666666,0.6666666666666666,0.7783333333333333,0.25,0.5,0.5,0.5,0.6458333333333333,0.5070833333333333
rkb-explorer-unlocode,publications,0.16666666666666666,1.0,0.6666666666666666,0.16666666666666666,0.75,0.5,0.6666666666666666,0.6666666666666666,0.7783333333333333,0.25,0.5,0.5,0.5,0.6458333333333333,0.5070833333333333
rkb-explorer-webconf,publications,0.16666666666666666,1.0,0.6666666666666666,0.16666666666666666,0.75,0.5,1.0,0.6666666666666666,0.7783333333333333,0.25,0.5,0.5,0.5,0.7291666666666666,0.5070833333333333
rkb-explorer-wiki,publications,0.16666666666666666,1.0,0.6666666666666666,0.16666666666666666,0.75,0.5,0.6666666666666666,0.6666666666666666,0.7783333333333333,0.25,0.5,0.5,0.5,0.6458333333333333,0.5070833333333333
scholarometer,publications,0.16666666666666666,1.0,0.6666666666666666,0.16666666666666666,0.75,0.5,0.6666666666666666,0.6666666666666666,0.7600000000000001,0.25,0.5,0.5,0.5,0.6458333333333333,0.5025000000000001
semantic-web-dog-food,publications,0.16666666666666666,1.0,0.6666666666666666,0.16666666666666666,0.75,0.5,0.6666666666666666,0.6666666666666666,0.7783333333333333,0.25,0.5,0.5,0.5,0.6458333333333333,0.5070833333333333
shoah-victims-names,publications,0.16666666666666666,1.0,0.6666666666666666,0.16666666666666666,0.75,0.5,1.0,0.6666666666666666,0.9587333333333333,1.0,0.5,0.5,0.5,0.7291666666666666,0.7396833333333334
southampton-ecs-eprints,publications,0.16666666666666666,1.0,0.6666666666666666,0.16666666666666666,0.75,0.5,0.6666666666666666,0.6666666666666666,0.7783333333333333,0.25,0.6666666666666666,1.0,0.5,0.6458333333333333,0.67375
springernaturescigraph,publications,0.16666666666666666,1.0,0.6666666666666666,0.16666666666666666,0.75,0.5,1.0,0.6666666666666666,0.7966666666666667,0.5,0.5,0.8333333333333334,0.5,0.7291666666666666,0.6575000000000001
stitch-rameau,publications,0.16666666666666666,1.0,0.6666666666666666,0.16666666666666666,0.75,0.5,1.0,0.6666666666666666,0.7783333333333333,0.5,0.6666666666666666,0.6666666666666666,0.5,0.7291666666666666,0.6529166666666666
stw-thesaurus-for-economics,publications,0.16666666666666666,1.0,0.6666666666666666,0.16666666666666666,0.75,0.5,0.6666666666666666,0.6666666666666666,0.9763666666666667,1.0,0.7999999999999999,1.0,0.5,0.6458333333333333,0.9440916666666667
sudocfr,publications,0.16666666666666666,1.0,0.6666666666666666,0.16666666666666666,0.75,0.5,1.0,0.6666666666666666,0.7783333333333333,0.25,0.5,0.5,0.5,0.7291666666666666,0.5070833333333333
swedish-open-cultural-heritage,publications,0.16666666666666666,1.0,0.6666666666666666,0.16666666666666666,0.75,0.5,1.0,0.6666666666666666,0.7966666666666667,0.5,0.5,0.8333333333333334,0.5,0.7291666666666666,0.6575000000000001
sweto-dblp,publications,0.16666666666666666,1.0,0.6666666666666666,0.16666666666666666,0.75,0.5,0.6666666666666666,0.6666666666666666,0.7783333333333333,0.25,0.6666666666666666,1.0,0.5,0.6458333333333333,0.67375
sztaki-lod,publications,0.16666666666666666,1.0,0.6666666666666666,0.16666666666666666,0.75,0.5,0.6666666666666666,0.6666666666666666,0.8150000000000001,1.0,0.5,0.8333333333333334,0.5,0.6458333333333333,0.7870833333333334
tharawat-magazine-com,publications,0.16666666666666666,1.0,0.6666666666666666,0.16666666666666666,0.75,0.5,1.0,0.6666666666666666,0.7783333333333333,0.25,0.5,0.8333333333333334,0.5,0.7291666666666666,0.5904166666666667
the-european-library-open-dataset,publications,0.16666666666666666,1.0,0.6666666666666666,0.16666666666666666,0.75,0.5,1.0,0.6666666666666666,0.8150000000000001,1.0,0.6666666666666666,1.0,0.5,0.7291666666666666,0.8704166666666666
thesaurus-w,publications,0.16666666666666666,1.0,0.6666666666666666,0.16666666666666666,0.75,0.5,0.6666666666666666,0.6666666666666666,0.7783333333333333,0.25,0.6666666666666666,0.6666666666666666,0.5,0.6458333333333333,0.5904166666666666
thesesfr,publications,0.16666666666666666,1.0,0.6666666666666666,0.16666666666666666,0.75,0.5,0.6666666666666666,0.6666666666666666,0.7783333333333333,0.5,0.5,0.5,0.5,0.6458333333333333,0.5695833333333333
twc-ieeevis,publications,0.16666666666666666,1.0,0.6666666666666666,0.16666666666666666,0.75,0.5,1.0,0.6666666666666666,0.8150000000000001,0.5,0.6666666666666666,1.0,0.5,0.7291666666666666,0.7454166666666666
twc-opendap,publications,0.16666666666666666,1.0,0.6666666666666666,0.16666666666666666,0.75,0.5,1.0,0.6666666666666666,0.7966666666666667,0.5,0.6666666666666666,0.6666666666666666,0.5,0.7291666666666666,0.6575
ub-mannheim-linked-data,publications,0.16666666666666666,1.0,0.6666666666666666,0.16666666666666666,0.75,0.5,0.6666666666666666,0.6666666666666666,0.7600000000000001,0.25,0.5,0.5,0.5,0.6458333333333333,0.5025000000000001
verrijktkoninkrijk,publications,0.16666666666666666,1.0,0.6666666666666666,0.16666666666666666,0.75,0.5,1.0,0.6666666666666666,0.8150000000000001,0.5,0.5,0.8333333333333334,0.5,0.7291666666666666,0.6620833333333334
viaf,publications,0.16666666666666666,1.0,0.6666666666666666,0.16666666666666666,0.875,0.5,0.6666666666666666,0.6666666666666666,0.7966666666666667,0.5,0.5,0.8333333333333334,0.5,0.6770833333333333,0.6575000000000001
vivo-cornell-university,publications,0.16666666666666666,1.0,0.6666666666666666,0.16666666666666666,0.75,0.5,1.0,0.6666666666666666,0.7966666666666667,0.5,0.6666666666666666,1.0,0.5,0.7291666666666666,0.7408333333333333
vivo-indiana-university,publications,0.16666666666666666,1.0,0.6666666666666666,0.16666666666666666,0.75,0.5,1.0,0.6666666666666666,0.7783333333333333,0.25,0.6666666666666666,1.0,0.5,0.7291666666666666,0.67375
vivo-scripps-research-institute,publications,0.16666666666666666,1.0,0.6666666666666666,0.16666666666666666,0.75,0.5,1.0,0.6666666666666666,0.7783333333333333,0.25,0.6666666666666666,1.0,0.5,0.7291666666666666,0.67375
vivo-university-of-florida,publications,0.16666666666666666,1.0,0.6666666666666666,0.16666666666666666,0.75,0.5,1.0,0.6666666666666666,0.7783333333333333,0.25,0.5,0.8333333333333334,0.5,0.7291666666666666,0.5904166666666667
vivo-wustl,publications,0.16666666666666666,1.0,0.6666666666666666,0.16666666666666666,0.75,0.5,1.0,0.6666666666666666,0.7783333333333333,0.25,0.5,0.8333333333333334,0.5,0.7291666666666666,0.5904166666666667
vivo2doi,publications,0.16666666666666666,1.0,0.6666666666666666,0.16666666666666666,0.875,0.5,1.0,0.6666666666666666,0.7966666666666667,0.5,0.6666666666666666,1.0,0.5,0.7604166666666666,0.7408333333333333
wordlift-io-blog-en,publications,0.16666666666666666,1.0,0.6666666666666666,0.16666666666666666,0.75,0.5,1.0,0.6666666666666666,0.7783333333333333,0.25,0.5,0.8333333333333334,0.5,0.7291666666666666,0.5904166666666667
ww1lod,publications,0.16666666666666666,1.0,0.6666666666666666,0.16666666666666666,0.75,0.5,0.6666666666666666,0.6666666666666666,0.9878975794999999,1.0,0.7666666666666666,0.8333333333333334,0.5,0.6458333333333333,0.896974394875
ysa,publications,0.16666666666666666,1.0,0.6666666666666666,0.16666666666666666,0.75,0.5,0.6666666666666666,0.6666666666666666,0.7966666666666667,0.5,0.5,0.8333333333333334,0.5,0.6458333333333333,0.6575000000000001
yso,publications,0.16666666666666666,1.0,0.6666666666666666,0.16666666666666666,0.75,0.5,1.0,0.6666666666666666,0.7966666666666667,0.5,0.5,0.8333333333333334,0.5,0.7291666666666666,0.6575000000000001
yso-fi-allars,publications,0.16666666666666666,0.75,0.0,0.0,0.25,0.5,0.0,0.0,0.7783333333333333,0.5,0.5,0.5,0.22916666666666666,0.1875,0.5695833333333333
yso-fi-ysa,publications,0.16666666666666666,0.75,0.0,0.0,0.25,0.5,0.0,0.0,0.7783333333333333,0.5,0.5,0.5,0.22916666666666666,0.1875,0.5695833333333333
zbw-labs,publications,0.16666666666666666,1.0,0.6666666666666666,0.16666666666666666,0.75,0.5,0.6666666666666666,0.6666666666666666,0.7966666666666667,0.5,0.5,0.8333333333333334,0.5,0.6458333333333333,0.6575000000000001
zbw-pressemappe20,publications,0.16666666666666666,1.0,0.6666666666666666,0.16666666666666666,0.75,0.5,0.6666666666666666,0.6666666666666666,0.7783666666666665,1.0,0.5,0.5,0.5,0.6458333333333333,0.6945916666666666
SocialLink,social-networking,0.16666666666666666,1.0,0.6666666666666666,0.16666666666666666,0.75,0.5,1.0,0.6666666666666666,0.8150000000000001,0.5,0.6666666666666666,1.0,0.5,0.7291666666666666,0.7454166666666666
bio2rdf-dataset,social-networking,0.16666666666666666,0.75,0.0,0.0,0.25,0.5,0.0,0.0,0.7783333333333333,0.5,0.5,0.5,0.22916666666666666,0.1875,0.5695833333333333
data-incubator-musicbrainz,social-networking,0.16666666666666666,1.0,0.6666666666666666,0.16666666666666666,0.75,0.5,1.0,0.6666666666666666,0.7966666666666667,0.25,0.5,0.8333333333333334,0.5,0.7291666666666666,0.5950000000000001
dbpedia,social-networking,0.16666666666666666,1.0,0.6666666666666666,0.16666666666666666,0.75,0.5,1.0,0.6666666666666666,1.0,1.0,1.0,1.0,0.5,0.7291666666666666,1.0
debian-package-tracking-system,social-networking,0.16666666666666666,1.0,0.6666666666666666,0.16666666666666666,0.75,0.5,0.6666666666666666,0.6666666666666666,0.7783333333333333,0.5,0.5,0.5,0.5,0.6458333333333333,0.5695833333333333
freebase,social-networking,0.16666666666666666,1.0,0.6666666666666666,0.16666666666666666,0.75,0.5,1.0,0.6666666666666666,0.7783333333333333,0.25,0.5,0.8333333333333334,0.5,0.7291666666666666,0.5904166666666667
lod2-project-wiki,social-networking,0.16666666666666666,1.0,0.6666666666666666,0.16666666666666666,0.75,0.5,0.6666666666666666,0.6666666666666666,0.7783333333333333,0.5,0.5,0.5,0.5,0.6458333333333333,0.5695833333333333
nextweb-gnoss,social-networking,0.16666666666666666,1.0,0.6666666666666666,0.16666666666666666,0.75,0.5,1.0,0.6666666666666666,0.7966666666666667,0.5,0.5,0.8333333333333334,0.5,0.7291666666666666,0.6575000000000001
nhs-jargon,social-networking,0.16666666666666666,1.0,0.6666666666666666,0.16666666666666666,0.75,0.5,0.6666666666666666,0.6666666666666666,0.7783333333333333,0.5,0.5,0.8333333333333334,0.5,0.6458333333333333,0.6529166666666667
personal-homepages,social-networking,0.16666666666666666,0.75,0.0,0.0,0.25,0.5,0.0,0.0,0.7399999999999999,0.25,0.5,0.5,0.22916666666666666,0.1875,0.49749999999999994
sears,social-networking,0.16666666666666666,1.0,0.6666666666666666,0.16666666666666666,0.75,0.5,0.6666666666666666,0.6666666666666666,0.7783333333333333,0.5,0.5,0.5,0.5,0.6458333333333333,0.5695833333333333
socialsemweb-thesaurus,social-networking,0.16666666666666666,1.0,0.6666666666666666,0.16666666666666666,0.75,0.5,1.0,0.6666666666666666,0.9869646181666667,1.0,1.0,1.0,0.5,0.7291666666666666,0.9967411545416667
statusnet-1w6-org,social-networking,0.16666666666666666,0.75,0.0,0.0,0.25,0.5,0.0,0.0,0.7783333333333333,0.5,0.6666666666666666,0.6666666666666666,0.22916666666666666,0.1875,0.6529166666666666
statusnet-20100-org,social-networking,0.16666666666666666,0.75,0.0,0.0,0.25,0.5,0.0,0.0,0.7399999999999999,0.25,0.5,0.5,0.22916666666666666,0.1875,0.49749999999999994
statusnet-alexandrefranke-com,social-networking,0.16666666666666666,0.75,0.0,0.0,0.25,0.5,0.0,0.0,0.7399999999999999,0.25,0.5,0.5,0.22916666666666666,0.1875,0.49749999999999994
statusnet-atari-frosch-de,social-networking,0.16666666666666666,0.75,0.0,0.0,0.25,0.5,0.0,0.0,0.7399999999999999,0.25,0.5,0.5,0.22916666666666666,0.1875,0.49749999999999994
statusnet-belfalas-org,social-networking,0.16666666666666666,0.75,0.0,0.0,0.25,0.5,0.0,0.0,0.7399999999999999,0.25,0.5,0.5,0.22916666666666666,0.1875,0.49749999999999994
statusnet-bka-li,social-networking,0.16666666666666666,0.75,0.0,0.0,0.25,0.5,0.0,0.0,0.7399999999999999,0.25,0.5,0.5,0.22916666666666666,0.1875,0.49749999999999994
statusnet-bonifaz-ec,social-networking,0.16666666666666666,0.75,0.0,0.0,0.25,0.5,0.0,0.0,0.7399999999999999,0.25,0.5,0.5,0.22916666666666666,0.1875,0.49749999999999994
statusnet-ced117-net,social-networking,0.16666666666666666,0.75,0.0,0.0,0.25,0.5,0.0,0.0,0.7600000000000001,0.25,0.5,0.5,0.22916666666666666,0.1875,0.5025000000000001
statusnet-chickenkiller-com,social-networking,0.16666666666666666,0.75,0.0,0.0,0.25,0.5,0.0,0.0,0.7399999999999999,0.25,0.5,0.5,0.22916666666666666,0.1875,0.49749999999999994
statusnet-chromic-org,social-networking,0.16666666666666666,0.75,0.0,0.0,0.25,0.5,0.0,0.0,0.7399999999999999,0.25,0.5,0.5,0.22916666666666666,0.1875,0.49749999999999994
statusnet-cooleysekula-net,social-networking,0.16666666666666666,0.75,0.0,0.0,0.25,0.5,0.0,0.0,0.7399999999999999,0.25,0.5,0.5,0.22916666666666666,0.1875,0.49749999999999994
statusnet-datenfahrt-org,social-networking,0.16666666666666666,0.75,0.0,0.0,0.25,0.5,0.0,0.0,0.7399999999999999,0.25,0.5,0.5,0.22916666666666666,0.1875,0.49749999999999994
statusnet-davidhaberthuer-ch,social-networking,0.16666666666666666,0.75,0.0,0.0,0.25,0.5,0.0,0.0,0.7399999999999999,0.25,0.5,0.5,0.22916666666666666,0.1875,0.49749999999999994
statusnet-deuxpi-ca,social-networking,0.16666666666666666,0.75,0.0,0.0,0.25,0.5,0.0,0.0,0.7399999999999999,0.25,0.5,0.5,0.22916666666666666,0.1875,0.49749999999999994
statusnet-doomicile-de,social-networking,0.16666666666666666,0.75,0.0,0.0,0.25,0.5,0.0,0.0,0.7783333333333333,0.5,0.6666666666666666,0.6666666666666666,0.22916666666666666,0.1875,0.6529166666666666
statusnet-dtdns-net,social-networking,0.16666666666666666,0.75,0.0,0.0,0.25,0.5,0.0,0.0,0.7399999999999999,0.25,0.5,0.5,0.22916666666666666,0.1875,0.49749999999999994
statusnet-equestriarp-net,social-networking,0.16666666666666666,0.75,0.0,0.0,0.25,0.5,0.0,0.0,0.7399999999999999,0.25,0.5,0.5,0.22916666666666666,0.1875,0.49749999999999994
statusnet-exdc-net,social-networking,0.16666666666666666,0.75,0.0,0.0,0.25,0.5,0.0,0.0,0.7399999999999999,0.25,0.5,0.5,0.22916666666666666,0.1875,0.49749999999999994
statusnet-fcac-com,social-networking,0.16666666666666666,0.75,0.0,0.0,0.25,0.5,0.0,0.0,0.7399999999999999,0.25,0.5,0.5,0.22916666666666666,0.1875,0.49749999999999994
statusnet-fcestrada-com,social-networking,0.16666666666666666,0.75,0.0,0.0,0.25,0.5,0.0,0.0,0.7399999999999999,0.25,0.5,0.5,0.22916666666666666,0.1875,0.49749999999999994
statusnet-fragdev-com,social-networking,0.16666666666666666,0.75,0.0,0.0,0.25,0.5,0.0,0.0,0.7399999999999999,0.25,0.5,0.5,0.22916666666666666,0.1875,0.49749999999999994
statusnet-freelish-us,social-networking,0.16666666666666666,0.75,0.0,0.0,0.25,0.5,0.0,0.0,0.7399999999999999,0.25,0.5,0.5,0.22916666666666666,0.1875,0.49749999999999994
statusnet-gegeweb-org,social-networking,0.16666666666666666,0.75,0.0,0.0,0.25,0.5,0.0,0.0,0.7399999999999999,0.25,0.5,0.5,0.22916666666666666,0.1875,0.49749999999999994
statusnet-glou-org,social-networking,0.16666666666666666,0.75,0.0,0.0,0.25,0.5,0.0,0.0,0.7600000000000001,0.25,0.5,0.5,0.22916666666666666,0.1875,0.5025000000000001
statusnet-gomertronic-com,social-networking,0.16666666666666666,1.0,0.6666666666666666,0.16666666666666666,0.75,0.5,0.6666666666666666,0.6666666666666666,0.7216666666666667,0.25,0.5,0.16666666666666666,0.5,0.6458333333333333,0.40958333333333335
statusnet-hackerposse-com,social-networking,0.16666666666666666,0.75,0.0,0.0,0.25,0.5,0.0,0.0,0.7783333333333333,0.5,0.6666666666666666,0.6666666666666666,0.22916666666666666,0.1875,0.6529166666666666
statusnet-ilikefreedom-ro,social-networking,0.16666666666666666,1.0,0.6666666666666666,0.16666666666666666,0.75,0.5,0.6666666666666666,0.6666666666666666,0.7399999999999999,0.25,0.5,0.16666666666666666,0.5,0.6458333333333333,0.4141666666666666
statusnet-imirhil-fr,social-networking,0.16666666666666666,0.75,0.0,0.0,0.25,0.5,0.0,0.0,0.7399999999999999,0.25,0.5,0.5,0.22916666666666666,0.1875,0.49749999999999994
statusnet-integralblue-com,social-networking,0.16666666666666666,0.75,0.0,0.0,0.25,0.5,0.0,0.0,0.7399999999999999,0.25,0.5,0.5,0.22916666666666666,0.1875,0.49749999999999994
statusnet-johndrinkwater-name,social-networking,0.16666666666666666,0.75,0.0,0.0,0.25,0.5,0.0,0.0,0.7600000000000001,0.25,0.5,0.5,0.22916666666666666,0.1875,0.5025000000000001
statusnet-jonkman-ca,social-networking,0.16666666666666666,0.75,0.0,0.0,0.25,0.5,0.0,0.0,0.7600000000000001,0.25,0.5,0.5,0.22916666666666666,0.1875,0.5025000000000001
statusnet-kaimi-cc,social-networking,0.16666666666666666,0.75,0.0,0.0,0.25,0.5,0.0,0.0,0.7399999999999999,0.25,0.5,0.5,0.22916666666666666,0.1875,0.49749999999999994
statusnet-kathryl-fr,social-networking,0.16666666666666666,0.75,0.0,0.0,0.25,0.5,0.0,0.0,0.7399999999999999,0.25,0.5,0.5,0.22916666666666666,0.1875,0.49749999999999994
statusnet-kenzoid-com,social-networking,0.16666666666666666,0.75,0.0,0.0,0.25,0.5,0.0,0.0,0.7399999999999999,0.25,0.5,0.5,0.22916666666666666,0.1875,0.49749999999999994
statusnet-keuser-fr,social-networking,0.16666666666666666,0.75,0.0,0.0,0.25,0.5,0.0,0.0,0.7399999999999999,0.25,0.5,0.5,0.22916666666666666,0.1875,0.49749999999999994
statusnet-lebsanft-org,social-networking,0.16666666666666666,0.75,0.0,0.0,0.25,0.5,0.0,0.0,0.7399999999999999,0.25,0.5,0.5,0.22916666666666666,0.1875,0.49749999999999994
statusnet-legadolibre-com-ar,social-networking,0.16666666666666666,0.75,0.0,0.0,0.25,0.5,0.0,0.0,0.7600000000000001,0.25,0.5,0.5,0.22916666666666666,0.1875,0.5025000000000001
statusnet-linuxwrangling-com,social-networking,0.16666666666666666,0.75,0.0,0.0,0.25,0.5,0.0,0.0,0.7600000000000001,0.25,0.5,0.5,0.22916666666666666,0.1875,0.5025000000000001
statusnet-ludost-net,social-networking,0.16666666666666666,0.75,0.0,0.0,0.25,0.5,0.0,0.0,0.7399999999999999,0.25,0.5,0.5,0.22916666666666666,0.1875,0.49749999999999994
statusnet-lydiastench-com,social-networking,0.16666666666666666,0.75,0.0,0.0,0.25,0.5,0.0,0.0,0.7600000000000001,0.25,0.5,0.5,0.22916666666666666,0.1875,0.5025000000000001
statusnet-m-kuttner-com,social-networking,0.16666666666666666,0.75,0.0,0.0,0.25,0.5,0.0,0.0,0.7600000000000001,0.25,0.5,0.5,0.22916666666666666,0.1875,0.5025000000000001
statusnet-macno-org,social-networking,0.16666666666666666,0.75,0.0,0.0,0.25,0.5,0.0,0.0,0.7399999999999999,0.25,0.5,0.5,0.22916666666666666,0.1875,0.49749999999999994
statusnet-mamalibre-com-ar,social-networking,0.16666666666666666,0.75,0.0,0.0,0.25,0.5,0.0,0.0,0.7399999999999999,0.25,0.5,0.5,0.22916666666666666,0.1875,0.49749999999999994
statusnet-maymay-net,social-networking,0.16666666666666666,0.75,0.0,0.0,0.25,0.5,0.0,0.0,0.7399999999999999,0.25,0.5,0.5,0.22916666666666666,0.1875,0.49749999999999994
statusnet-morphtown-de,social-networking,0.16666666666666666,0.75,0.0,0.0,0.25,0.5,0.0,0.0,0.7399999999999999,0.25,0.5,0.5,0.22916666666666666,0.1875,0.49749999999999994
statusnet-mrblog-nl,social-networking,0.16666666666666666,0.75,0.0,0.0,0.25,0.5,0.0,0.0,0.7399999999999999,0.25,0.5,0.5,0.22916666666666666,0.1875,0.49749999999999994
statusnet-mulestable-net,social-networking,0.16666666666666666,0.75,0.0,0.0,0.25,0.5,0.0,0.0,0.7600000000000001,0.25,0.5,0.5,0.22916666666666666,0.1875,0.5025000000000001
statusnet-my-status-tk,social-networking,0.16666666666666666,0.75,0.0,0.0,0.25,0.5,0.0,0.0,0.7600000000000001,0.25,0.5,0.5,0.22916666666666666,0.1875,0.5025000000000001
statusnet-opensim-chat-eu,social-networking,0.16666666666666666,0.75,0.0,0.0,0.25,0.5,0.0,0.0,0.7399999999999999,0.25,0.5,0.5,0.22916666666666666,0.1875,0.49749999999999994
statusnet-orangeseeds-org,social-networking,0.16666666666666666,0.75,0.0,0.0,0.25,0.5,0.0,0.0,0.7399999999999999,0.25,0.5,0.5,0.22916666666666666,0.1875,0.49749999999999994
statusnet-otbm-fr,social-networking,0.16666666666666666,0.75,0.0,0.0,0.25,0.5,0.0,0.0,0.7600000000000001,0.25,0.5,0.5,0.22916666666666666,0.1875,0.5025000000000001
statusnet-ourcoffs-org-au,social-networking,0.16666666666666666,0.75,0.0,0.0,0.25,0.5,0.0,0.0,0.7600000000000001,0.25,0.5,0.5,0.22916666666666666,0.1875,0.5025000000000001
statusnet-panda-id-au,social-networking,0.16666666666666666,0.75,0.0,0.0,0.25,0.5,0.0,0.0,0.7399999999999999,0.25,0.5,0.5,0.22916666666666666,0.1875,0.49749999999999994
statusnet-piana-eu,social-networking,0.16666666666666666,0.75,0.0,0.0,0.25,0.5,0.0,0.0,0.7399999999999999,0.25,0.5,0.5,0.22916666666666666,0.1875,0.49749999999999994
statusnet-planet-libre-org,social-networking,0.16666666666666666,0.75,0.0,0.0,0.25,0.5,0.0,0.0,0.7399999999999999,0.25,0.5,0.5,0.22916666666666666,0.1875,0.49749999999999994
statusnet-postblue-info,social-networking,0.16666666666666666,0.75,0.0,0.0,0.25,0.5,0.0,0.0,0.7399999999999999,0.25,0.5,0.5,0.22916666666666666,0.1875,0.49749999999999994
statusnet-progval-net,social-networking,0.16666666666666666,0.75,0.0,0.0,0.25,0.5,0.0,0.0,0.7399999999999999,0.25,0.5,0.5,0.22916666666666666,0.1875,0.49749999999999994
statusnet-qdnx-org,social-networking,0.16666666666666666,0.75,0.0,0.0,0.25,0.5,0.0,0.0,0.7783333333333333,0.5,0.6666666666666666,0.6666666666666666,0.22916666666666666,0.1875,0.6529166666666666
statusnet-qth-fr,social-networking,0.16666666666666666,0.75,0.0,0.0,0.25,0.5,0.0,0.0,0.7399999999999999,0.25,0.5,0.5,0.22916666666666666,0.1875,0.49749999999999994
statusnet-quitter-se,social-networking,0.16666666666666666,0.75,0.0,0.0,0.25,0.5,0.0,0.0,0.7399999999999999,0.25,0.5,0.5,0.22916666666666666,0.1875,0.49749999999999994
statusnet-rainbowdash-net,social-networking,0.16666666666666666,0.75,0.0,0.0,0.25,0.5,0.0,0.0,0.7600000000000001,0.25,0.5,0.5,0.22916666666666666,0.1875,0.5025000000000001
statusnet-recit-org,social-networking,0.16666666666666666,0.75,0.0,0.0,0.25,0.5,0.0,0.0,0.7399999999999999,0.25,0.5,0.5,0.22916666666666666,0.1875,0.49749999999999994
statusnet-russwurm-org,social-networking,0.16666666666666666,0.75,0.0,0.0,0.25,0.5,0.0,0.0,0.7600000000000001,0.25,0.5,0.5,0.22916666666666666,0.1875,0.5025000000000001
statusnet-samnoble-org,social-networking,0.16666666666666666,0.75,0.0,0.0,0.25,0.5,0.0,0.0,0.7600000000000001,0.25,0.5,0.5,0.22916666666666666,0.1875,0.5025000000000001
statusnet-schiessle-org,social-networking,0.16666666666666666,0.75,0.0,0.0,0.25,0.5,0.0,0.0,0.7399999999999999,0.25,0.5,0.5,0.22916666666666666,0.1875,0.49749999999999994
statusnet-scoffoni-net,social-networking,0.16666666666666666,0.75,0.0,0.0,0.25,0.5,0.0,0.0,0.7600000000000001,0.25,0.5,0.5,0.22916666666666666,0.1875,0.5025000000000001
statusnet-sebseb01-net,social-networking,0.16666666666666666,0.75,0.0,0.0,0.25,0.5,0.0,0.0,0.7399999999999999,0.25,0.5,0.5,0.22916666666666666,0.1875,0.49749999999999994
statusnet-shnoulle-net,social-networking,0.16666666666666666,0.75,0.0,0.0,0.25,0.5,0.0,0.0,0.7399999999999999,0.25,0.5,0.5,0.22916666666666666,0.1875,0.49749999999999994
statusnet-skilledtests-com,social-networking,0.16666666666666666,0.75,0.0,0.0,0.25,0.5,0.0,0.0,0.7600000000000001,0.25,0.5,0.5,0.22916666666666666,0.1875,0.5025000000000001
statusnet-somsants-net,social-networking,0.16666666666666666,0.75,0.0,0.0,0.25,0.5,0.0,0.0,0.7600000000000001,0.25,0.5,0.5,0.22916666666666666,0.1875,0.5025000000000001
statusnet-soucy-cc,social-networking,0.16666666666666666,0.75,0.0,0.0,0.25,0.5,0.0,0.0,0.7399999999999999,0.25,0.5,0.5,0.22916666666666666,0.1875,0.49749999999999994
statusnet-spip-org,social-networking,0.16666666666666666,0.75,0.0,0.0,0.25,0.5,0.0,0.0,0.7399999999999999,0.25,0.5,0.5,0.22916666666666666,0.1875,0.49749999999999994
statusnet-spraci-org,social-networking,0.16666666666666666,0.75,0.0,0.0,0.25,0.5,0.0,0.0,0.7600000000000001,0.25,0.5,0.5,0.22916666666666666,0.1875,0.5025000000000001
statusnet-ssweeny-net,social-networking,0.16666666666666666,0.75,0.0,0.0,0.25,0.5,0.0,0.0,0.7600000000000001,0.25,0.5,0.5,0.22916666666666666,0.1875,0.5025000000000001
statusnet-status-net,social-networking,0.16666666666666666,0.75,0.0,0.0,0.25,0.5,0.0,0.0,0.7399999999999999,0.25,0.5,0.5,0.22916666666666666,0.1875,0.49749999999999994
statusnet-sweetiebelle-net,social-networking,0.16666666666666666,0.75,0.0,0.0,0.25,0.5,0.0,0.0,0.7600000000000001,0.25,0.5,0.5,0.22916666666666666,0.1875,0.5025000000000001
statusnet-tekk-com-ar,social-networking,0.16666666666666666,0.75,0.0,0.0,0.25,0.5,0.0,0.0,0.7399999999999999,0.25,0.5,0.5,0.22916666666666666,0.1875,0.49749999999999994
statusnet-thelovebug-org,social-networking,0.16666666666666666,0.75,0.0,0.0,0.25,0.5,0.0,0.0,0.7399999999999999,0.25,0.5,0.5,0.22916666666666666,0.1875,0.49749999999999994
statusnet-thornton2-com,social-networking,0.16666666666666666,0.75,0.0,0.0,0.25,0.5,0.0,0.0,0.7600000000000001,0.25,0.5,0.5,0.22916666666666666,0.1875,0.5025000000000001
statusnet-timttmy-co-uk,social-networking,0.16666666666666666,0.75,0.0,0.0,0.25,0.5,0.0,0.0,0.7600000000000001,0.25,0.5,0.5,0.22916666666666666,0.1875,0.5025000000000001
statusnet-tl1n-com,social-networking,0.16666666666666666,0.75,0.0,0.0,0.25,0.5,0.0,0.0,0.7600000000000001,0.25,0.5,0.5,0.22916666666666666,0.1875,0.5025000000000001
statusnet-tschlotfeldt-de,social-networking,0.16666666666666666,0.75,0.0,0.0,0.25,0.5,0.0,0.0,0.7600000000000001,0.5,0.5,0.5,0.22916666666666666,0.1875,0.5650000000000001
statusnet-uni-siegen-de,social-networking,0.16666666666666666,0.75,0.0,0.0,0.25,0.5,0.0,0.0,0.7399999999999999,0.25,0.5,0.5,0.22916666666666666,0.1875,0.49749999999999994
testee,social-networking,0.16666666666666666,1.0,0.6666666666666666,0.16666666666666666,0.75,0.5,1.0,0.6666666666666666,0.7783333333333333,0.25,0.5,0.5,0.5,0.7291666666666666,0.5070833333333333
vivo,social-networking,0.16666666666666666,1.0,0.6666666666666666,0.16666666666666666,0.75,0.5,1.0,0.6666666666666666,0.7966666666666667,0.5,0.6666666666666666,1.0,0.5,0.7291666666666666,0.7408333333333333
NITP,cross-domain,0.16666666666666666,1.0,0.6666666666666666,0.16666666666666666,0.75,0.5,1.0,0.6666666666666666,0.7966666666666667,0.5,0.5,0.8333333333333334,0.5,0.7291666666666666,0.6575000000000001
Suface_Forestière_Mondiale_1990-2016,cross-domain,0.16666666666666666,0.75,0.0,0.0,,,,,1.0,1.0,1.0,1.0,0.22916666666666666,,1.0
associations,cross-domain,0.16666666666666666,1.0,0.6666666666666666,0.16666666666666666,0.75,0.5,0.6666666666666666,0.6666666666666666,0.7966666666666667,0.5,0.6666666666666666,1.0,0.5,0.6458333333333333,0.7408333333333333
austrian_ski_racers,cross-domain,0.16666666666666666,1.0,0.6666666666666666,0.16666666666666666,0.75,0.5,0.6666666666666666,0.6666666666666666,0.7966666666666667,0.25,0.5,0.8333333333333334,0.5,0.6458333333333333,0.5950000000000001
beneficiaries-of-the-european-commission,cross-domain,0.16666666666666666,1.0,0.6666666666666666,0.16666666666666666,0.75,0.5,0.6666666666666666,0.6666666666666666,0.8150000000000001,0.5,0.5,0.8333333333333334,0.5,0.6458333333333333,0.6620833333333334
brazilian-politicians,cross-domain,0.16666666666666666,1.0,0.6666666666666666,0.16666666666666666,0.75,0.5,1.0,0.6666666666666666,0.7600000000000001,0.25,0.5,0.5,0.5,0.7291666666666666,0.5025000000000001
caligraph,cross-domain,0.16666666666666666,1.0,0.6666666666666666,0.16666666666666666,0.75,0.5,1.0,0.6666666666666666,0.8150000000000001,0.5,0.5,0.8333333333333334,0.5,0.7291666666666666,0.6620833333333334
data-gov-ie,cross-domain,0.16666666666666666,1.0,0.6666666666666666,0.16666666666666666,0.75,0.5,1.0,0.6666666666666666,0.7783333333333333,0.25,0.5,0.5,0.5,0.7291666666666666,0.5070833333333333
dbkwik,cross-domain,0.16666666666666666,1.0,0.6666666666666666,0.16666666666666666,0.75,0.5,1.0,0.6666666666666666,1.0,1.0,1.0,1.0,0.5,0.7291666666666666,1.0
dbpedia,cross-domain,0.16666666666666666,1.0,0.6666666666666666,0.16666666666666666,0.75,0.5,1.0,0.6666666666666666,1.0,1.0,1.0,1.0,0.5,0.7291666666666666,1.0
dbpedia-commons,cross-domain,0.16666666666666666,1.0,0.6666666666666666,0.16666666666666666,0.75,0.5,0.6666666666666666,0.6666666666666666,0.7783333333333333,0.25,0.5,0.8333333333333334,0.5,0.6458333333333333,0.5904166666666667
dbpedia-el,cross-domain,0.16666666666666666,1.0,0.6666666666666666,0.16666666666666666,0.75,0.5,1.0,0.6666666666666666,0.7966666666666667,0.25,0.5,0.8333333333333334,0.5,0.7291666666666666,0.5950000000000001
dbpedia-es,cross-domain,0.16666666666666666,1.0,0.6666666666666666,0.16666666666666666,0.75,0.5,1.0,0.6666666666666666,1.0,1.0,1.0,1.0,0.5,0.7291666666666666,1.0
dbpedia-fr,cross-domain,0.16666666666666666,1.0,0.6666666666666666,0.16666666666666666,0.75,0.5,1.0,0.6666666666666666,0.9450666666666666,1.0,0.75,0.8333333333333334,0.5,0.7291666666666666,0.8821
dbpedia-ja,cross-domain,0.16666666666666666,1.0,0.6666666666666666,0.16666666666666666,0.75,0.5,0.6666666666666666,0.6666666666666666,0.8483333333333333,1.0,0.5,0.8333333333333334,0.5,0.6458333333333333,0.7954166666666667
dbpedia-lite,cross-domain,0.16666666666666666,1.0,0.6666666666666666,0.16666666666666666,0.75,0.5,0.6666666666666666,0.6666666666666666,0.7600000000000001,0.25,0.5,0.8333333333333334,0.5,0.6458333333333333,0.5858333333333334
dbpedia-nl,cross-domain,0.16666666666666666,1.0,0.6666666666666666,0.16666666666666666,0.75,0.5,0.6666666666666666,0.6666666666666666,0.7966666666666667,0.25,0.5,0.8333333333333334,0.5,0.6458333333333333,0.5950000000000001
dbpedia-pt,cross-domain,0.16666666666666666,1.0,0.6666666666666666,0.16666666666666666,0.75,0.5,0.6666666666666666,0.6666666666666666,0.7783333333333333,0.25,0.5,0.5,0.5,0.6458333333333333,0.5070833333333333
desaparecidos,cross-domain,0.16666666666666666,1.0,0.6666666666666666,0.16666666666666666,0.75,0.5,0.6666666666666666,0.6666666666666666,0.7600000000000001,0.25,0.5,0.5,0.5,0.6458333333333333,0.5025000000000001
dnb-gemeinsame-normdatei,cross-domain,0.16666666666666666,1.0,0.6666666666666666,0.16666666666666666,0.75,0.5,1.0,0.6666666666666666,0.7966666666666667,0.5,0.6666666666666666,1.0,0.5,0.7291666666666666,0.7408333333333333
ecco-tcp-linked-data,cross-domain,0.16666666666666666,1.0,0.6666666666666666,0.16666666666666666,0.75,0.5,1.0,0.6666666666666666,0.7966666666666667,0.375,0.5,0.8333333333333334,0.5,0.7291666666666666,0.6262500000000001
enipedia,cross-domain,0.16666666666666666,1.0,0.6666666666666666,0.16666666666666666,0.75,0.5,0.6666666666666666,0.6666666666666666,0.7966666666666667,0.25,0.5,0.8333333333333334,0.5,0.6458333333333333,0.5950000000000001
epa-frs,cross-domain,0.16666666666666666,1.0,0.6666666666666666,0.16666666666666666,0.75,0.5,0.6666666666666666,0.6666666666666666,0.7783333333333333,0.5,0.5,0.5,0.5,0.6458333333333333,0.5695833333333333
epa-rcra,cross-domain,0.16666666666666666,1.0,0.6666666666666666,0.16666666666666666,0.75,0.5,0.6666666666666666,0.6666666666666666,0.7783333333333333,0.5,0.5,0.5,0.5,0.6458333333333333,0.5695833333333333
epa-tri,cross-domain,0.16666666666666666,1.0,0.6666666666666666,0.16666666666666666,0.75,0.5,0.6666666666666666,0.6666666666666666,0.7783333333333333,0.5,0.5,0.5,0.5,0.6458333333333333,0.5695833333333333
eventkg,cross-domain,0.16666666666666666,1.0,0.6666666666666666,0.16666666666666666,0.75,0.5,0.6666666666666666,0.6666666666666666,0.7783333333333333,0.25,0.5,0.8333333333333334,0.5,0.6458333333333333,0.5904166666666667
foodpedia,cross-domain,0.16666666666666666,1.0,0.6666666666666666,0.16666666666666666,0.75,0.5,0.6666666666666666,0.6666666666666666,0.7966666666666667,0.25,0.5,0.8333333333333334,0.5,0.6458333333333333,0.5950000000000001
geoecuador,cross-domain,0.16666666666666666,1.0,0.6666666666666666,0.16666666666666666,0.75,0.5,1.0,0.6666666666666666,0.7600000000000001,0.25,0.6666666666666666,0.6666666666666666,0.5,0.7291666666666666,0.5858333333333333
geographic-names-information-system-gnis,cross-domain,0.16666666666666666,1.0,0.6666666666666666,0.16666666666666666,0.75,0.5,1.0,0.6666666666666666,0.7783333333333333,0.375,0.5,0.5,0.5,0.7291666666666666,0.5383333333333333
googleart-wrapper,cross-domain,0.16666666666666666,1.0,0.6666666666666666,0.16666666666666666,0.75,0.5,1.0,0.6666666666666666,0.7600000000000001,0.25,0.5,0.5,0.5,0.7291666666666666,0.5025000000000001
icane,cross-domain,0.16666666666666666,1.0,0.6666666666666666,0.16666666666666666,0.75,0.5,0.6666666666666666,0.6666666666666666,0.8150000000000001,0.5,0.5,0.8333333333333334,0.5,0.6458333333333333,0.6620833333333334
imagesnippets,cross-domain,0.16666666666666666,1.0,0.6666666666666666,0.16666666666666666,0.75,0.5,1.0,0.6666666666666666,0.9283333333333333,1.0,0.6666666666666666,0.3333333333333333,0.5,0.7291666666666666,0.7320833333333333
influence-tracker-dataset,cross-domain,0.16666666666666666,1.0,0.6666666666666666,0.16666666666666666,0.75,0.5,1.0,0.6666666666666666,0.8150000000000001,0.5,0.6666666666666666,1.0,0.5,0.7291666666666666,0.7454166666666666
intervalue,cross-domain,0.16666666666666666,1.0,0.6666666666666666,0.16666666666666666,0.75,0.5,1.0,0.6666666666666666,0.7966666666666667,0.25,0.5,0.8333333333333334,0.5,0.7291666666666666,0.5950000000000001
iserve,cross-domain,0.16666666666666666,1.0,0.6666666666666666,0.16666666666666666,0.75,0.5,0.6666666666666666,0.6666666666666666,0.8150000000000001,0.5,0.5,0.8333333333333334,0.5,0.6458333333333333,0.6620833333333334
ispra-lod-place,cross-domain,0.16666666666666666,1.0,0.6666666666666666,0.16666666666666666,0.75,0.5,0.6666666666666666,0.6666666666666666,0.8650000000000001,1.0,0.6666666666666666,1.0,0.5,0.6458333333333333,0.8829166666666667
jrc-names-mlode,cross-domain,0.16666666666666666,1.0,0.6666666666666666,0.16666666666666666,0.75,0.5,1.0,0.6666666666666666,0.7966666666666667,0.5,0.6666666666666666,0.6666666666666666,0.5,0.7291666666666666,0.6575
lak-dataset,cross-domain,0.16666666666666666,1.0,0.6666666666666666,0.16666666666666666,0.75,0.5,1.0,0.6666666666666666,0.7783333333333333,0.25,0.5,0.5,0.5,0.7291666666666666,0.5070833333333333
lexvo-org,cross-domain,0.16666666666666666,1.0,0.6666666666666666,0.16666666666666666,0.75,0.5,0.6666666666666666,0.6666666666666666,0.7966666666666667,0.5,0.6666666666666666,1.0,0.5,0.6458333333333333,0.7408333333333333
linked-crunchbase,cross-domain,0.16666666666666666,1.0,0.6666666666666666,0.16666666666666666,0.75,0.5,0.6666666666666666,0.6666666666666666,0.7783333333333333,0.25,0.5,0.8333333333333334,0.5,0.6458333333333333,0.5904166666666667
linked-drugs,cross-domain,0.16666666666666666,1.0,0.6666666666666666,0.16666666666666666,0.75,0.5,1.0,0.6666666666666666,0.7966666666666667,0.25,0.5,0.8333333333333334,0.5,0.7291666666666666,0.5950000000000001
linked-open-numbers,cross-domain,0.16666666666666666,1.0,0.6666666666666666,0.16666666666666666,0.75,0.5,0.6666666666666666,0.6666666666666666,0.7783333333333333,0.5,0.6666666666666666,0.6666666666666666,0.5,0.6458333333333333,0.6529166666666666
linked-open-vocabularies-lov,cross-domain,0.16666666666666666,1.0,0.6666666666666666,0.16666666666666666,0.75,0.5,0.6666666666666666,0.6666666666666666,0.7966666666666667,0.375,0.6666666666666666,1.0,0.5,0.6458333333333333,0.7095833333333333
linked-user-feedback,cross-domain,0.16666666666666666,1.0,0.6666666666666666,0.16666666666666666,0.75,0.5,0.6666666666666666,0.6666666666666666,0.7966666666666667,0.25,0.6666666666666666,1.0,0.5,0.6458333333333333,0.6783333333333333
linklion,cross-domain,0.16666666666666666,1.0,0.6666666666666666,0.16666666666666666,0.75,0.5,0.6666666666666666,0.6666666666666666,0.7783333333333333,0.25,0.5,0.8333333333333334,0.5,0.6458333333333333,0.5904166666666667
loc,cross-domain,0.16666666666666666,1.0,0.6666666666666666,0.16666666666666666,0.75,0.5,1.0,0.6666666666666666,0.7600000000000001,0.25,0.5,0.5,0.5,0.7291666666666666,0.5025000000000001
lod2-project-wiki,cross-domain,0.16666666666666666,1.0,0.6666666666666666,0.16666666666666666,0.75,0.5,0.6666666666666666,0.6666666666666666,0.7783333333333333,0.5,0.5,0.5,0.5,0.6458333333333333,0.5695833333333333
meducator,cross-domain,0.16666666666666666,1.0,0.6666666666666666,0.16666666666666666,0.75,0.5,1.0,0.6666666666666666,0.8150000000000001,0.5,0.5,0.8333333333333334,0.5,0.7291666666666666,0.6620833333333334
muninn-world-war-i,cross-domain,0.16666666666666666,1.0,0.6666666666666666,0.16666666666666666,0.75,0.5,0.6666666666666666,0.6666666666666666,0.8150000000000001,0.5,0.5,0.8333333333333334,0.5,0.6458333333333333,0.6620833333333334
museums-in-italy,cross-domain,0.16666666666666666,1.0,0.6666666666666666,0.16666666666666666,0.75,0.5,1.0,0.6666666666666666,0.7966666666666667,0.25,0.5,0.8333333333333334,0.5,0.7291666666666666,0.5950000000000001
nhs-jargon,cross-domain,0.16666666666666666,1.0,0.6666666666666666,0.16666666666666666,0.75,0.5,0.6666666666666666,0.6666666666666666,0.7783333333333333,0.5,0.5,0.8333333333333334,0.5,0.6458333333333333,0.6529166666666667
nobelprizes,cross-domain,0.16666666666666666,1.0,0.6666666666666666,0.16666666666666666,0.75,0.5,1.0,0.6666666666666666,0.8150000000000001,0.5,0.5,0.8333333333333334,0.5,0.7291666666666666,0.6620833333333334
nom,cross-domain,0.16666666666666666,1.0,0.6666666666666666,0.16666666666666666,0.75,0.5,1.0,0.6666666666666666,0.8150000000000001,0.5,0.5,0.8333333333333334,0.5,0.7291666666666666,0.6620833333333334
notIdentifier,cross-domain,0.16666666666666666,1.0,0.6666666666666666,0.16666666666666666,0.75,0.5,0.6666666666666666,0.6666666666666666,0.7966666666666667,0.5,0.5,0.8333333333333334,0.5,0.6458333333333333,0.6575000000000001
open-data-thesaurus,cross-domain,0.16666666666666666,1.0,0.6666666666666666,0.16666666666666666,0.75,0.5,1.0,0.6666666666666666,0.8333333333333334,1.0,1.0,1.0,0.5,0.7291666666666666,0.9583333333333334
open-election-data-project,cross-domain,0.16666666666666666,1.0,0.6666666666666666,0.16666666666666666,0.75,0.5,0.6666666666666666,0.6666666666666666,0.7600000000000001,0.25,0.5,0.5,0.5,0.6458333333333333,0.5025000000000001
opencalais,cross-domain,0.16666666666666666,1.0,0.6666666666666666,0.16666666666666666,0.75,0.5,1.0,0.6666666666666666,0.7783333333333333,0.5,0.5,0.5,0.5,0.7291666666666666,0.5695833333333333
opencyc,cross-domain,0.16666666666666666,1.0,0.6666666666666666,0.16666666666666666,0.75,0.5,0.6666666666666666,0.6666666666666666,0.7783333333333333,0.25,0.6666666666666666,1.0,0.5,0.6458333333333333,0.67375
productontology,cross-domain,0.16666666666666666,1.0,0.6666666666666666,0.16666666666666666,0.75,0.5,0.6666666666666666,0.6666666666666666,0.7966666666666667,0.5,0.5,0.8333333333333334,0.5,0.6458333333333333,0.6575000000000001
provenanceweb,cross-domain,0.16666666666666666,1.0,0.6666666666666666,0.16666666666666666,0.75,0.5,1.0,0.6666666666666666,0.8150000000000001,0.5,0.6666666666666666,1.0,0.5,0.7291666666666666,0.7454166666666666
qboairbase,cross-domain,0.16666666666666666,1.0,0.6666666666666666,0.16666666666666666,0.75,0.5,1.0,0.6666666666666666,0.7783333333333333,0.25,0.5,0.8333333333333334,0.5,0.7291666666666666,0.5904166666666667
rdflicense,cross-domain,0.16666666666666666,1.0,0.6666666666666666,0.16666666666666666,0.75,0.5,1.0,0.6666666666666666,0.7966666666666667,0.25,0.6666666666666666,1.0,0.5,0.7291666666666666,0.6783333333333333
rkb-explorer-webscience,cross-domain,0.16666666666666666,1.0,0.6666666666666666,0.16666666666666666,0.75,0.5,1.0,0.6666666666666666,0.7783333333333333,0.25,0.5,0.5,0.5,0.7291666666666666,0.5070833333333333
sandrart-net,cross-domain,0.16666666666666666,1.0,0.6666666666666666,0.16666666666666666,0.75,0.5,0.6666666666666666,0.6666666666666666,0.7966666666666667,0.5,0.6666666666666666,1.0,0.5,0.6458333333333333,0.7408333333333333
schemapedia,cross-domain,0.16666666666666666,1.0,0.6666666666666666,0.16666666666666666,0.75,0.5,1.0,0.6666666666666666,0.7783333333333333,0.25,0.5,0.5,0.5,0.7291666666666666,0.5070833333333333
secold,cross-domain,0.16666666666666666,1.0,0.6666666666666666,0.16666666666666666,0.75,0.5,0.6666666666666666,0.6666666666666666,0.7783333333333333,0.25,0.5,0.5,0.5,0.6458333333333333,0.5070833333333333
semsol-crunchbase,cross-domain,0.16666666666666666,1.0,0.6666666666666666,0.16666666666666666,0.75,0.5,0.6666666666666666,0.6666666666666666,0.7783333333333333,0.25,0.6666666666666666,0.6666666666666666,0.5,0.6458333333333333,0.5904166666666666
serendipity,cross-domain,0.16666666666666666,1.0,0.6666666666666666,0.16666666666666666,0.75,0.5,0.6666666666666666,0.6666666666666666,0.7783333333333333,0.25,0.5,0.8333333333333334,0.5,0.6458333333333333,0.5904166666666667
smartlink,cross-domain,0.16666666666666666,1.0,0.6666666666666666,0.16666666666666666,0.75,0.5,1.0,0.6666666666666666,0.8150000000000001,0.5,0.5,0.8333333333333334,0.5,0.7291666666666666,0.6620833333333334
talis-openlibrary,cross-domain,0.16666666666666666,1.0,0.6666666666666666,0.16666666666666666,0.75,0.5,0.6666666666666666,0.6666666666666666,0.7600000000000001,0.25,0.5,0.8333333333333334,0.5,0.6458333333333333,0.5858333333333334
temple-ov-thee-lemur-datasets,cross-domain,0.16666666666666666,1.0,0.6666666666666666,0.16666666666666666,0.75,0.5,0.6666666666666666,0.6666666666666666,0.7966666666666667,0.5,0.6666666666666666,1.0,0.5,0.6458333333333333,0.7408333333333333
thecontentwrangler-com,cross-domain,0.16666666666666666,1.0,0.6666666666666666,0.16666666666666666,0.75,0.5,1.0,0.6666666666666666,0.7783333333333333,0.25,0.5,0.8333333333333334,0.5,0.7291666666666666,0.5904166666666667
twc-hub,cross-domain,0.16666666666666666,1.0,0.6666666666666666,0.16666666666666666,0.75,0.5,1.0,0.6666666666666666,0.8150000000000001,0.5,0.6666666666666666,1.0,0.5,0.7291666666666666,0.7454166666666666
uberblic,cross-domain,0.16666666666666666,1.0,0.6666666666666666,0.16666666666666666,0.75,0.5,1.0,0.6666666666666666,0.7783333333333333,0.25,0.5,0.5,0.5,0.7291666666666666,0.5070833333333333
umbel,cross-domain,0.16666666666666666,1.0,0.6666666666666666,0.16666666666666666,0.75,0.5,1.0,0.6666666666666666,0.7783333333333333,0.25,0.5,0.8333333333333334,0.5,0.7291666666666666,0.5904166666666667
uriburner,cross-domain,0.16666666666666666,1.0,0.6666666666666666,0.16666666666666666,0.75,0.5,1.0,0.6666666666666666,1.0,1.0,1.0,1.0,0.5,0.7291666666666666,1.0
vulnerapedia,cross-domain,0.16666666666666666,1.0,0.6666666666666666,0.16666666666666666,0.75,0.5,1.0,0.6666666666666666,0.7783333333333333,0.25,0.6666666666666666,0.6666666666666666,0.5,0.7291666666666666,0.5904166666666666
w3c,cross-domain,0.16666666666666666,1.0,0.6666666666666666,0.16666666666666666,0.75,0.5,0.6666666666666666,0.6666666666666666,0.7600000000000001,0.5,0.5,0.16666666666666666,0.5,0.6458333333333333,0.48166666666666674
warsampo,cross-domain,0.16666666666666666,1.0,0.6666666666666666,0.16666666666666666,0.75,0.5,1.0,0.6666666666666666,0.9816666666666668,1.0,0.6666666666666666,1.0,0.5,0.7291666666666666,0.9120833333333334
webisalod,cross-domain,0.16666666666666666,1.0,0.6666666666666666,0.16666666666666666,0.75,0.5,1.0,0.6666666666666666,0.8150000000000001,1.0,0.6666666666666666,1.0,0.5,0.7291666666666666,0.8704166666666666
whisky-circle-info,cross-domain,0.16666666666666666,1.0,0.6666666666666666,0.16666666666666666,0.75,0.5,1.0,0.6666666666666666,0.7783333333333333,0.25,0.5,0.8333333333333334,0.5,0.7291666666666666,0.5904166666666667
wordlift-io-blog-it,cross-domain,0.16666666666666666,1.0,0.6666666666666666,0.16666666666666666,0.75,0.5,1.0,0.6666666666666666,0.7783333333333333,0.25,0.5,0.8333333333333334,0.5,0.7291666666666666,0.5904166666666667
yago,cross-domain,0.16666666666666666,1.0,0.6666666666666666,0.16666666666666666,0.75,0.5,1.0,0.6666666666666666,0.7966666666666667,0.5,0.5,0.8333333333333334,0.5,0.7291666666666666,0.6575000000000001
ASCDC-AS-NTUE-School-Art-Textbooks,user-generated,0.16666666666666666,1.0,0.6666666666666666,0.16666666666666666,0.75,0.5,0.6666666666666666,0.6666666666666666,0.7783333333333333,0.25,0.5,0.8333333333333334,0.5,0.6458333333333333,0.5904166666666667
ASCDC-DQOT,user-generated,0.16666666666666666,1.0,0.6666666666666666,0.16666666666666666,0.75,0.5,0.6666666666666666,0.6666666666666666,0.7783333333333333,0.25,0.5,0.8333333333333334,0.5,0.6458333333333333,0.5904166666666667
ASCDC-IHP-WCD,user-generated,0.16666666666666666,1.0,0.6666666666666666,0.16666666666666666,0.75,0.5,0.6666666666666666,0.6666666666666666,0.7783333333333333,0.25,0.5,0.8333333333333334,0.5,0.6458333333333333,0.5904166666666667
ASCDC-Linked-Taiwan-Artists,user-generated,0.16666666666666666,1.0,0.6666666666666666,0.16666666666666666,0.75,0.5,1.0,0.6666666666666666,0.7783333333333333,0.25,0.5,0.8333333333333334,0.5,0.7291666666666666,0.5904166666666667
ASCDC-Qing-Secret-Societies,user-generated,0.16666666666666666,1.0,0.6666666666666666,0.16666666666666666,0.75,0.5,1.0,0.6666666666666666,0.7966666666666667,0.5,0.5,0.8333333333333334,0.5,0.7291666666666666,0.6575000000000001
ASCDC-_NTM-Formosan-Aborigines,user-generated,0.16666666666666666,1.0,0.6666666666666666,0.16666666666666666,0.75,0.5,0.6666666666666666,0.6666666666666666,0.7783333333333333,0.25,0.5,0.8333333333333334,0.5,0.6458333333333333,0.5904166666666667
ASCDC_-_CCP_Archive,user-generated,0.16666666666666666,1.0,0.6666666666666666,0.16666666666666666,0.75,0.5,0.6666666666666666,0.6666666666666666,0.7783333333333333,0.25,0.5,0.8333333333333334,0.5,0.6458333333333333,0.5904166666666667
ASCDC_-_DNB,user-generated,0.16666666666666666,1.0,0.6666666666666666,0.16666666666666666,0.75,0.5,0.6666666666666666,0.6666666666666666,0.7783333333333333,0.25,0.5,0.8333333333333334,0.5,0.6458333333333333,0.5904166666666667
AntiqueCarsCollection,user-generated,0.16666666666666666,1.0,0.6666666666666666,0.16666666666666666,0.75,0.5,0.6666666666666666,0.6666666666666666,0.7783333333333333,0.25,0.5,0.8333333333333334,0.5,0.6458333333333333,0.5904166666666667
PREJUST4WOMAN_PROJECT,user-generated,0.16666666666666666,1.0,0.6666666666666666,0.16666666666666666,0.75,0.5,0.6666666666666666,0.6666666666666666,0.8150000000000001,0.5,0.6666666666666666,1.0,0.5,0.6458333333333333,0.7454166666666666
Swift,user-generated,0.16666666666666666,1.0,0.6666666666666666,0.16666666666666666,0.75,0.5,1.0,0.6666666666666666,0.8600084601666667,1.0,0.5,0.8333333333333334,0.5,0.7291666666666666,0.798335448375
abc,user-generated,0.16666666666666666,1.0,0.6666666666666666,0.16666666666666666,0.75,0.5,1.0,0.6666666666666666,0.7966666666666667,0.375,0.5,0.8333333333333334,0.5,0.7291666666666666,0.6262500000000001
aegp-spanish-textile-and-clothing-association,user-generated,0.16666666666666666,1.0,0.6666666666666666,0.16666666666666666,0.75,0.5,1.0,0.6666666666666666,0.7966666666666667,0.5,0.5,0.8333333333333334,0.5,0.7291666666666666,0.6575000000000001
apache,user-generated,0.16666666666666666,1.0,0.6666666666666666,0.16666666666666666,0.75,0.5,0.6666666666666666,0.6666666666666666,0.7783333333333333,0.5,0.5,0.5,0.5,0.6458333333333333,0.5695833333333333
artenuevosmedios-gnoss,user-generated,0.16666666666666666,1.0,0.6666666666666666,0.16666666666666666,0.75,0.5,1.0,0.6666666666666666,0.7966666666666667,0.5,0.5,0.8333333333333334,0.5,0.7291666666666666,0.6575000000000001
arthroscopy,user-generated,0.16666666666666666,1.0,0.6666666666666666,0.16666666666666666,0.75,0.5,1.0,0.6666666666666666,0.7966666666666667,0.5,0.5,0.8333333333333334,0.5,0.7291666666666666,0.6575000000000001
athelia-rfid,user-generated,0.16666666666666666,1.0,0.6666666666666666,0.16666666666666666,0.75,0.5,1.0,0.6666666666666666,0.7966666666666667,0.5,0.5,0.8333333333333334,0.5,0.7291666666666666,0.6575000000000001
berlios,user-generated,0.16666666666666666,0.75,0.0,0.0,0.25,0.5,0.0,0.0,0.7783333333333333,0.5,0.5,0.5,0.22916666666666666,0.1875,0.5695833333333333
biblioteca-escolar-digital-cita,user-generated,0.16666666666666666,1.0,0.6666666666666666,0.16666666666666666,0.75,0.5,1.0,0.6666666666666666,0.7966666666666667,0.5,0.5,0.8333333333333334,0.5,0.7291666666666666,0.6575000000000001
ce4r,user-generated,0.16666666666666666,1.0,0.6666666666666666,0.16666666666666666,0.75,0.5,1.0,0.6666666666666666,0.7966666666666667,0.5,0.5,0.8333333333333334,0.5,0.7291666666666666,0.6575000000000001
cpv-2008,user-generated,0.16666666666666666,1.0,0.6666666666666666,0.16666666666666666,0.75,0.5,1.0,0.6666666666666666,0.7966666666666667,0.25,0.5,0.8333333333333334,0.5,0.7291666666666666,0.5950000000000001
dblp-deusto-gnoss,user-generated,0.16666666666666666,1.0,0.6666666666666666,0.16666666666666666,0.75,0.5,1.0,0.6666666666666666,0.7966666666666667,0.5,0.5,0.8333333333333334,0.5,0.7291666666666666,0.6575000000000001
dbpedia,user-generated,0.16666666666666666,1.0,0.6666666666666666,0.16666666666666666,0.75,0.5,1.0,0.6666666666666666,1.0,1.0,1.0,1.0,0.5,0.7291666666666666,1.0
deustoentrepreneurship,user-generated,0.16666666666666666,1.0,0.6666666666666666,0.16666666666666666,0.75,0.5,1.0,0.6666666666666666,0.7966666666666667,0.5,0.5,0.8333333333333334,0.5,0.7291666666666666,0.6575000000000001
deustotech,user-generated,0.16666666666666666,1.0,0.6666666666666666,0.16666666666666666,0.75,0.5,1.0,0.6666666666666666,0.7966666666666667,0.5,0.5,0.8333333333333334,0.5,0.7291666666666666,0.6575000000000001
didactalia,user-generated,0.16666666666666666,1.0,0.6666666666666666,0.16666666666666666,0.75,0.5,1.0,0.6666666666666666,0.7966666666666667,0.5,0.6666666666666666,1.0,0.5,0.7291666666666666,0.7408333333333333
elviajero,user-generated,0.16666666666666666,1.0,0.6666666666666666,0.16666666666666666,0.75,0.5,0.6666666666666666,0.6666666666666666,0.7966666666666667,0.5,0.6666666666666666,0.6666666666666666,0.5,0.6458333333333333,0.6575
flickr-wrappr,user-generated,0.16666666666666666,1.0,0.6666666666666666,0.16666666666666666,0.75,0.5,0.6666666666666666,0.6666666666666666,0.7600000000000001,0.25,0.5,0.5,0.5,0.6458333333333333,0.5025000000000001
garnicaplywood,user-generated,0.16666666666666666,1.0,0.6666666666666666,0.16666666666666666,0.75,0.5,1.0,0.6666666666666666,0.7966666666666667,0.5,0.5,0.8333333333333334,0.5,0.7291666666666666,0.6575000000000001
gnoss-com-a-social-and-semantic-platform,user-generated,0.16666666666666666,1.0,0.6666666666666666,0.16666666666666666,0.75,0.5,1.0,0.6666666666666666,0.7966666666666667,0.5,0.5,0.8333333333333334,0.5,0.7291666666666666,0.6575000000000001
greekchildrensartmuseum,user-generated,0.16666666666666666,1.0,0.6666666666666666,0.16666666666666666,0.75,0.5,1.0,0.6666666666666666,0.8150000000000001,0.5,0.6666666666666666,1.0,0.5,0.7291666666666666,0.7454166666666666
green-competitiveness-gnoss,user-generated,0.16666666666666666,1.0,0.6666666666666666,0.16666666666666666,0.75,0.5,1.0,0.6666666666666666,0.7966666666666667,0.5,0.5,0.8333333333333334,0.5,0.7291666666666666,0.6575000000000001
https:www.childrensartmuseum.grLD-project,user-generated,0.16666666666666666,1.0,0.6666666666666666,0.16666666666666666,0.75,0.5,0.6666666666666666,0.6666666666666666,0.7966666666666667,0.5,0.5,0.8333333333333334,0.5,0.6458333333333333,0.6575000000000001
ichoose,user-generated,0.16666666666666666,1.0,0.6666666666666666,0.16666666666666666,0.75,0.5,1.0,0.6666666666666666,0.7783333333333333,0.5,0.6666666666666666,0.3333333333333333,0.5,0.7291666666666666,0.5695833333333333
ineverycrea,user-generated,0.16666666666666666,1.0,0.6666666666666666,0.16666666666666666,0.75,0.5,1.0,0.6666666666666666,0.7966666666666667,0.5,0.5,0.8333333333333334,0.5,0.7291666666666666,0.6575000000000001
ineverycrea-argentina,user-generated,0.16666666666666666,1.0,0.6666666666666666,0.16666666666666666,0.75,0.5,1.0,0.6666666666666666,0.7966666666666667,0.5,0.6666666666666666,1.0,0.5,0.7291666666666666,0.7408333333333333
interactivemaps-gnoss,user-generated,0.16666666666666666,1.0,0.6666666666666666,0.16666666666666666,0.75,0.5,1.0,0.6666666666666666,0.7966666666666667,0.5,0.5,0.8333333333333334,0.5,0.7291666666666666,0.6575000000000001
john-goodwins-family-tree,user-generated,0.16666666666666666,1.0,0.6666666666666666,0.16666666666666666,0.75,0.5,1.0,0.6666666666666666,0.7783333333333333,0.25,0.5,0.5,0.5,0.7291666666666666,0.5070833333333333
klappstuhlclub,user-generated,0.16666666666666666,1.0,0.6666666666666666,0.16666666666666666,0.75,0.5,0.6666666666666666,0.6666666666666666,0.7600000000000001,0.25,0.5,0.5,0.5,0.6458333333333333,0.5025000000000001
linkedmarkmail,user-generated,0.16666666666666666,1.0,0.6666666666666666,0.16666666666666666,0.75,0.5,0.6666666666666666,0.6666666666666666,0.7600000000000001,0.25,0.5,0.5,0.5,0.6458333333333333,0.5025000000000001
lotico,user-generated,0.16666666666666666,1.0,0.6666666666666666,0.16666666666666666,0.75,0.5,1.0,0.6666666666666666,0.7783333333333333,0.5,0.6666666666666666,0.6666666666666666,0.5,0.7291666666666666,0.6529166666666666
miguiadeviajes-gnoss,user-generated,0.16666666666666666,1.0,0.6666666666666666,0.16666666666666666,0.75,0.5,1.0,0.6666666666666666,0.7966666666666667,0.5,0.5,0.8333333333333334,0.5,0.7291666666666666,0.6575000000000001
museosespania-gnoss,user-generated,0.16666666666666666,1.0,0.6666666666666666,0.16666666666666666,0.75,0.5,1.0,0.6666666666666666,0.7966666666666667,0.5,0.6666666666666666,1.0,0.5,0.7291666666666666,0.7408333333333333
my-experiment,user-generated,0.16666666666666666,1.0,0.6666666666666666,0.16666666666666666,0.75,0.5,1.0,0.6666666666666666,0.8150000000000001,0.5,0.6666666666666666,1.0,0.5,0.7291666666666666,0.7454166666666666
my-family-lineage,user-generated,0.16666666666666666,1.0,0.6666666666666666,0.16666666666666666,0.75,0.5,1.0,0.6666666666666666,0.8150000000000001,0.5,0.6666666666666666,1.0,0.5,0.7291666666666666,0.7454166666666666
myopenlink-dataspaces,user-generated,0.16666666666666666,1.0,0.6666666666666666,0.16666666666666666,0.75,0.5,0.6666666666666666,0.6666666666666666,0.7600000000000001,0.5,0.5,0.16666666666666666,0.5,0.6458333333333333,0.48166666666666674
naics-2012,user-generated,0.16666666666666666,1.0,0.6666666666666666,0.16666666666666666,0.75,0.5,1.0,0.6666666666666666,0.7966666666666667,0.25,0.5,0.8333333333333334,0.5,0.7291666666666666,0.5950000000000001
newborn-photography-maternity-photoshoot-shivani-goyal,user-generated,0.16666666666666666,1.0,0.6666666666666666,0.16666666666666666,0.75,0.5,0.6666666666666666,0.6666666666666666,0.7966666666666667,0.5,0.5,0.8333333333333334,0.5,0.6458333333333333,0.6575000000000001
npm,user-generated,0.16666666666666666,1.0,0.6666666666666666,0.16666666666666666,0.75,0.5,1.0,0.6666666666666666,0.7783333333333333,0.25,0.5,0.8333333333333334,0.5,0.7291666666666666,0.5904166666666667
open-data-risp,user-generated,0.16666666666666666,1.0,0.6666666666666666,0.16666666666666666,0.75,0.5,1.0,0.6666666666666666,0.7966666666666667,0.5,0.5,0.8333333333333334,0.5,0.7291666666666666,0.6575000000000001
openlinksw-dataspaces,user-generated,0.16666666666666666,1.0,0.6666666666666666,0.16666666666666666,0.75,0.5,0.6666666666666666,0.6666666666666666,0.7399999999999999,0.25,0.5,0.16666666666666666,0.5,0.6458333333333333,0.4141666666666666
prefix-cc,user-generated,0.16666666666666666,1.0,0.6666666666666666,0.16666666666666666,0.75,0.5,0.6666666666666666,0.6666666666666666,0.7966666666666667,0.5,0.6666666666666666,1.0,0.5,0.6458333333333333,0.7408333333333333
prospects-and-trends-gnoss,user-generated,0.16666666666666666,1.0,0.6666666666666666,0.16666666666666666,0.75,0.5,1.0,0.6666666666666666,0.7966666666666667,0.5,0.5,0.8333333333333334,0.5,0.7291666666666666,0.6575000000000001
proyectoapadrina,user-generated,0.16666666666666666,1.0,0.6666666666666666,0.16666666666666666,0.75,0.5,1.0,0.6666666666666666,0.7966666666666667,0.5,0.5,0.8333333333333334,0.5,0.7291666666666666,0.6575000000000001
rdfohloh,user-generated,0.16666666666666666,1.0,0.6666666666666666,0.16666666666666666,0.75,0.5,0.6666666666666666,0.6666666666666666,0.7600000000000001,0.25,0.5,0.5,0.5,0.6458333333333333,0.5025000000000001
red-uno-internacional-santillana,user-generated,0.16666666666666666,1.0,0.6666666666666666,0.16666666666666666,0.75,0.5,1.0,0.6666666666666666,0.7966666666666667,0.5,0.5,0.8333333333333334,0.5,0.7291666666666666,0.6575000000000001
revyu,user-generated,0.16666666666666666,1.0,0.6666666666666666,0.16666666666666666,0.75,0.5,0.6666666666666666,0.6666666666666666,0.7783333333333333,0.25,0.5,0.5,0.5,0.6458333333333333,0.5070833333333333
rism,user-generated,0.16666666666666666,1.0,0.6666666666666666,0.16666666666666666,0.75,0.5,1.0,0.6666666666666666,0.9633333333333334,1.0,0.5,0.8333333333333334,0.5,0.7291666666666666,0.8241666666666667
roceeh-road,user-generated,0.16666666666666666,1.0,0.6666666666666666,0.16666666666666666,0.75,0.5,1.0,0.6666666666666666,0.7783333333333333,1.0,0.5,0.8333333333333334,0.5,0.7291666666666666,0.7779166666666667
rubentaelman,user-generated,0.16666666666666666,1.0,0.6666666666666666,0.16666666666666666,0.75,0.5,1.0,0.6666666666666666,0.7783333333333333,0.5,0.5,0.5,0.5,0.7291666666666666,0.5695833333333333
rubenverborgh,user-generated,0.16666666666666666,1.0,0.6666666666666666,0.16666666666666666,0.75,0.5,0.6666666666666666,0.6666666666666666,0.7966666666666667,0.5,0.5,0.8333333333333334,0.5,0.6458333333333333,0.6575000000000001
semanlink,user-generated,0.16666666666666666,0.75,0.0,0.0,0.25,0.5,0.0,0.0,0.7783333333333333,0.5,0.5,0.5,0.22916666666666666,0.1875,0.5695833333333333
semanticweb-org,user-generated,0.16666666666666666,1.0,0.6666666666666666,0.16666666666666666,0.75,0.5,0.6666666666666666,0.6666666666666666,0.7783333333333333,0.25,0.6666666666666666,1.0,0.5,0.6458333333333333,0.67375
the-living-lod-cloud,user-generated,0.16666666666666666,1.0,0.6666666666666666,0.16666666666666666,0.75,0.5,1.0,0.6666666666666666,0.7966666666666667,0.5,0.6666666666666666,1.0,0.5,0.7291666666666666,0.7408333333333333
twarql,user-generated,0.16666666666666666,1.0,0.6666666666666666,0.16666666666666666,0.75,0.5,1.0,0.6666666666666666,0.7783333333333333,0.25,0.5,0.5,0.5,0.7291666666666666,0.5070833333333333
typepad,user-generated,0.16666666666666666,1.0,0.6666666666666666,0.16666666666666666,0.75,0.5,0.6666666666666666,0.6666666666666666,0.7399999999999999,0.25,0.5,0.16666666666666666,0.5,0.6458333333333333,0.4141666666666666
universidad-de-cuenca-linkeddata,user-generated,0.16666666666666666,1.0,0.6666666666666666,0.16666666666666666,0.75,0.5,1.0,0.6666666666666666,0.7966666666666667,0.5,0.5,0.8333333333333334,0.5,0.7291666666666666,0.6575000000000001
upper-ontology,user-generated,0.16666666666666666,1.0,0.6666666666666666,0.16666666666666666,0.75,0.5,1.0,0.6666666666666666,0.7966666666666667,0.5,0.5,0.8333333333333334,0.5,0.7291666666666666,0.6575000000000001
utpl-lod,user-generated,0.16666666666666666,1.0,0.6666666666666666,0.16666666666666666,0.75,0.5,0.6666666666666666,0.6666666666666666,0.7783333333333333,0.25,0.5,0.8333333333333334,0.5,0.6458333333333333,0.5904166666666667
wikidata,user-generated,0.16666666666666666,1.0,0.6666666666666666,0.16666666666666666,0.75,0.5,1.0,0.6666666666666666,0.9816666666666668,1.0,0.6666666666666666,1.0,0.5,0.7291666666666666,0.9120833333333334
wordpress,user-generated,0.16666666666666666,0.75,0.0,0.0,0.25,0.5,0.0,0.0,0.7600000000000001,0.5,0.5,0.5,0.22916666666666666,0.1875,0.5650000000000001
yovisto,user-generated,0.16666666666666666,1.0,0.6666666666666666,0.16666666666666666,0.75,0.5,1.0,0.6666666666666666,0.8150000000000001,0.5,0.6666666666666666,1.0,0.5,0.7291666666666666,0.7454166666666666
Earthquake,geography,0.16666666666666666,1.0,0.6666666666666666,0.16666666666666666,0.75,0.5,1.0,0.6666666666666666,0.8150000000000001,0.5,0.5,0.8333333333333334,0.5,0.7291666666666666,0.6620833333333334
Earthquake_case,geography,0.16666666666666666,1.0,0.6666666666666666,0.16666666666666666,0.75,0.5,1.0,0.6666666666666666,0.8150000000000001,0.5,0.5,0.8333333333333334,0.5,0.7291666666666666,0.6620833333333334
GTS,geography,0.16666666666666666,1.0,0.6666666666666666,0.16666666666666666,0.75,0.5,1.0,0.6666666666666666,1.0,1.0,0.5,0.8333333333333334,0.5,0.7291666666666666,0.8333333333333334
GTS-ont,geography,0.16666666666666666,1.0,0.6666666666666666,0.16666666666666666,0.75,0.5,1.0,0.6666666666666666,0.7966666666666667,0.5,0.5,0.8333333333333334,0.5,0.7291666666666666,0.6575000000000001
Smart_POI_dataset,geography,0.16666666666666666,1.0,0.6666666666666666,0.16666666666666666,0.75,0.5,0.6666666666666666,0.6666666666666666,1.0,1.0,1.0,1.0,0.5,0.6458333333333333,1.0
Uganda-Disasters-rdf-data_,geography,0.16666666666666666,1.0,0.6666666666666666,0.16666666666666666,0.75,0.5,0.6666666666666666,0.6666666666666666,0.7783333333333333,0.25,0.5,0.8333333333333334,0.5,0.6458333333333333,0.5904166666666667
dbpedia,geography,0.16666666666666666,1.0,0.6666666666666666,0.16666666666666666,0.75,0.5,1.0,0.6666666666666666,1.0,1.0,1.0,1.0,0.5,0.7291666666666666,1.0
eea-vocabularies,geography,0.16666666666666666,1.0,0.6666666666666666,0.16666666666666666,0.75,0.5,1.0,0.6666666666666666,0.7966666666666667,0.375,0.6666666666666666,1.0,0.5,0.7291666666666666,0.7095833333333333
environmental-applications-reference-thesaurus,geography,0.16666666666666666,1.0,0.6666666666666666,0.16666666666666666,0.75,0.5,1.0,0.6666666666666666,0.8150000000000001,0.5,0.6666666666666666,1.0,0.5,0.7291666666666666,0.7454166666666666
eventseer,geography,0.16666666666666666,1.0,0.6666666666666666,0.16666666666666666,0.75,0.5,1.0,0.6666666666666666,0.7966666666666667,0.25,0.6666666666666666,1.0,0.5,0.7291666666666666,0.6783333333333333
fao-geopolitical-ontology,geography,0.16666666666666666,1.0,0.6666666666666666,0.16666666666666666,0.75,0.5,1.0,0.6666666666666666,0.7966666666666667,0.5,0.6666666666666666,1.0,0.5,0.7291666666666666,0.7408333333333333
fishes-of-texas,geography,0.16666666666666666,1.0,0.6666666666666666,0.16666666666666666,0.75,0.5,1.0,0.6666666666666666,0.7600000000000001,0.25,0.5,0.5,0.5,0.7291666666666666,0.5025000000000001
geolinkeddata,geography,0.16666666666666666,1.0,0.6666666666666666,0.16666666666666666,0.75,0.5,0.6666666666666666,0.6666666666666666,0.7966666666666667,0.25,0.5,0.8333333333333334,0.5,0.6458333333333333,0.5950000000000001
geological-survey-of-austria-thesaurus,geography,0.16666666666666666,1.0,0.6666666666666666,0.16666666666666666,0.75,0.5,0.6666666666666666,0.6666666666666666,1.0,1.0,1.0,1.0,0.5,0.6458333333333333,1.0
geonames-semantic-web,geography,0.16666666666666666,1.0,0.6666666666666666,0.16666666666666666,0.75,0.5,1.0,0.6666666666666666,0.7966666666666667,0.5,0.5,0.8333333333333334,0.5,0.7291666666666666,0.6575000000000001
geowordnet,geography,0.16666666666666666,1.0,0.6666666666666666,0.16666666666666666,0.75,0.5,1.0,0.6666666666666666,0.7966666666666667,0.5,0.5,0.8333333333333334,0.5,0.7291666666666666,0.6575000000000001
greek-administrative-geography,geography,0.16666666666666666,0.75,0.0,0.0,0.25,0.5,0.0,0.0,0.7399999999999999,0.25,0.5,0.5,0.22916666666666666,0.1875,0.49749999999999994
grrp,geography,0.16666666666666666,1.0,0.6666666666666666,0.16666666666666666,0.75,0.5,1.0,0.6666666666666666,0.7966666666666667,0.25,0.6666666666666666,1.0,0.5,0.7291666666666666,0.6783333333333333
grrt,geography,0.16666666666666666,1.0,0.6666666666666666,0.16666666666666666,0.75,0.5,1.0,0.6666666666666666,0.7966666666666667,0.25,0.6666666666666666,1.0,0.5,0.7291666666666666,0.6783333333333333
knoesis-linked-sensor-data,geography,0.16666666666666666,1.0,0.6666666666666666,0.16666666666666666,0.75,0.5,1.0,0.6666666666666666,0.7966666666666667,0.25,0.6666666666666666,1.0,0.5,0.7291666666666666,0.6783333333333333
linked-logainm,geography,0.16666666666666666,1.0,0.6666666666666666,0.16666666666666666,0.75,0.5,0.6666666666666666,0.6666666666666666,0.8990666666666667,1.0,0.5,0.8333333333333334,0.5,0.6458333333333333,0.8081
linked-uspto-patent-data,geography,0.16666666666666666,1.0,0.6666666666666666,0.16666666666666666,0.75,0.5,1.0,0.6666666666666666,0.7783333333333333,0.25,0.5,0.8333333333333334,0.5,0.7291666666666666,0.5904166666666667
linkedcrowdsourceddata,geography,0.16666666666666666,1.0,0.6666666666666666,0.16666666666666666,0.75,0.5,1.0,0.6666666666666666,0.7966666666666667,0.25,0.5,0.8333333333333334,0.5,0.7291666666666666,0.5950000000000001
linkedgeodata,geography,0.16666666666666666,1.0,0.6666666666666666,0.16666666666666666,0.75,0.5,1.0,0.6666666666666666,1.0,1.0,1.0,1.0,0.5,0.7291666666666666,1.0
lobid-organisations,geography,0.16666666666666666,1.0,0.6666666666666666,0.16666666666666666,0.75,0.5,0.6666666666666666,0.6666666666666666,0.7966666666666667,0.5,0.5,0.5,0.5,0.6458333333333333,0.5741666666666667
los_metar,geography,0.16666666666666666,1.0,0.6666666666666666,0.16666666666666666,0.75,0.5,0.6666666666666666,0.6666666666666666,0.7600000000000001,0.25,0.6666666666666666,0.6666666666666666,0.5,0.6458333333333333,0.5858333333333333
near,geography,0.16666666666666666,1.0,0.6666666666666666,0.16666666666666666,0.75,0.5,1.0,0.6666666666666666,0.7966666666666667,0.5,0.6666666666666666,1.0,0.5,0.7291666666666666,0.7408333333333333
norwegian-geo-divisions,geography,0.16666666666666666,1.0,0.6666666666666666,0.16666666666666666,0.75,0.5,0.6666666666666666,0.6666666666666666,0.8150000000000001,0.5,0.6666666666666666,1.0,0.5,0.6458333333333333,0.7454166666666666
nuts-geovocab,geography,0.16666666666666666,1.0,0.6666666666666666,0.16666666666666666,0.75,0.5,0.6666666666666666,0.6666666666666666,0.7600000000000001,0.25,0.5,0.5,0.5,0.6458333333333333,0.5025000000000001
oceandrilling-codices,geography,0.16666666666666666,1.0,0.6666666666666666,0.16666666666666666,0.75,0.5,0.6666666666666666,0.6666666666666666,0.7966666666666667,0.5,0.5,0.5,0.5,0.6458333333333333,0.5741666666666667
oceandrilling-forams,geography,0.16666666666666666,1.0,0.6666666666666666,0.16666666666666666,0.75,0.5,0.6666666666666666,0.6666666666666666,0.7966666666666667,0.5,0.5,0.5,0.5,0.6458333333333333,0.5741666666666667
oceandrilling-janusamp,geography,0.16666666666666666,1.0,0.6666666666666666,0.16666666666666666,0.75,0.5,1.0,0.6666666666666666,0.7966666666666667,0.5,0.5,0.5,0.5,0.7291666666666666,0.5741666666666667
openmobilenetwork,geography,0.16666666666666666,1.0,0.6666666666666666,0.16666666666666666,0.75,0.5,1.0,0.6666666666666666,0.8150000000000001,0.5,0.5,0.8333333333333334,0.5,0.7291666666666666,0.6620833333333334
ordnance-survey-linked-data,geography,0.16666666666666666,1.0,0.6666666666666666,0.16666666666666666,0.875,0.5,1.0,0.6666666666666666,0.8150000000000001,0.5,0.6666666666666666,1.0,0.5,0.7604166666666666,0.7454166666666666
osm-semantic-network,geography,0.16666666666666666,1.0,0.6666666666666666,0.16666666666666666,0.75,0.5,1.0,0.6666666666666666,0.7966666666666667,0.25,0.6666666666666666,1.0,0.5,0.7291666666666666,0.6783333333333333
pleiades,geography,0.16666666666666666,1.0,0.6666666666666666,0.16666666666666666,0.75,0.5,1.0,0.6666666666666666,0.7966666666666667,0.5,0.6666666666666666,1.0,0.5,0.7291666666666666,0.7408333333333333
riese,geography,0.16666666666666666,1.0,0.6666666666666666,0.16666666666666666,0.75,0.5,0.6666666666666666,0.6666666666666666,0.7600000000000001,0.25,0.5,0.5,0.5,0.6458333333333333,0.5025000000000001
statusnet-coreyavis-com,geography,0.16666666666666666,0.75,0.0,0.0,0.25,0.5,0.0,0.0,0.7399999999999999,0.25,0.5,0.5,0.22916666666666666,0.1875,0.49749999999999994
statusnet-hii-co-il,geography,0.16666666666666666,0.75,0.0,0.0,0.25,0.5,0.0,0.0,0.7399999999999999,0.25,0.5,0.5,0.22916666666666666,0.1875,0.49749999999999994
statusnet-ldn-fai-net,geography,0.16666666666666666,0.75,0.0,0.0,0.25,0.5,0.0,0.0,0.7399999999999999,0.25,0.5,0.5,0.22916666666666666,0.1875,0.49749999999999994
taiwan-geographic-names,geography,0.16666666666666666,1.0,0.6666666666666666,0.16666666666666666,0.75,0.5,0.6666666666666666,0.6666666666666666,0.7966666666666667,0.25,0.6666666666666666,1.0,0.5,0.6458333333333333,0.6783333333333333
telegraphis,geography,0.16666666666666666,1.0,0.6666666666666666,0.16666666666666666,0.875,0.5,0.6666666666666666,0.6666666666666666,0.7966666666666667,0.5,0.6666666666666666,0.6666666666666666,0.5,0.6770833333333333,0.6575
the-view-from,geography,0.16666666666666666,1.0,0.6666666666666666,0.16666666666666666,0.75,0.5,1.0,0.6666666666666666,0.7783333333333333,0.25,0.5,0.5,0.5,0.7291666666666666,0.5070833333333333
thist,geography,0.16666666666666666,1.0,0.6666666666666666,0.16666666666666666,0.75,0.5,1.0,0.6666666666666666,0.8150000000000001,0.5,0.6666666666666666,1.0,0.5,0.7291666666666666,0.7454166666666666
uk-postcodes,geography,0.16666666666666666,1.0,0.6666666666666666,0.16666666666666666,0.75,0.5,0.6666666666666666,0.6666666666666666,0.7600000000000001,0.25,0.5,0.8333333333333334,0.5,0.6458333333333333,0.5858333333333334
world-wide-web-foundation,geography,0.16666666666666666,1.0,0.6666666666666666,0.16666666666666666,0.75,0.5,0.6666666666666666,0.6666666666666666,0.7600000000000001,0.25,0.5,0.5,0.5,0.6458333333333333,0.5025000000000001
yahoo_geoplanet,geography,0.16666666666666666,1.0,0.6666666666666666,0.16666666666666666,0.75,0.5,1.0,0.6666666666666666,0.8150000000000001,0.5,0.6666666666666666,1.0,0.5,0.7291666666666666,0.7454166666666666
ASCDC-CTS-TV-Programs,media,0.16666666666666666,1.0,0.6666666666666666,0.16666666666666666,0.75,0.5,0.6666666666666666,0.6666666666666666,0.7783333333333333,0.25,0.5,0.8333333333333334,0.5,0.6458333333333333,0.5904166666666667
ASCDC-Tibetan-Audio-Archive,media,0.16666666666666666,1.0,0.6666666666666666,0.16666666666666666,0.75,0.5,0.6666666666666666,0.6666666666666666,0.7783333333333333,0.25,0.5,0.8333333333333334,0.5,0.6458333333333333,0.5904166666666667
bbc-music,media,0.16666666666666666,1.0,0.6666666666666666,0.16666666666666666,0.75,0.5,1.0,0.6666666666666666,0.7966666666666667,0.5,0.5,0.5,0.5,0.7291666666666666,0.5741666666666667
bbc-programmes,media,0.16666666666666666,1.0,0.6666666666666666,0.16666666666666666,0.75,0.5,1.0,0.6666666666666666,0.8150000000000001,0.5,0.5,0.8333333333333334,0.5,0.7291666666666666,0.6620833333333334
bbc-wildlife-finder,media,0.16666666666666666,1.0,0.6666666666666666,0.16666666666666666,0.75,0.5,1.0,0.6666666666666666,0.7966666666666667,0.25,0.5,0.8333333333333334,0.5,0.7291666666666666,0.5950000000000001
betweenourworlds,media,0.16666666666666666,1.0,0.6666666666666666,0.16666666666666666,0.75,0.5,1.0,0.6666666666666666,0.7966666666666667,0.5,0.6666666666666666,1.0,0.5,0.7291666666666666,0.7408333333333333
bricklink,media,0.16666666666666666,1.0,0.6666666666666666,0.16666666666666666,0.75,0.5,1.0,0.6666666666666666,0.8150000000000001,0.5,0.6666666666666666,1.0,0.5,0.7291666666666666,0.7454166666666666
chronicling-america,media,0.16666666666666666,1.0,0.6666666666666666,0.16666666666666666,0.75,0.5,0.6666666666666666,0.6666666666666666,0.7783333333333333,0.5,0.6666666666666666,0.6666666666666666,0.5,0.6458333333333333,0.6529166666666666
data-incubator-discogs,media,0.16666666666666666,1.0,0.6666666666666666,0.16666666666666666,0.75,0.5,1.0,0.6666666666666666,0.7966666666666667,0.5,0.6666666666666666,1.0,0.5,0.7291666666666666,0.7408333333333333
data-incubator-moseley,media,0.16666666666666666,1.0,0.6666666666666666,0.16666666666666666,0.75,0.5,1.0,0.6666666666666666,0.8150000000000001,0.5,0.6666666666666666,1.0,0.5,0.7291666666666666,0.7454166666666666
data-incubator-pokedex,media,0.16666666666666666,1.0,0.6666666666666666,0.16666666666666666,0.75,0.5,1.0,0.6666666666666666,0.7966666666666667,0.5,0.6666666666666666,0.6666666666666666,0.5,0.7291666666666666,0.6575
dbpedia,media,0.16666666666666666,1.0,0.6666666666666666,0.16666666666666666,0.75,0.5,1.0,0.6666666666666666,1.0,1.0,1.0,1.0,0.5,0.7291666666666666,1.0
dbtropes,media,0.16666666666666666,1.0,0.6666666666666666,0.16666666666666666,0.75,0.5,0.6666666666666666,0.6666666666666666,0.7966666666666667,0.5,0.5,0.8333333333333334,0.5,0.6458333333333333,0.6575000000000001
dbtune-artists-last-fm,media,0.16666666666666666,1.0,0.6666666666666666,0.16666666666666666,0.75,0.5,0.6666666666666666,0.6666666666666666,0.7399999999999999,0.25,0.5,0.5,0.5,0.6458333333333333,0.49749999999999994
dbtune-audioscrobbler,media,0.16666666666666666,1.0,0.6666666666666666,0.16666666666666666,0.75,0.5,0.6666666666666666,0.6666666666666666,0.7399999999999999,0.25,0.5,0.5,0.5,0.6458333333333333,0.49749999999999994
dbtune-classical,media,0.16666666666666666,1.0,0.6666666666666666,0.16666666666666666,0.75,0.5,0.6666666666666666,0.6666666666666666,0.7783333333333333,0.375,0.5,0.5,0.5,0.6458333333333333,0.5383333333333333
dbtune-john-peel-sessions,media,0.16666666666666666,1.0,0.6666666666666666,0.16666666666666666,0.75,0.5,1.0,0.6666666666666666,0.7966666666666667,0.5,0.5,0.5,0.5,0.7291666666666666,0.5741666666666667
dbtune-magnatune,media,0.16666666666666666,1.0,0.6666666666666666,0.16666666666666666,0.75,0.5,1.0,0.6666666666666666,0.7966666666666667,0.5,0.5,0.5,0.5,0.7291666666666666,0.5741666666666667
dbtune-musicbrainz,media,0.16666666666666666,1.0,0.6666666666666666,0.16666666666666666,0.75,0.5,0.6666666666666666,0.6666666666666666,0.7600000000000001,0.25,0.5,0.5,0.5,0.6458333333333333,0.5025000000000001
edublogs,media,0.16666666666666666,1.0,0.6666666666666666,0.16666666666666666,0.75,0.5,0.6666666666666666,0.6666666666666666,0.7783333333333333,0.5,0.5,0.5,0.5,0.6458333333333333,0.5695833333333333
eutc-productions,media,0.16666666666666666,1.0,0.6666666666666666,0.16666666666666666,0.75,0.5,1.0,0.6666666666666666,0.8150000000000001,0.5,0.5,0.8333333333333334,0.5,0.7291666666666666,0.6620833333333334
event-media,media,0.16666666666666666,1.0,0.6666666666666666,0.16666666666666666,0.75,0.5,1.0,0.6666666666666666,0.8150000000000001,0.5,0.6666666666666666,1.0,0.5,0.7291666666666666,0.7454166666666666
gemeenschappelijke-thesaurus-audiovisuele-archieven,media,0.16666666666666666,1.0,0.6666666666666666,0.16666666666666666,0.75,0.5,1.0,0.6666666666666666,0.7966666666666667,0.5,0.5,0.8333333333333334,0.5,0.7291666666666666,0.6575000000000001
jamendo-dbtune,media,0.16666666666666666,1.0,0.6666666666666666,0.16666666666666666,0.75,0.5,1.0,0.6666666666666666,0.7966666666666667,0.5,0.5,0.5,0.5,0.7291666666666666,0.5741666666666667
linked-user-feedback,media,0.16666666666666666,1.0,0.6666666666666666,0.16666666666666666,0.75,0.5,0.6666666666666666,0.6666666666666666,0.7966666666666667,0.25,0.6666666666666666,1.0,0.5,0.6458333333333333,0.6783333333333333
linkedmdb,media,0.16666666666666666,1.0,0.6666666666666666,0.16666666666666666,0.75,0.5,1.0,0.6666666666666666,0.7966666666666667,0.25,0.6666666666666666,1.0,0.5,0.7291666666666666,0.6783333333333333
muziekweb,media,0.16666666666666666,1.0,0.6666666666666666,0.16666666666666666,0.75,0.5,1.0,0.6666666666666666,0.8150000000000001,1.0,0.6666666666666666,1.0,0.5,0.7291666666666666,0.8704166666666666
nytimes-linked-open-data,media,0.16666666666666666,1.0,0.6666666666666666,0.16666666666666666,0.75,0.5,0.6666666666666666,0.6666666666666666,0.7783333333333333,0.25,0.6666666666666666,1.0,0.5,0.6458333333333333,0.67375
ontos-news-portal,media,0.16666666666666666,1.0,0.6666666666666666,0.16666666666666666,0.75,0.5,1.0,0.6666666666666666,0.7783333333333333,0.25,0.6666666666666666,1.0,0.5,0.7291666666666666,0.67375
pokepedia-fr,media,0.16666666666666666,1.0,0.6666666666666666,0.16666666666666666,0.75,0.5,1.0,0.6666666666666666,0.7783333333333333,0.25,0.5,0.8333333333333334,0.5,0.7291666666666666,0.5904166666666667
rdfize-lastfm,media,0.16666666666666666,1.0,0.6666666666666666,0.16666666666666666,0.75,0.5,0.6666666666666666,0.6666666666666666,0.7600000000000001,0.25,0.5,0.5,0.5,0.6458333333333333,0.5025000000000001
salzburgerland-com-de,media,0.16666666666666666,1.0,0.6666666666666666,0.16666666666666666,0.75,0.5,1.0,0.6666666666666666,0.7783333333333333,0.25,0.5,0.8333333333333334,0.5,0.7291666666666666,0.5904166666666667
salzburgerland-com-en,media,0.16666666666666666,1.0,0.6666666666666666,0.16666666666666666,0.75,0.5,1.0,0.6666666666666666,0.7783333333333333,0.25,0.5,0.8333333333333334,0.5,0.7291666666666666,0.5904166666666667
salzburgerland-com-it,media,0.16666666666666666,1.0,0.6666666666666666,0.16666666666666666,0.75,0.5,1.0,0.6666666666666666,0.7783333333333333,0.25,0.5,0.8333333333333334,0.5,0.7291666666666666,0.5904166666666667
surge-radio,media,0.16666666666666666,1.0,0.6666666666666666,0.16666666666666666,0.75,0.5,0.6666666666666666,0.6666666666666666,0.7600000000000001,0.25,0.5,0.5,0.5,0.6458333333333333,0.5025000000000001
wasabi,media,0.16666666666666666,1.0,0.6666666666666666,0.16666666666666666,0.75,0.5,1.0,0.6666666666666666,1.0,1.0,0.842105263,1.0,0.5,0.7291666666666666,0.96052631575
zitgist-musicbrainz,media,0.16666666666666666,1.0,0.6666666666666666,0.16666666666666666,0.75,0.5,1.0,0.6666666666666666,0.7783333333333333,0.25,0.5,0.8333333333333334,0.5,0.7291666666666666,0.5904166666666667
