id,F_fuji,A_fuji,I_fuji,R_fuji,F_fc,A_fc,I_fc,R_fc,F_kgh,A_kgh,I_kgh,R_kgh,FAIR_fuji,FAIR_fc,FAIR_kgh
bio2rdf-chembl,0.16666666666666666,0.375,0.0,0.0,0.0,0.5,0.0,0.0,0.8150000000000001,0.5,0.6666666666666666,1.0,0.13541666666666666,0.125,0.7454166666666666
fu-berlin-drugbank,0.16666666666666666,0.375,0.0,0.0,0.0,0.5,0.0,0.0,0.7783333333333333,0.25,0.5,0.5,0.13541666666666666,0.125,0.5070833333333333
bio2rdf-goa,0.16666666666666666,0.375,0.0,0.0,0.25,0.5,0.0,0.0,0.8333333333333334,1.0,0.7272727273333333,1.0,0.13541666666666666,0.1875,0.8901515151666667
bio2rdf-homologene,0.16666666666666666,0.375,0.0,0.0,0.25,0.5,0.0,0.0,0.8333333333333334,1.0,0.7272727273333333,1.0,0.13541666666666666,0.1875,0.8901515151666667
bio2rdf-irefindex,0.16666666666666666,0.375,0.0,0.0,0.25,0.5,0.0,0.0,0.8333333333333334,1.0,0.7272727273333333,1.0,0.13541666666666666,0.1875,0.8901515151666667
bio2rdf-mesh,0.16666666666666666,0.375,0.0,0.0,0.25,0.5,0.0,0.0,0.8333333333333334,1.0,0.7272727273333333,1.0,0.13541666666666666,0.1875,0.8901515151666667
bio2rdf-ndc,0.16666666666666666,0.375,0.0,0.0,0.25,0.5,0.0,0.0,0.8333333333333334,1.0,0.7272727273333333,1.0,0.13541666666666666,0.1875,0.8901515151666667
bio2rdf-pharmgkb,0.16666666666666666,0.375,0.0,0.0,0.25,0.5,0.0,0.0,0.8333333333333334,1.0,0.7272727273333333,1.0,0.13541666666666666,0.1875,0.8901515151666667
bio2rdf-orphanet,0.16666666666666666,0.375,0.0,0.0,0.25,0.5,0.0,0.0,0.8333333333333334,1.0,0.7272727273333333,1.0,0.13541666666666666,0.1875,0.8901515151666667
bio2rdf-sabiork,0.16666666666666666,0.375,0.0,0.0,0.0,0.5,0.0,0.0,0.8150000000000001,0.5,0.6666666666666666,1.0,0.13541666666666666,0.125,0.7454166666666666
bio2rdf-sider,0.16666666666666666,0.375,0.0,0.0,0.25,0.5,0.0,0.0,0.8333333333333334,1.0,0.7272727273333333,1.0,0.13541666666666666,0.1875,0.8901515151666667
bio2rdf-taxon,0.16666666666666666,0.375,0.0,0.0,0.0,0.5,0.0,0.0,0.7966666666666667,0.5,0.5,0.5,0.13541666666666666,0.125,0.5741666666666667
bio2rdf-wormbase,0.16666666666666666,0.375,0.0,0.0,0.25,0.5,0.0,0.0,0.8333333333333334,1.0,0.7272727273333333,1.0,0.13541666666666666,0.1875,0.8901515151666667
bioportal-mccl_x1,0.16666666666666666,0.5,0.6666666666666666,0.0,0.0,0.5,0.0,0.0,0.7600000000000001,0.25,0.5,0.5,0.3333333333333333,0.125,0.5025000000000001
bioportal-apo,0.16666666666666666,0.375,0.0,0.0,0.0,0.5,0.0,0.0,0.7783333333333333,0.25,0.5,0.5,0.13541666666666666,0.125,0.5070833333333333
bioportal-nmr,0.16666666666666666,0.375,0.0,0.0,0.0,0.0,0.0,0.0,0.7783333333333333,0.25,0.5,0.5,0.13541666666666666,0.0,0.5070833333333333
bioportal-sio,0.16666666666666666,0.5,0.6666666666666666,0.0,0.0,0.5,0.0,0.0,0.8150000000000001,0.5,0.5,0.8333333333333334,0.3333333333333333,0.125,0.6620833333333334
bioportal-fypo,0.16666666666666666,0.5,0.6666666666666666,0.0,0.0,0.5,0.0,0.0,0.7783333333333333,0.25,0.5,0.5,0.3333333333333333,0.125,0.5070833333333333
bioportal-mod,0.16666666666666666,0.5,0.6666666666666666,0.0,0.0,0.5,0.0,0.0,0.7783333333333333,0.25,0.5,0.5,0.3333333333333333,0.125,0.5070833333333333
bioportal-imr,0.16666666666666666,0.375,0.0,0.0,1.0,0.5,1.0,0.6666666666666666,0.7783333333333333,0.25,0.5,0.5,0.13541666666666666,0.7916666666666666,0.5070833333333333
bioportal-nif_cell,0.16666666666666666,0.5,0.6666666666666666,0.0,0.0,0.5,0.0,0.0,0.7783333333333333,0.25,0.5,0.5,0.3333333333333333,0.125,0.5070833333333333
bioportal-wbphenotype,0.16666666666666666,0.5,0.6666666666666666,0.0,0.0,0.5,0.0,0.0,0.7783333333333333,0.25,0.5,0.5,0.3333333333333333,0.125,0.5070833333333333
jita,0.16666666666666666,0.375,0.0,0.0,0.0,0.0,0.0,0.0,0.8150000000000001,0.5,0.6666666666666666,1.0,0.13541666666666666,0.0,0.7454166666666666
bioportal-efo,0.16666666666666666,0.5,0.6666666666666666,0.0,0.0,0.5,0.0,0.0,0.7600000000000001,0.25,0.5,0.5,0.3333333333333333,0.125,0.5025000000000001
bioportal-aeo,0.16666666666666666,0.5,0.6666666666666666,0.0,0.0,0.5,0.0,0.0,0.7783333333333333,0.25,0.5,0.5,0.3333333333333333,0.125,0.5070833333333333
bioportal-rex,0.16666666666666666,0.5,0.6666666666666666,0.0,0.0,0.5,0.0,0.0,0.7783333333333333,0.25,0.5,0.5,0.3333333333333333,0.125,0.5070833333333333
bioportal-geospecies,0.16666666666666666,0.5,0.6666666666666666,0.0,0.0,0.5,0.0,0.0,0.7783333333333333,0.25,0.5,0.5,0.3333333333333333,0.125,0.5070833333333333
bioportal-chebi,0.16666666666666666,0.5,0.6666666666666666,0.0,0.0,0.5,0.0,0.0,0.7783333333333333,0.25,0.5,0.5,0.3333333333333333,0.125,0.5070833333333333
bioportal-rnao,0.16666666666666666,0.5,0.6666666666666666,0.0,0.0,0.5,0.0,0.0,0.7783333333333333,0.25,0.5,0.5,0.3333333333333333,0.125,0.5070833333333333
bioportal-lipro,0.16666666666666666,0.5,0.6666666666666666,0.0,0.0,0.5,0.0,0.0,0.7783333333333333,0.25,0.5,0.5,0.3333333333333333,0.125,0.5070833333333333
bioportal-hao,0.16666666666666666,0.5,0.6666666666666666,0.0,0.0,0.5,0.0,0.0,0.7783333333333333,0.25,0.5,0.5,0.3333333333333333,0.125,0.5070833333333333
bioportal-fbdv,0.16666666666666666,0.5,0.6666666666666666,0.0,0.0,0.5,0.0,0.0,0.7783333333333333,0.25,0.5,0.5,0.3333333333333333,0.125,0.5070833333333333
bioportal-fbbt,0.16666666666666666,0.5,0.6666666666666666,0.0,0.0,0.5,0.0,0.0,0.7783333333333333,0.25,0.5,0.5,0.3333333333333333,0.125,0.5070833333333333
bioportal-bto,0.16666666666666666,0.5,0.6666666666666666,0.0,0.0,0.5,0.0,0.0,0.7783333333333333,0.25,0.5,0.5,0.3333333333333333,0.125,0.5070833333333333
bioportal-ncbitaxon,0.16666666666666666,0.5,0.6666666666666666,0.0,0.0,0.5,0.0,0.0,0.7783333333333333,0.25,0.5,0.5,0.3333333333333333,0.125,0.5070833333333333
bioportal-pw,0.16666666666666666,0.5,0.6666666666666666,0.0,0.0,0.5,0.0,0.0,0.7783333333333333,0.25,0.5,0.5,0.3333333333333333,0.125,0.5070833333333333
bioportal-ogi,0.16666666666666666,0.5,0.6666666666666666,0.0,0.0,0.5,0.0,0.0,0.7783333333333333,0.25,0.5,0.5,0.3333333333333333,0.125,0.5070833333333333
bioportal-ev,0.16666666666666666,0.375,0.0,0.0,0.0,0.0,0.0,0.0,0.7783333333333333,0.25,0.5,0.5,0.13541666666666666,0.0,0.5070833333333333
bioportal-ehdaa,0.16666666666666666,0.5,0.6666666666666666,0.0,0.0,0.5,0.0,0.0,0.7783333333333333,0.25,0.5,0.5,0.3333333333333333,0.125,0.5070833333333333
bioportal-mmo,0.16666666666666666,0.5,0.6666666666666666,0.0,0.0,0.5,0.0,0.0,0.7783333333333333,0.25,0.5,0.5,0.3333333333333333,0.125,0.5070833333333333
bioportal-ido,0.16666666666666666,0.5,0.6666666666666666,0.0,0.0,0.5,0.0,0.0,0.7783333333333333,0.25,0.5,0.5,0.3333333333333333,0.125,0.5070833333333333
bioportal-cheminf,0.16666666666666666,0.5,0.6666666666666666,0.0,0.0,0.5,0.0,0.0,0.7966666666666667,0.25,0.5,0.8333333333333334,0.3333333333333333,0.125,0.5950000000000001
bioportal-npo,0.16666666666666666,0.5,0.6666666666666666,0.0,0.0,0.5,0.0,0.0,0.7783333333333333,0.25,0.5,0.5,0.3333333333333333,0.125,0.5070833333333333
chempedia-rdf,0.16666666666666666,0.375,0.0,0.0,0.0,0.5,0.0,0.0,0.7966666666666667,0.5,0.16666666666666666,0.8333333333333334,0.13541666666666666,0.125,0.5741666666666667
bioportal-mego,0.16666666666666666,0.5,0.6666666666666666,0.0,0.0,0.5,0.0,0.0,0.7783333333333333,0.25,0.5,0.5,0.3333333333333333,0.125,0.5070833333333333
addgene,0.16666666666666666,0.5,0.0,0.16666666666666666,0.25,0.5,0.0,0.0,0.7783333333333333,0.25,0.5,0.5,0.20833333333333331,0.1875,0.5070833333333333
bioportal-exo,0.16666666666666666,0.5,0.6666666666666666,0.0,0.0,0.5,0.0,0.0,0.7783333333333333,0.25,0.5,0.5,0.3333333333333333,0.125,0.5070833333333333
bioportal-uo,0.16666666666666666,0.375,0.0,0.0,0.0,0.5,0.0,0.0,0.7783333333333333,0.25,0.5,0.5,0.13541666666666666,0.125,0.5070833333333333
bioportal-pato,0.16666666666666666,0.5,0.6666666666666666,0.0,0.0,0.5,0.0,0.0,0.7783333333333333,0.25,0.5,0.5,0.3333333333333333,0.125,0.5070833333333333
kupkb,0.16666666666666666,0.375,0.0,0.0,0.0,0.5,0.0,0.0,0.7600000000000001,0.25,0.6666666666666666,0.3333333333333333,0.13541666666666666,0.125,0.5025000000000001
entrez_gene,0.16666666666666666,0.5,0.0,0.16666666666666666,0.25,0.5,0.0,0.0,0.7600000000000001,0.25,0.6666666666666666,0.6666666666666666,0.20833333333333331,0.1875,0.5858333333333333
bioportal-mcbcc,0.16666666666666666,0.5,0.6666666666666666,0.0,0.0,0.5,0.0,0.0,0.7783333333333333,0.25,0.5,0.5,0.3333333333333333,0.125,0.5070833333333333
bioportal-oboe,0.16666666666666666,0.5,0.6666666666666666,0.0,0.0,0.5,0.0,0.0,0.7783333333333333,0.25,0.5,0.5,0.3333333333333333,0.125,0.5070833333333333
bioportal-snpo,0.16666666666666666,0.5,0.6666666666666666,0.0,0.0,0.5,0.0,0.0,0.7783333333333333,0.25,0.5,0.5,0.3333333333333333,0.125,0.5070833333333333
bioportal-sao,0.16666666666666666,0.5,0.6666666666666666,0.0,0.0,0.5,0.0,0.0,0.7783333333333333,0.25,0.5,0.5,0.3333333333333333,0.125,0.5070833333333333
fu-berlin-stitch,0.16666666666666666,0.375,0.0,0.0,0.0,0.5,0.0,0.0,0.7783333333333333,0.25,0.5,0.8333333333333334,0.13541666666666666,0.125,0.5904166666666667
bioportal-cl,0.16666666666666666,0.5,0.6666666666666666,0.0,0.0,0.5,0.0,0.0,0.7783333333333333,0.25,0.5,0.5,0.3333333333333333,0.125,0.5070833333333333
bioportal-bp,0.16666666666666666,0.5,0.6666666666666666,0.0,0.0,0.5,0.0,0.0,0.7966666666666667,0.25,0.5,0.8333333333333334,0.3333333333333333,0.125,0.5950000000000001
bioportal-bdo,0.16666666666666666,0.5,0.6666666666666666,0.0,0.0,0.5,0.0,0.0,0.7783333333333333,0.25,0.5,0.5,0.3333333333333333,0.125,0.5070833333333333
biosamples-rdf,0.16666666666666666,0.5,0.3333333333333333,0.5,0.625,0.5,0.5,0.6666666666666666,0.7966666666666667,0.5,0.6666666666666666,0.6666666666666666,0.375,0.5729166666666666,0.6575
bioportal-ecg,0.16666666666666666,0.5,0.6666666666666666,0.0,0.0,0.5,0.0,0.0,0.7783333333333333,0.25,0.5,0.5,0.3333333333333333,0.125,0.5070833333333333
fu-berlin-dailymed,0.16666666666666666,0.375,0.0,0.0,0.0,0.5,0.0,0.0,0.7783333333333333,0.25,0.6666666666666666,0.6666666666666666,0.13541666666666666,0.125,0.5904166666666666
PGxLOD,0.5,1.0,0.6666666666666666,0.8333333333333334,0.625,1.0,0.8333333333333334,1.0,0.7966666666666667,1.0,0.5,0.8333333333333334,0.75,0.8645833333333334,0.7825000000000001
gene-expression-atlas-rdf,0.16666666666666666,0.375,0.0,0.0,0.375,0.0,0.5,0.3333333333333333,0.7966666666666667,0.5,0.6666666666666666,0.6666666666666666,0.13541666666666666,0.3020833333333333,0.6575
yale_senselab,0.16666666666666666,0.375,0.0,0.0,0.0,0.5,0.0,0.0,0.7600000000000001,0.25,0.3333333333333333,0.6666666666666666,0.13541666666666666,0.125,0.5025000000000001
arrayexpress-e-afmx-1,0.16666666666666666,0.5,0.3333333333333333,0.16666666666666666,0.25,0.5,0.0,0.0,0.7783333333333333,0.5,0.16666666666666666,0.5,0.2916666666666667,0.1875,0.48625
biolod-pdb,0.16666666666666666,0.375,0.0,0.0,0.25,0.5,0.3333333333333333,0.16666666666666666,0.7966666666666667,0.25,0.5,0.8333333333333334,0.13541666666666666,0.3125,0.5950000000000001
bioportal-icf_x1,0.16666666666666666,0.5,0.6666666666666666,0.0,0.0,0.5,0.0,0.0,0.7783333333333333,0.25,0.5,0.5,0.3333333333333333,0.125,0.5070833333333333
cz-sidc-drug-ingredients,0.16666666666666666,0.375,0.0,0.0,0.0,0.5,0.0,0.0,0.7966666666666667,0.25,0.5,0.8333333333333334,0.13541666666666666,0.125,0.5950000000000001
chem2bio2rdf,0.16666666666666666,0.375,0.0,0.0,0.0,0.5,0.0,0.0,0.7783333333333333,0.25,0.5,0.5,0.13541666666666666,0.125,0.5070833333333333
Naturopathy,0.16666666666666666,0.375,0.0,0.0,0.25,0.5,0.0,0.0,0.8150000000000001,0.5,0.6666666666666666,1.0,0.13541666666666666,0.1875,0.7454166666666666
bioportal-mdr,0.16666666666666666,0.5,0.6666666666666666,0.0,0.0,0.5,0.0,0.0,0.7783333333333333,0.25,0.5,0.5,0.3333333333333333,0.125,0.5070833333333333
bioportal-spto,0.16666666666666666,0.5,0.6666666666666666,0.0,0.0,0.5,0.0,0.0,0.7783333333333333,0.25,0.5,0.5,0.3333333333333333,0.125,0.5070833333333333
bioportal-ddi,0.16666666666666666,0.5,0.6666666666666666,0.0,0.0,0.5,0.0,0.0,0.7783333333333333,0.25,0.5,0.5,0.3333333333333333,0.125,0.5070833333333333
Hermos,0.16666666666666666,0.5,0.3333333333333333,0.5,0.5,0.5,0.3333333333333333,0.16666666666666666,0.7966666666666667,0.5,0.16666666666666666,0.8333333333333334,0.375,0.375,0.5741666666666667
bioportal-mpath,0.16666666666666666,0.5,0.6666666666666666,0.0,0.0,0.5,0.0,0.0,0.7783333333333333,0.25,0.5,0.5,0.3333333333333333,0.125,0.5070833333333333
bioportal-jerm,0.16666666666666666,0.375,0.0,0.0,0.0,0.0,0.0,0.0,0.7783333333333333,0.25,0.5,0.5,0.13541666666666666,0.0,0.5070833333333333
bioportal-phare,0.16666666666666666,0.5,0.6666666666666666,0.0,0.0,0.5,0.0,0.0,0.7783333333333333,0.25,0.5,0.5,0.3333333333333333,0.125,0.5070833333333333
disgenet,0.5,1.0,0.6666666666666666,0.6666666666666666,0.625,0.5,0.5,0.6666666666666666,0.8150000000000001,0.5,0.6666666666666666,1.0,0.7083333333333333,0.5729166666666666,0.7454166666666666
cz-sidc-drugs,0.16666666666666666,0.375,0.0,0.0,0.0,0.5,0.0,0.0,0.7966666666666667,0.25,0.5,0.8333333333333334,0.13541666666666666,0.125,0.5950000000000001
cz-eh-1-atc,0.16666666666666666,0.5,0.6666666666666666,0.0,0.0,0.5,0.0,0.0,0.7966666666666667,0.25,0.5,0.8333333333333334,0.3333333333333333,0.125,0.5950000000000001
bioportal-nigo,0.16666666666666666,0.5,0.6666666666666666,0.0,0.0,0.5,0.0,0.0,0.7783333333333333,0.25,0.5,0.5,0.3333333333333333,0.125,0.5070833333333333
PubChem RDF,0.16666666666666666,0.5,0.3333333333333333,0.16666666666666666,0.625,0.5,0.5,0.3333333333333333,0.7966666666666667,0.25,0.3333333333333333,1.0,0.2916666666666667,0.4895833333333333,0.595
bioportal-gro,0.16666666666666666,0.375,0.0,0.0,0.0,0.5,0.0,0.0,0.7600000000000001,0.25,0.16666666666666666,0.5,0.13541666666666666,0.125,0.41916666666666674
bioportal-unitsontology,0.16666666666666666,0.5,0.6666666666666666,0.0,0.0,0.5,0.0,0.0,0.7783333333333333,0.25,0.5,0.5,0.3333333333333333,0.125,0.5070833333333333
bioportal-ogmd,0.16666666666666666,0.5,0.6666666666666666,0.0,0.0,0.5,0.0,0.0,0.7783333333333333,0.25,0.5,0.5,0.3333333333333333,0.125,0.5070833333333333
bioportal-nddf,0.16666666666666666,0.5,0.6666666666666666,0.0,0.0,0.5,0.0,0.0,0.7783333333333333,0.25,0.5,0.5,0.3333333333333333,0.125,0.5070833333333333
bioportal-mo,0.16666666666666666,0.5,0.6666666666666666,0.0,0.0,0.5,0.0,0.0,0.7783333333333333,0.25,0.5,0.5,0.3333333333333333,0.125,0.5070833333333333
bioportal-ms,0.16666666666666666,0.5,0.6666666666666666,0.0,0.0,0.5,0.0,0.0,0.7783333333333333,0.25,0.5,0.5,0.3333333333333333,0.125,0.5070833333333333
linked-drugs,0.16666666666666666,0.375,0.0,0.0,0.0,0.5,0.0,0.0,0.7966666666666667,0.25,0.5,0.8333333333333334,0.13541666666666666,0.125,0.5950000000000001
ontobeef-domain,0.16666666666666666,0.375,0.0,0.0,0.125,0.0,0.16666666666666666,0.0,0.7966666666666667,0.25,0.5,0.8333333333333334,0.13541666666666666,0.07291666666666666,0.5950000000000001
bioportal-ndfrt,0.16666666666666666,0.5,0.6666666666666666,0.0,0.0,0.5,0.0,0.0,0.7783333333333333,0.25,0.5,0.5,0.3333333333333333,0.125,0.5070833333333333
bioportal-ontoorpha,0.16666666666666666,0.5,0.6666666666666666,0.0,0.0,0.5,0.0,0.0,0.7966666666666667,0.25,0.5,0.8333333333333334,0.3333333333333333,0.125,0.5950000000000001
bioportal-air,0.16666666666666666,0.5,0.6666666666666666,0.0,0.0,0.5,0.0,0.0,0.7783333333333333,0.25,0.5,0.5,0.3333333333333333,0.125,0.5070833333333333
bioportal-bcgo,0.16666666666666666,0.5,0.6666666666666666,0.0,0.0,0.5,0.0,0.0,0.7783333333333333,0.25,0.5,0.5,0.3333333333333333,0.125,0.5070833333333333
ogolod,0.16666666666666666,0.375,0.0,0.0,0.0,0.5,0.0,0.0,0.7966666666666667,0.25,0.5,0.8333333333333334,0.13541666666666666,0.125,0.5950000000000001
bioportal-hugo,0.16666666666666666,0.5,0.6666666666666666,0.0,0.0,0.5,0.0,0.0,0.7783333333333333,0.25,0.5,0.5,0.3333333333333333,0.125,0.5070833333333333
bioportal-neomark,0.16666666666666666,0.375,0.0,0.0,0.0,0.5,0.0,0.0,0.7783333333333333,0.25,0.5,0.5,0.13541666666666666,0.125,0.5070833333333333
bioportal-pdq,0.16666666666666666,0.5,0.6666666666666666,0.0,0.0,0.5,0.0,0.0,0.7783333333333333,0.25,0.5,0.5,0.3333333333333333,0.125,0.5070833333333333
bioportal-cogat,0.16666666666666666,0.5,0.6666666666666666,0.0,0.0,0.5,0.0,0.0,0.7783333333333333,0.25,0.5,0.5,0.3333333333333333,0.125,0.5070833333333333
bio2rdf-affymetrix,0.16666666666666666,0.5,0.3333333333333333,0.16666666666666666,0.625,0.5,0.5,0.3333333333333333,0.8333333333333334,1.0,0.7272727273333333,1.0,0.2916666666666667,0.4895833333333333,0.8901515151666667
bio2rdf-clinicaltrials,0.16666666666666666,0.375,0.0,0.0,0.625,0.5,0.5,0.3333333333333333,0.8333333333333334,1.0,0.7272727273333333,1.0,0.13541666666666666,0.4895833333333333,0.8901515151666667
bio2rdf-ctd,0.16666666666666666,0.375,0.0,0.0,0.25,0.5,0.0,0.0,0.8333333333333334,1.0,0.7272727273333333,1.0,0.13541666666666666,0.1875,0.8901515151666667
bio2rdf-dbsnp,0.16666666666666666,0.375,0.0,0.0,0.25,0.5,0.0,0.0,0.8333333333333334,1.0,0.7272727273333333,1.0,0.13541666666666666,0.1875,0.8901515151666667
bio2rdf-genage,0.16666666666666666,0.375,0.0,0.0,0.25,0.5,0.0,0.0,0.8333333333333334,1.0,0.7272727273333333,1.0,0.13541666666666666,0.1875,0.8901515151666667
bio2rdf-gendr,0.16666666666666666,0.375,0.0,0.0,0.25,0.5,0.0,0.0,0.8333333333333334,1.0,0.7272727273333333,1.0,0.13541666666666666,0.1875,0.8901515151666667
bio2rdf-hgnc,0.16666666666666666,0.375,0.0,0.0,0.25,0.5,0.0,0.0,0.8333333333333334,1.0,0.7272727273333333,1.0,0.13541666666666666,0.1875,0.8901515151666667
bio2rdf-interpro,0.16666666666666666,0.375,0.0,0.0,0.75,1.0,0.6666666666666666,0.8333333333333334,0.8333333333333334,1.0,0.7272727273333333,1.0,0.13541666666666666,0.8125,0.8901515151666667
bio2rdf-iproclass,0.16666666666666666,0.375,0.0,0.0,0.25,0.5,0.0,0.0,0.8333333333333334,1.0,0.7272727273333333,1.0,0.13541666666666666,0.1875,0.8901515151666667
bio2rdf-kegg,0.16666666666666666,0.375,0.0,0.0,0.25,0.5,0.0,0.0,0.8333333333333334,1.0,0.7272727273333333,1.0,0.13541666666666666,0.1875,0.8901515151666667
bio2rdf-linkedspl,0.16666666666666666,0.5,0.0,0.5,0.25,0.5,0.0,0.0,0.8150000000000001,1.0,0.393939394,1.0,0.29166666666666663,0.1875,0.8022348484999999
bio2rdf-lsr,0.16666666666666666,0.375,0.0,0.0,0.0,0.0,0.0,0.0,0.8333333333333334,1.0,0.7272727273333333,1.0,0.13541666666666666,0.0,0.8901515151666667
bio2rdf-ncbigene,0.16666666666666666,0.375,0.0,0.0,0.25,0.5,0.0,0.0,0.8333333333333334,1.0,0.7272727273333333,1.0,0.13541666666666666,0.1875,0.8901515151666667
bio2rdf-omim,0.16666666666666666,0.375,0.0,0.0,0.25,0.5,0.0,0.0,0.8333333333333334,1.0,0.7272727273333333,1.0,0.13541666666666666,0.1875,0.8901515151666667
bio2rdf-pathwaycommons,0.16666666666666666,0.375,0.0,0.0,0.25,0.5,0.0,0.0,0.8150000000000001,1.0,0.393939394,1.0,0.13541666666666666,0.1875,0.8022348484999999
bio2rdf-reactome,0.16666666666666666,0.5,0.3333333333333333,0.16666666666666666,0.5,0.5,0.3333333333333333,0.16666666666666666,0.7966666666666667,1.0,0.5606060606666666,0.8333333333333334,0.2916666666666667,0.375,0.7976515151666668
bio2rdf-sgd,0.16666666666666666,0.375,0.0,0.0,0.25,0.5,0.0,0.0,0.8333333333333334,1.0,0.7272727273333333,1.0,0.13541666666666666,0.1875,0.8901515151666667
bio2rdf-bioportal,0.16666666666666666,0.375,0.0,0.0,0.0,0.5,0.0,0.0,0.8333333333333334,1.0,0.7272727273333333,1.0,0.13541666666666666,0.125,0.8901515151666667
lincs-cloview,0.16666666666666666,0.375,0.0,0.0,0.25,0.5,0.0,0.0,0.25522753133333337,1.0,0.16666666666666666,0.5,0.13541666666666666,0.1875,0.48047354950000004
lthido,0.16666666666666666,0.375,0.0,0.0,0.0,0.5,0.0,0.0,0.254658703,1.0,0.16666666666666666,0.5,0.13541666666666666,0.125,0.4803313424166667
ndf-rt,0.16666666666666666,0.375,0.0,0.0,0.0,0.5,0.0,0.0,0.38833333333333336,0.375,0.16666666666666666,0.5,0.13541666666666666,0.125,0.35750000000000004
ogg-at,0.16666666666666666,0.375,0.0,0.0,0.0,0.0,0.0,0.0,0.2741296928333333,1.0,0.16666666666666666,0.8333333333333334,0.13541666666666666,0.0,0.5685324232083333
ogg-bru,0.16666666666666666,0.375,0.0,0.0,0.0,0.0,0.0,0.0,0.2741296928333333,1.0,0.16666666666666666,0.8333333333333334,0.13541666666666666,0.0,0.5685324232083333
ogg-dm,0.16666666666666666,0.375,0.0,0.0,0.0,0.0,0.0,0.0,0.2741296928333333,1.0,0.16666666666666666,0.8333333333333334,0.13541666666666666,0.0,0.5685324232083333
ogg-sc,0.16666666666666666,0.375,0.0,0.0,0.0,0.0,0.0,0.0,0.2741296928333333,1.0,0.16666666666666666,0.8333333333333334,0.13541666666666666,0.0,0.5685324232083333
reo,0.16666666666666666,0.375,0.0,0.0,0.0,0.5,0.0,0.0,0.22166666666666668,0.0,0.16666666666666666,0.5,0.13541666666666666,0.125,0.22208333333333333
sdgio,0.16666666666666666,0.375,0.0,0.0,0.0,0.5,0.0,0.0,0.22166666666666668,0.0,0.16666666666666666,0.5,0.13541666666666666,0.125,0.22208333333333333
uberon-basic,0.16666666666666666,0.5,0.0,0.5,0.25,0.5,0.0,0.0,0.24,0.0,0.16666666666666666,0.8333333333333334,0.29166666666666663,0.1875,0.31
uberon_collected_metazoa,0.16666666666666666,0.5,0.0,0.5,0.25,0.5,0.0,0.0,0.24,0.0,0.16666666666666666,0.8333333333333334,0.29166666666666663,0.1875,0.31
uberon_depictions,0.16666666666666666,0.5,0.0,0.5,0.25,0.5,0.0,0.0,0.24,0.0,0.16666666666666666,0.8333333333333334,0.29166666666666663,0.1875,0.31
xl,0.16666666666666666,0.375,0.0,0.0,0.0,0.5,0.0,0.0,0.25522753133333337,1.0,0.16666666666666666,0.5,0.13541666666666666,0.125,0.48047354950000004
evorao,0.16666666666666666,0.5,1.0,0.5,0.5,0.5,0.3333333333333333,0.5,0.7399999999999999,0.0,0.16666666666666666,0.5,0.5416666666666666,0.4583333333333333,0.3516666666666666
ictv,0.16666666666666666,0.375,0.0,0.0,0.25,0.5,0.0,0.0,0.22166666666666668,0.0,0.16666666666666666,0.5,0.13541666666666666,0.1875,0.22208333333333333
uniprotrdfs,0.16666666666666666,0.5,0.3333333333333333,0.3333333333333333,0.5,0.5,0.6666666666666666,0.16666666666666666,0.22166666666666668,0.0,0.16666666666666666,0.5,0.3333333333333333,0.4583333333333333,0.22208333333333333
addicto,0.16666666666666666,0.5,0.0,0.16666666666666666,0.25,0.5,0.0,0.0,0.20333333333333334,0.0,0.16666666666666666,0.16666666666666666,0.20833333333333331,0.1875,0.13416666666666666
dhba,0.16666666666666666,0.5,0.0,0.16666666666666666,0.25,0.5,0.0,0.0,0.20333333333333334,0.0,0.16666666666666666,0.16666666666666666,0.20833333333333331,0.1875,0.13416666666666666
hba,0.16666666666666666,0.5,0.0,0.16666666666666666,0.25,0.5,0.0,0.0,0.7216666666666667,0.0,0.16666666666666666,0.16666666666666666,0.20833333333333331,0.1875,0.26375
lipidmaps,0.16666666666666666,0.5,0.0,0.16666666666666666,0.25,0.5,0.0,0.0,0.22166666666666668,1.0,0.16666666666666666,0.5,0.20833333333333331,0.1875,0.47208333333333335
cao,0.16666666666666666,0.5,0.0,0.16666666666666666,0.25,0.5,0.0,0.0,0.7216666666666667,0.0,0.16666666666666666,0.16666666666666666,0.20833333333333331,0.1875,0.26375
phi,0.16666666666666666,0.375,0.0,0.0,0.25,0.5,0.0,0.0,0.22166666666666668,0.0,0.16666666666666666,0.5,0.13541666666666666,0.1875,0.22208333333333333
msio,0.16666666666666666,0.5,0.0,0.16666666666666666,0.25,0.5,0.0,0.0,0.7216666666666667,0.0,0.16666666666666666,0.16666666666666666,0.20833333333333331,0.1875,0.26375
pride,0.16666666666666666,0.5,0.0,0.16666666666666666,0.25,0.5,0.0,0.0,0.7399999999999999,0.0,0.16666666666666666,0.5,0.20833333333333331,0.1875,0.3516666666666666
unimod,0.16666666666666666,0.375,0.0,0.0,0.25,0.5,0.0,0.0,0.22166666666666668,0.0,0.16666666666666666,0.5,0.13541666666666666,0.1875,0.22208333333333333
hcao,0.16666666666666666,0.5,0.0,0.16666666666666666,0.25,0.5,0.0,0.0,0.7216666666666667,0.0,0.16666666666666666,0.16666666666666666,0.20833333333333331,0.1875,0.26375
bcio,0.16666666666666666,0.5,0.0,0.16666666666666666,0.25,0.5,0.0,0.0,0.20333333333333334,0.0,0.16666666666666666,0.16666666666666666,0.20833333333333331,0.1875,0.13416666666666666
covoc,0.16666666666666666,0.5,0.0,0.16666666666666666,0.25,0.5,0.0,0.0,0.20333333333333334,0.0,0.16666666666666666,0.16666666666666666,0.20833333333333331,0.1875,0.13416666666666666
snomed,0.16666666666666666,0.5,0.3333333333333333,0.5,0.5,0.5,0.3333333333333333,0.16666666666666666,0.22166666666666668,0.0,0.16666666666666666,0.5,0.375,0.375,0.22208333333333333
ehda,0.16666666666666666,0.5,0.6666666666666666,0.0,0.0,0.5,0.0,0.0,0.7600000000000001,0.0,0.16666666666666666,0.8333333333333334,0.3333333333333333,0.125,0.44000000000000006
flu,0.16666666666666666,0.5,0.6666666666666666,0.0,0.25,0.5,0.0,0.0,0.7600000000000001,0.0,0.16666666666666666,0.8333333333333334,0.3333333333333333,0.1875,0.44000000000000006
loggerhead,0.16666666666666666,0.5,0.6666666666666666,0.0,0.0,0.0,0.0,0.0,0.24,0.0,0.16666666666666666,0.8333333333333334,0.3333333333333333,0.0,0.31
pd_st,0.16666666666666666,0.375,0.0,0.0,0.0,0.5,0.0,0.0,0.7600000000000001,0.0,0.16666666666666666,0.8333333333333334,0.13541666666666666,0.125,0.44000000000000006
propreo,0.16666666666666666,0.375,0.0,0.0,0.0,0.5,0.0,0.0,0.7600000000000001,0.0,0.16666666666666666,0.8333333333333334,0.13541666666666666,0.125,0.44000000000000006
resid,0.16666666666666666,0.375,0.0,0.0,0.375,0.0,0.5,0.3333333333333333,0.7600000000000001,0.0,0.16666666666666666,0.8333333333333334,0.13541666666666666,0.3020833333333333,0.44000000000000006
sopharm,0.16666666666666666,0.5,0.6666666666666666,0.0,0.0,0.5,0.0,0.0,0.24,0.0,0.16666666666666666,0.8333333333333334,0.3333333333333333,0.125,0.31
tahe,0.16666666666666666,0.375,0.0,0.0,0.25,0.5,0.0,0.0,0.24,0.0,0.16666666666666666,0.8333333333333334,0.13541666666666666,0.1875,0.31
tahh,0.16666666666666666,0.375,0.0,0.0,0.25,0.5,0.0,0.0,0.7600000000000001,0.0,0.16666666666666666,0.8333333333333334,0.13541666666666666,0.1875,0.44000000000000006
bci,0.16666666666666666,0.5,0.3333333333333333,0.16666666666666666,0.625,0.5,0.5,0.3333333333333333,0.24,0.0,0.16666666666666666,0.8333333333333334,0.2916666666666667,0.4895833333333333,0.31
biol,0.16666666666666666,0.5,0.3333333333333333,0.16666666666666666,0.625,0.5,0.5,0.3333333333333333,0.24,0.0,0.16666666666666666,0.8333333333333334,0.2916666666666667,0.4895833333333333,0.31
biopax,0.16666666666666666,0.5,0.3333333333333333,0.16666666666666666,0.625,0.5,0.5,0.3333333333333333,0.24,0.0,0.16666666666666666,0.8333333333333334,0.2916666666666667,0.4895833333333333,0.31
biotop,0.16666666666666666,0.5,0.3333333333333333,0.16666666666666666,0.625,0.5,0.5,0.3333333333333333,0.24,0.0,0.16666666666666666,0.8333333333333334,0.2916666666666667,0.4895833333333333,0.31
cochrane,0.16666666666666666,0.5,0.3333333333333333,0.16666666666666666,0.625,0.5,0.5,0.3333333333333333,0.24,0.0,0.16666666666666666,0.8333333333333334,0.2916666666666667,0.4895833333333333,0.31
cocoon,0.16666666666666666,0.5,0.3333333333333333,0.16666666666666666,0.625,0.5,0.5,0.3333333333333333,0.24,0.0,0.16666666666666666,0.8333333333333334,0.2916666666666667,0.4895833333333333,0.31
dataid,0.16666666666666666,0.5,0.3333333333333333,0.16666666666666666,0.625,0.5,0.5,0.3333333333333333,0.24,0.0,0.16666666666666666,0.8333333333333334,0.2916666666666667,0.4895833333333333,0.31
dbm,0.16666666666666666,0.5,0.3333333333333333,0.16666666666666666,0.625,0.5,0.5,0.3333333333333333,0.24,0.0,0.16666666666666666,0.8333333333333334,0.2916666666666667,0.4895833333333333,0.31
dbpedia-owl,0.16666666666666666,0.5,0.3333333333333333,0.16666666666666666,0.625,0.5,0.5,0.3333333333333333,0.24,0.0,0.16666666666666666,0.8333333333333334,0.2916666666666667,0.4895833333333333,0.31
hifm,0.16666666666666666,0.5,0.3333333333333333,0.16666666666666666,0.625,0.5,0.5,0.3333333333333333,0.24,0.0,0.16666666666666666,0.8333333333333334,0.2916666666666667,0.4895833333333333,0.31
hosp,0.16666666666666666,0.5,0.3333333333333333,0.16666666666666666,0.625,0.5,0.5,0.3333333333333333,0.24,0.0,0.16666666666666666,0.8333333333333334,0.2916666666666667,0.4895833333333333,0.31
incident,0.16666666666666666,0.5,0.3333333333333333,0.16666666666666666,0.625,0.5,0.5,0.3333333333333333,0.24,0.0,0.16666666666666666,0.8333333333333334,0.2916666666666667,0.4895833333333333,0.31
lsc,0.16666666666666666,0.5,0.3333333333333333,0.16666666666666666,0.625,0.5,0.5,0.3333333333333333,0.24,0.0,0.16666666666666666,0.8333333333333334,0.2916666666666667,0.4895833333333333,0.31
ofo,0.16666666666666666,0.5,0.3333333333333333,0.16666666666666666,0.625,0.5,0.5,0.3333333333333333,0.24,0.0,0.16666666666666666,0.8333333333333334,0.2916666666666667,0.4895833333333333,0.31
omnlc,0.16666666666666666,0.5,0.3333333333333333,0.16666666666666666,0.625,0.5,0.5,0.3333333333333333,0.24,0.0,0.16666666666666666,0.8333333333333334,0.2916666666666667,0.4895833333333333,0.31
person,0.16666666666666666,0.5,0.3333333333333333,0.16666666666666666,0.625,0.5,0.5,0.3333333333333333,0.24,0.0,0.16666666666666666,0.8333333333333334,0.2916666666666667,0.4895833333333333,0.31
pext,0.16666666666666666,0.5,0.3333333333333333,0.16666666666666666,0.625,0.5,0.5,0.3333333333333333,0.24,0.0,0.16666666666666666,0.8333333333333334,0.2916666666666667,0.4895833333333333,0.31
phdd,0.16666666666666666,0.5,0.3333333333333333,0.16666666666666666,0.625,0.5,0.5,0.3333333333333333,0.24,0.0,0.16666666666666666,0.8333333333333334,0.2916666666666667,0.4895833333333333,0.31
pimsii,0.16666666666666666,0.5,0.3333333333333333,0.16666666666666666,0.625,0.5,0.5,0.3333333333333333,0.22166666666666668,0.0,0.16666666666666666,0.5,0.2916666666666667,0.4895833333333333,0.22208333333333333
plink,0.16666666666666666,0.5,0.3333333333333333,0.16666666666666666,0.625,0.5,0.5,0.3333333333333333,0.22166666666666668,0.0,0.16666666666666666,0.5,0.2916666666666667,0.4895833333333333,0.22208333333333333
pmofn,0.16666666666666666,0.5,0.3333333333333333,0.16666666666666666,0.625,0.5,0.5,0.3333333333333333,0.24,0.0,0.16666666666666666,0.8333333333333334,0.2916666666666667,0.4895833333333333,0.31
pmonb,0.16666666666666666,0.5,0.3333333333333333,0.16666666666666666,0.625,0.5,0.5,0.3333333333333333,0.24,0.0,0.16666666666666666,0.8333333333333334,0.2916666666666667,0.4895833333333333,0.31
pmopb,0.16666666666666666,0.5,0.3333333333333333,0.16666666666666666,0.625,0.5,0.5,0.3333333333333333,0.24,0.0,0.16666666666666666,0.8333333333333334,0.2916666666666667,0.4895833333333333,0.31
pmovn,0.16666666666666666,0.5,0.3333333333333333,0.16666666666666666,0.625,0.5,0.5,0.3333333333333333,0.24,0.0,0.16666666666666666,0.8333333333333334,0.2916666666666667,0.4895833333333333,0.31
s4ehaw,0.16666666666666666,0.5,0.3333333333333333,0.16666666666666666,0.625,0.5,0.5,0.3333333333333333,0.24,0.0,0.16666666666666666,0.8333333333333334,0.2916666666666667,0.4895833333333333,0.31
sbeo,0.16666666666666666,0.5,0.3333333333333333,0.16666666666666666,0.625,0.5,0.5,0.3333333333333333,0.24,0.0,0.16666666666666666,0.8333333333333334,0.2916666666666667,0.4895833333333333,0.31
scip,0.16666666666666666,0.5,0.3333333333333333,0.16666666666666666,0.625,0.5,0.5,0.3333333333333333,0.22166666666666668,0.0,0.16666666666666666,0.5,0.2916666666666667,0.4895833333333333,0.22208333333333333
scoro,0.16666666666666666,0.5,0.3333333333333333,0.16666666666666666,0.625,0.5,0.5,0.3333333333333333,0.24,0.0,0.16666666666666666,0.8333333333333334,0.2916666666666667,0.4895833333333333,0.31
tax,0.16666666666666666,0.5,0.3333333333333333,0.16666666666666666,0.625,0.5,0.5,0.3333333333333333,0.24,0.0,0.16666666666666666,0.8333333333333334,0.2916666666666667,0.4895833333333333,0.31
taxon,0.16666666666666666,0.5,0.3333333333333333,0.16666666666666666,0.625,0.5,0.5,0.3333333333333333,0.22166666666666668,0.0,0.16666666666666666,0.5,0.2916666666666667,0.4895833333333333,0.22208333333333333
wikibase,0.16666666666666666,0.5,0.3333333333333333,0.16666666666666666,0.625,0.5,0.5,0.3333333333333333,0.24,0.0,0.16666666666666666,0.8333333333333334,0.2916666666666667,0.4895833333333333,0.31
mammalian-phenotype-ontology,0.16666666666666666,0.5,0.0,0.16666666666666666,0.25,0.5,0.0,0.0,0.24,0.0,0.16666666666666666,0.8333333333333334,0.20833333333333331,0.1875,0.31
drosophila-anatomy-developmental-ontology,0.16666666666666666,0.5,0.0,0.16666666666666666,0.25,0.5,0.0,0.0,0.24,0.0,0.16666666666666666,0.8333333333333334,0.20833333333333331,0.1875,0.31
geno-ontology,0.16666666666666666,0.5,0.0,0.16666666666666666,0.25,0.5,0.0,0.0,0.24,0.0,0.16666666666666666,0.8333333333333334,0.20833333333333331,0.1875,0.31
sem-prov-ontologies,0.16666666666666666,0.5,0.0,0.16666666666666666,0.25,0.5,0.0,0.0,0.24,0.0,0.16666666666666666,0.8333333333333334,0.20833333333333331,0.1875,0.31
microbe_masst,0.16666666666666666,0.5,0.3333333333333333,0.5,0.25,0.5,0.0,0.0,0.24,0.0,0.16666666666666666,0.8333333333333334,0.375,0.1875,0.31
semanticchemistry,0.16666666666666666,0.5,0.3333333333333333,0.5,0.5,0.5,0.3333333333333333,0.16666666666666666,0.24,0.0,0.16666666666666666,0.8333333333333334,0.375,0.375,0.31
monarch-disease-ontology-retired,0.16666666666666666,0.5,0.3333333333333333,0.5,0.25,0.5,0.0,0.0,0.24,0.0,0.16666666666666666,0.8333333333333334,0.375,0.1875,0.31
hspo-ontology,0.16666666666666666,0.5,0.3333333333333333,0.5,0.25,0.5,0.0,0.0,0.24,0.0,0.16666666666666666,0.8333333333333334,0.375,0.1875,0.31
environmental-exposure-ontology,0.16666666666666666,0.5,0.0,0.16666666666666666,0.25,0.5,0.0,0.0,0.24,0.0,0.16666666666666666,0.8333333333333334,0.20833333333333331,0.1875,0.31
mental-functioning-ontology,0.16666666666666666,0.5,0.6666666666666666,0.0,0.5,0.5,0.3333333333333333,0.16666666666666666,0.24,0.0,0.16666666666666666,0.8333333333333334,0.3333333333333333,0.375,0.31
diamond,0.16666666666666666,0.5,0.3333333333333333,0.5,0.25,0.5,0.0,0.0,0.24,0.0,0.16666666666666666,0.8333333333333334,0.375,0.1875,0.31
genealogical-trees,0.16666666666666666,0.5,0.3333333333333333,0.5,0.25,0.5,0.0,0.0,0.22166666666666668,0.0,0.16666666666666666,0.5,0.375,0.1875,0.22208333333333333
bio-attribute-ontology,0.16666666666666666,0.5,0.0,0.16666666666666666,0.25,0.5,0.0,0.0,0.24,0.0,0.16666666666666666,0.8333333333333334,0.20833333333333331,0.1875,0.31
behavior-ontology,0.16666666666666666,0.5,0.0,0.16666666666666666,0.25,0.5,0.0,0.0,0.24,0.0,0.16666666666666666,0.8333333333333334,0.20833333333333331,0.1875,0.31
joint-food-ontology-wg,0.16666666666666666,0.5,0.3333333333333333,0.5,0.25,0.5,0.0,0.0,0.22166666666666668,0.0,0.16666666666666666,0.5,0.375,0.1875,0.22208333333333333
disease-ontology,0.16666666666666666,0.5,0.3333333333333333,0.5,0.25,0.5,0.0,0.0,0.20333333333333334,0.0,0.16666666666666666,0.16666666666666666,0.375,0.1875,0.13416666666666666
osdu-ontology,0.16666666666666666,0.5,0.3333333333333333,0.5,0.25,0.5,0.0,0.0,0.24,0.0,0.16666666666666666,0.8333333333333334,0.375,0.1875,0.31
crop-ontology,0.16666666666666666,0.5,0.0,0.16666666666666666,0.25,0.5,0.0,0.0,0.24,0.0,0.16666666666666666,0.8333333333333334,0.20833333333333331,0.1875,0.31
humandiseaseontology,0.16666666666666666,0.375,0.0,0.0,0.25,0.5,0.0,0.0,0.24,0.0,0.16666666666666666,0.8333333333333334,0.13541666666666666,0.1875,0.31
human-phenotype-ontology,0.16666666666666666,0.5,0.6666666666666666,0.0,0.0,0.0,0.0,0.0,0.24,0.0,0.16666666666666666,0.8333333333333334,0.3333333333333333,0.0,0.31
go-ontology,0.16666666666666666,0.375,0.0,0.0,0.5,0.5,0.3333333333333333,0.16666666666666666,0.24,0.0,0.16666666666666666,0.8333333333333334,0.13541666666666666,0.375,0.31
cell-ontology,0.16666666666666666,0.5,0.0,0.16666666666666666,0.25,0.5,0.0,0.0,0.24,0.0,0.16666666666666666,0.8333333333333334,0.20833333333333331,0.1875,0.31
plant-ontology,0.16666666666666666,0.5,0.3333333333333333,0.5,0.25,0.5,0.0,0.0,0.22166666666666668,0.0,0.16666666666666666,0.5,0.375,0.1875,0.22208333333333333
ontie,0.16666666666666666,0.5,0.3333333333333333,0.5,0.25,0.5,0.0,0.0,0.22166666666666668,0.0,0.16666666666666666,0.5,0.375,0.1875,0.22208333333333333
auto,0.16666666666666666,0.5,0.3333333333333333,0.5,0.25,0.5,0.0,0.0,0.22166666666666668,0.0,0.16666666666666666,0.5,0.375,0.1875,0.22208333333333333
plant-stress-ontology,0.16666666666666666,0.5,0.3333333333333333,0.5,0.25,0.5,0.0,0.0,0.22166666666666668,0.0,0.16666666666666666,0.5,0.375,0.1875,0.22208333333333333
foodbiomarkerontology,0.16666666666666666,0.5,0.3333333333333333,0.5,0.25,0.5,0.0,0.0,0.22166666666666668,0.0,0.16666666666666666,0.5,0.375,0.1875,0.22208333333333333
obsolete-hdo,0.16666666666666666,0.5,0.3333333333333333,0.5,0.25,0.5,0.0,0.0,0.20333333333333334,0.0,0.16666666666666666,0.16666666666666666,0.375,0.1875,0.13416666666666666
rsc-cmo,0.16666666666666666,0.5,0.3333333333333333,0.5,0.25,0.5,0.0,0.0,0.22166666666666668,0.0,0.16666666666666666,0.5,0.375,0.1875,0.22208333333333333
bbc-wildlife,0.16666666666666666,0.5,0.3333333333333333,0.5,0.875,0.5,0.5,0.3333333333333333,0.20333333333333334,0.0,0.16666666666666666,0.16666666666666666,0.375,0.5520833333333334,0.13416666666666666
mcog-core,0.16666666666666666,0.5,0.3333333333333333,0.5,0.25,0.5,0.0,0.0,0.22166666666666668,0.0,0.16666666666666666,0.5,0.375,0.1875,0.22208333333333333
flybase-controlled-vocabulary,0.16666666666666666,0.5,0.3333333333333333,0.5,0.25,0.5,0.0,0.0,0.22166666666666668,0.0,0.16666666666666666,0.5,0.375,0.1875,0.22208333333333333
plant-experimental-conditions-ontology,0.16666666666666666,0.5,0.3333333333333333,0.5,0.25,0.5,0.0,0.0,0.22166666666666668,0.0,0.16666666666666666,0.5,0.375,0.1875,0.22208333333333333
developmental-stage-ontologies,0.16666666666666666,0.5,0.3333333333333333,0.5,0.25,0.5,0.0,0.0,0.20333333333333334,0.0,0.16666666666666666,0.16666666666666666,0.375,0.1875,0.13416666666666666
zebrafish-phenotype-ontology,0.16666666666666666,0.5,0.3333333333333333,0.5,0.25,0.5,0.0,0.0,0.20333333333333334,0.0,0.16666666666666666,0.16666666666666666,0.375,0.1875,0.13416666666666666
fungal-anatomy-ontology,0.16666666666666666,0.5,0.3333333333333333,0.5,0.25,0.5,0.0,0.0,0.20333333333333334,0.0,0.16666666666666666,0.16666666666666666,0.375,0.1875,0.13416666666666666
hetontology,0.16666666666666666,0.5,0.3333333333333333,0.5,0.25,0.5,0.0,0.0,0.22166666666666668,0.0,0.16666666666666666,0.5,0.375,0.1875,0.22208333333333333
mobio,0.16666666666666666,0.5,0.3333333333333333,0.5,0.25,0.5,0.0,0.0,0.22166666666666668,0.0,0.16666666666666666,0.5,0.375,0.1875,0.22208333333333333
sfwo,0.16666666666666666,0.5,0.3333333333333333,0.5,0.25,0.5,0.0,0.0,0.20333333333333334,0.0,0.16666666666666666,0.16666666666666666,0.375,0.1875,0.13416666666666666
nfdi4plants_ontology,0.16666666666666666,0.5,0.3333333333333333,0.5,0.25,0.5,0.0,0.0,0.22166666666666668,0.0,0.16666666666666666,0.5,0.375,0.1875,0.22208333333333333
gene-ontology,0.16666666666666666,0.5,0.3333333333333333,0.5,0.25,0.5,0.0,0.0,0.20333333333333334,0.0,0.16666666666666666,0.16666666666666666,0.375,0.1875,0.13416666666666666
conso,0.16666666666666666,0.5,0.3333333333333333,0.5,0.25,0.5,0.0,0.0,0.22166666666666668,0.0,0.16666666666666666,0.5,0.375,0.1875,0.22208333333333333
human_phenotype_ontology,0.16666666666666666,0.375,0.0,0.0,0.5,0.5,0.3333333333333333,0.16666666666666666,0.22166666666666668,0.0,0.16666666666666666,0.5,0.13541666666666666,0.375,0.22208333333333333
healthont,0.16666666666666666,0.5,0.3333333333333333,0.5,0.25,0.5,0.0,0.0,0.22166666666666668,0.0,0.16666666666666666,0.5,0.375,0.1875,0.22208333333333333
heron-ontology,0.16666666666666666,0.5,0.3333333333333333,0.5,0.25,0.5,0.0,0.0,0.22166666666666668,0.0,0.16666666666666666,0.5,0.375,0.1875,0.22208333333333333
ontologyandqahealth,0.16666666666666666,0.5,0.3333333333333333,0.5,0.25,0.5,0.0,0.0,0.22166666666666668,0.0,0.16666666666666666,0.5,0.375,0.1875,0.22208333333333333
diagnosis_support,0.16666666666666666,0.5,0.3333333333333333,0.5,0.25,0.5,0.0,0.0,0.22166666666666668,0.0,0.16666666666666666,0.5,0.375,0.1875,0.22208333333333333
codmo,0.16666666666666666,0.5,0.3333333333333333,0.5,0.25,0.5,0.0,0.0,0.7399999999999999,0.0,0.16666666666666666,0.5,0.375,0.1875,0.3516666666666666
miaf-ontology,0.16666666666666666,0.5,0.3333333333333333,0.5,0.25,0.5,0.0,0.0,0.20333333333333334,0.0,0.16666666666666666,0.16666666666666666,0.375,0.1875,0.13416666666666666
ontology_deb,0.16666666666666666,0.375,0.0,0.0,0.0,0.5,0.0,0.0,0.22166666666666668,0.0,0.16666666666666666,0.5,0.13541666666666666,0.125,0.22208333333333333
ontology-covid-patients,0.16666666666666666,0.5,0.3333333333333333,0.5,0.25,0.5,0.0,0.0,0.20333333333333334,0.0,0.16666666666666666,0.16666666666666666,0.375,0.1875,0.13416666666666666
tibb-nabawi,0.16666666666666666,0.5,0.3333333333333333,0.5,0.25,0.5,0.0,0.0,0.20333333333333334,0.0,0.16666666666666666,0.16666666666666666,0.375,0.1875,0.13416666666666666
toxicology-ontology,0.16666666666666666,0.5,0.3333333333333333,0.5,0.25,0.5,0.0,0.0,0.20333333333333334,0.0,0.16666666666666666,0.16666666666666666,0.375,0.1875,0.13416666666666666
gliomarker,0.16666666666666666,0.5,0.3333333333333333,0.5,0.25,0.5,0.0,0.0,0.20333333333333334,0.0,0.16666666666666666,0.16666666666666666,0.375,0.1875,0.13416666666666666
clinical_trial_ontology,0.16666666666666666,0.5,0.3333333333333333,0.5,0.25,0.5,0.0,0.0,0.20333333333333334,0.0,0.16666666666666666,0.16666666666666666,0.375,0.1875,0.13416666666666666
clinreason,0.16666666666666666,0.5,0.3333333333333333,0.5,0.25,0.5,0.0,0.0,0.20333333333333334,0.0,0.16666666666666666,0.16666666666666666,0.375,0.1875,0.13416666666666666
cdt-ontology,0.16666666666666666,0.5,0.3333333333333333,0.5,0.25,0.5,0.0,0.0,0.20333333333333334,0.0,0.16666666666666666,0.16666666666666666,0.375,0.1875,0.13416666666666666
autocoo,0.16666666666666666,0.5,0.3333333333333333,0.5,0.25,0.5,0.0,0.0,0.20333333333333334,0.0,0.16666666666666666,0.16666666666666666,0.375,0.1875,0.13416666666666666
ecmo,0.16666666666666666,0.5,0.3333333333333333,0.5,0.25,0.5,0.0,0.0,0.20333333333333334,0.0,0.16666666666666666,0.16666666666666666,0.375,0.1875,0.13416666666666666
ontology-of-clinical-research,0.16666666666666666,0.5,0.3333333333333333,0.5,0.25,0.5,0.0,0.0,0.20333333333333334,0.0,0.16666666666666666,0.16666666666666666,0.375,0.1875,0.13416666666666666
pacco,0.16666666666666666,0.5,0.3333333333333333,0.5,0.25,0.5,0.0,0.0,0.20333333333333334,0.0,0.16666666666666666,0.16666666666666666,0.375,0.1875,0.13416666666666666
obci,0.16666666666666666,0.5,0.3333333333333333,0.5,0.25,0.5,0.0,0.0,0.20333333333333334,0.0,0.16666666666666666,0.16666666666666666,0.375,0.1875,0.13416666666666666
ontology-of-traditional-chinese-medicine,0.16666666666666666,0.5,0.3333333333333333,0.5,0.25,0.5,0.0,0.0,0.20333333333333334,0.0,0.16666666666666666,0.16666666666666666,0.375,0.1875,0.13416666666666666
bim-biomedical-image-ontology,0.16666666666666666,0.5,0.3333333333333333,0.5,0.25,0.5,0.0,0.0,0.20333333333333334,0.0,0.16666666666666666,0.16666666666666666,0.375,0.1875,0.13416666666666666
debio,0.16666666666666666,0.5,0.3333333333333333,0.5,0.25,0.5,0.0,0.0,0.20333333333333334,0.0,0.16666666666666666,0.16666666666666666,0.375,0.1875,0.13416666666666666
bioportal,0.16666666666666666,0.375,0.0,0.0,0.0,0.5,0.0,0.0,0.22166666666666668,0.0,0.16666666666666666,0.5,0.13541666666666666,0.125,0.22208333333333333
obi-ontology.org,0.16666666666666666,0.375,0.0,0.0,0.25,0.5,0.0,0.0,0.7600000000000001,0.0,0.16666666666666666,0.8333333333333334,0.13541666666666666,0.1875,0.44000000000000006
yggdrasil,0.16666666666666666,0.5,0.3333333333333333,0.5,0.25,0.5,0.0,0.0,0.20333333333333334,0.0,0.16666666666666666,0.16666666666666666,0.375,0.1875,0.13416666666666666
hpo-explorer,0.16666666666666666,0.5,0.0,0.16666666666666666,0.25,0.5,0.0,0.0,0.22166666666666668,0.0,0.16666666666666666,0.5,0.20833333333333331,0.1875,0.22208333333333333
gene_ontology,0.16666666666666666,0.5,0.3333333333333333,0.5,0.25,0.5,0.0,0.0,0.20333333333333334,0.0,0.16666666666666666,0.16666666666666666,0.375,0.1875,0.13416666666666666
pathogenesis-gene-ontology,0.16666666666666666,0.5,0.3333333333333333,0.5,0.25,0.5,0.0,0.0,0.20333333333333334,0.0,0.16666666666666666,0.16666666666666666,0.375,0.1875,0.13416666666666666
geneontology.jl,0.16666666666666666,0.5,0.3333333333333333,0.5,0.25,0.5,0.0,0.0,0.22166666666666668,0.0,0.16666666666666666,0.5,0.375,0.1875,0.22208333333333333
geneontologygraphdb,0.16666666666666666,0.5,0.3333333333333333,0.5,0.25,0.5,0.0,0.0,0.20333333333333334,0.0,0.16666666666666666,0.16666666666666666,0.375,0.1875,0.13416666666666666
bacteria-ontologia,0.16666666666666666,0.5,0.3333333333333333,0.5,0.25,0.5,0.0,0.0,0.20333333333333334,0.0,0.16666666666666666,0.16666666666666666,0.375,0.1875,0.13416666666666666
gene_onotology_obo_tools,0.16666666666666666,0.5,0.3333333333333333,0.5,0.25,0.5,0.0,0.0,0.20333333333333334,0.0,0.16666666666666666,0.16666666666666666,0.375,0.1875,0.13416666666666666
zeogs_github,0.16666666666666666,0.5,0.3333333333333333,0.5,0.25,0.5,0.0,0.0,0.20333333333333334,0.0,0.16666666666666666,0.16666666666666666,0.375,0.1875,0.13416666666666666
ogg-core,0.16666666666666666,0.5,0.3333333333333333,0.5,0.25,0.5,0.0,0.0,0.20333333333333334,0.0,0.16666666666666666,0.16666666666666666,0.375,0.1875,0.13416666666666666
pcpannotationassessment,0.16666666666666666,0.5,0.3333333333333333,0.5,0.25,0.5,0.0,0.0,0.20333333333333334,0.0,0.16666666666666666,0.16666666666666666,0.375,0.1875,0.13416666666666666
do2go_mouse,0.16666666666666666,0.5,0.3333333333333333,0.5,0.25,0.5,0.0,0.0,0.20333333333333334,0.0,0.16666666666666666,0.16666666666666666,0.375,0.1875,0.13416666666666666
go2cell,0.16666666666666666,0.5,0.3333333333333333,0.5,0.25,0.5,0.0,0.0,0.20333333333333334,0.0,0.16666666666666666,0.16666666666666666,0.375,0.1875,0.13416666666666666
dataset_gene_ontology_term,0.16666666666666666,0.5,0.3333333333333333,0.5,0.25,0.5,0.0,0.0,0.20333333333333334,0.0,0.16666666666666666,0.16666666666666666,0.375,0.1875,0.13416666666666666
genes-data,0.16666666666666666,0.5,0.3333333333333333,0.5,0.25,0.5,0.0,0.0,0.20333333333333334,0.0,0.16666666666666666,0.16666666666666666,0.375,0.1875,0.13416666666666666
gene-ontology-classification-of-protein-sequence,0.16666666666666666,0.5,0.3333333333333333,0.5,0.25,0.5,0.0,0.0,0.20333333333333334,0.0,0.16666666666666666,0.16666666666666666,0.375,0.1875,0.13416666666666666
sepsis_gene_knowledgegraph_ontology,0.16666666666666666,0.5,0.3333333333333333,0.5,0.25,0.5,0.0,0.0,0.20333333333333334,0.0,0.16666666666666666,0.16666666666666666,0.375,0.1875,0.13416666666666666
gocluster,0.16666666666666666,0.5,0.3333333333333333,0.5,0.25,0.5,0.0,0.0,0.20333333333333334,0.0,0.16666666666666666,0.16666666666666666,0.375,0.1875,0.13416666666666666
regeneration-in-drosophila-melanogaster,0.16666666666666666,0.5,0.3333333333333333,0.5,0.25,0.5,0.0,0.0,0.20333333333333334,0.0,0.16666666666666666,0.16666666666666666,0.375,0.1875,0.13416666666666666
ppi-research,0.16666666666666666,0.5,0.3333333333333333,0.5,0.25,0.5,0.0,0.0,0.20333333333333334,0.0,0.16666666666666666,0.16666666666666666,0.375,0.1875,0.13416666666666666
clusterprofiler,0.16666666666666666,0.5,0.0,0.16666666666666666,0.25,0.5,0.0,0.0,0.24,0.0,0.16666666666666666,0.8333333333333334,0.20833333333333331,0.1875,0.31
go-rdf,0.16666666666666666,0.5,0.3333333333333333,0.5,0.25,0.5,0.0,0.0,0.20333333333333334,0.0,0.16666666666666666,0.16666666666666666,0.375,0.1875,0.13416666666666666
gograph,0.16666666666666666,0.5,0.3333333333333333,0.5,0.25,0.5,0.0,0.0,0.20333333333333334,0.0,0.16666666666666666,0.16666666666666666,0.375,0.1875,0.13416666666666666
geneontologynextgeneration,0.16666666666666666,0.5,0.3333333333333333,0.5,0.25,0.5,0.0,0.0,0.20333333333333334,0.0,0.16666666666666666,0.16666666666666666,0.375,0.1875,0.13416666666666666
gopher,0.16666666666666666,0.5,0.3333333333333333,0.5,0.25,0.5,0.0,0.0,0.20333333333333334,0.0,0.16666666666666666,0.16666666666666666,0.375,0.1875,0.13416666666666666
bayesgo2do,0.16666666666666666,0.5,0.3333333333333333,0.5,0.25,0.5,0.0,0.0,0.20333333333333334,0.0,0.16666666666666666,0.16666666666666666,0.375,0.1875,0.13416666666666666
gene-ontology-database,0.16666666666666666,0.5,0.3333333333333333,0.5,0.25,0.5,0.0,0.0,0.20333333333333334,0.0,0.16666666666666666,0.16666666666666666,0.375,0.1875,0.13416666666666666
basic-gene-ontology,0.16666666666666666,0.5,0.3333333333333333,0.5,0.25,0.5,0.0,0.0,0.20333333333333334,0.0,0.16666666666666666,0.16666666666666666,0.375,0.1875,0.13416666666666666
wbo-gene-ontology,0.16666666666666666,0.5,0.3333333333333333,0.5,0.25,0.5,0.0,0.0,0.20333333333333334,0.0,0.16666666666666666,0.16666666666666666,0.375,0.1875,0.13416666666666666
gene-pleiotropy,0.16666666666666666,0.5,0.3333333333333333,0.5,0.25,0.5,0.0,0.0,0.20333333333333334,0.0,0.16666666666666666,0.16666666666666666,0.375,0.1875,0.13416666666666666
gene-ontology-enrichment,0.16666666666666666,0.5,0.3333333333333333,0.5,0.25,0.5,0.0,0.0,0.20333333333333334,0.0,0.16666666666666666,0.16666666666666666,0.375,0.1875,0.13416666666666666
bluegenes-gene-ontology,0.16666666666666666,0.5,0.3333333333333333,0.16666666666666666,0.375,0.5,0.16666666666666666,0.0,0.22166666666666668,0.0,0.16666666666666666,0.5,0.2916666666666667,0.2604166666666667,0.22208333333333333
bacteria-ontology,0.16666666666666666,0.375,0.0,0.0,0.25,0.0,0.16666666666666666,0.0,0.20333333333333334,0.0,0.16666666666666666,0.16666666666666666,0.13541666666666666,0.10416666666666666,0.13416666666666666
go_ltr,0.16666666666666666,0.5,0.3333333333333333,0.5,0.25,0.5,0.0,0.0,0.20333333333333334,0.0,0.16666666666666666,0.16666666666666666,0.375,0.1875,0.13416666666666666
ogg-bacteria,0.16666666666666666,0.375,0.0,0.0,0.0,0.5,0.0,0.0,0.7399999999999999,0.0,0.16666666666666666,0.5,0.13541666666666666,0.125,0.3516666666666666
ensembl_to_go,0.16666666666666666,0.5,0.3333333333333333,0.5,0.25,0.5,0.0,0.0,0.20333333333333334,0.0,0.16666666666666666,0.16666666666666666,0.375,0.1875,0.13416666666666666
ontologyclassgenerator,0.16666666666666666,0.5,0.3333333333333333,0.5,0.25,0.5,0.0,0.0,0.20333333333333334,0.0,0.16666666666666666,0.16666666666666666,0.375,0.1875,0.13416666666666666
geneontology,0.16666666666666666,0.5,0.3333333333333333,0.5,0.25,0.5,0.0,0.0,0.20333333333333334,0.0,0.16666666666666666,0.16666666666666666,0.375,0.1875,0.13416666666666666
phewas-sd,0.16666666666666666,0.5,0.3333333333333333,0.5,0.25,0.5,0.0,0.0,0.20333333333333334,0.0,0.16666666666666666,0.16666666666666666,0.375,0.1875,0.13416666666666666
goo,0.16666666666666666,0.5,0.3333333333333333,0.5,0.25,0.5,0.0,0.0,0.20333333333333334,0.0,0.16666666666666666,0.16666666666666666,0.375,0.1875,0.13416666666666666
go-analysis,0.16666666666666666,0.5,0.3333333333333333,0.5,0.25,0.5,0.0,0.0,0.20333333333333334,0.0,0.16666666666666666,0.16666666666666666,0.375,0.1875,0.13416666666666666
gdo,0.16666666666666666,0.5,0.3333333333333333,0.5,0.25,0.5,0.0,0.0,0.20333333333333334,0.0,0.16666666666666666,0.16666666666666666,0.375,0.1875,0.13416666666666666
gosum,0.16666666666666666,0.5,0.3333333333333333,0.5,0.25,0.5,0.0,0.0,0.20333333333333334,0.0,0.16666666666666666,0.16666666666666666,0.375,0.1875,0.13416666666666666
goenrichment.jl,0.16666666666666666,0.5,0.3333333333333333,0.5,0.25,0.5,0.0,0.0,0.22166666666666668,0.0,0.16666666666666666,0.5,0.375,0.1875,0.22208333333333333
gow,0.16666666666666666,0.5,0.3333333333333333,0.5,0.25,0.5,0.0,0.0,0.20333333333333334,0.0,0.16666666666666666,0.16666666666666666,0.375,0.1875,0.13416666666666666
bulk_rna_sequencing,0.16666666666666666,0.5,0.3333333333333333,0.5,0.25,0.5,0.0,0.0,0.20333333333333334,0.0,0.16666666666666666,0.16666666666666666,0.375,0.1875,0.13416666666666666
page_mpo,0.16666666666666666,0.5,0.3333333333333333,0.5,0.25,0.5,0.0,0.0,0.20333333333333334,0.0,0.16666666666666666,0.16666666666666666,0.375,0.1875,0.13416666666666666
goal2.0,0.16666666666666666,0.5,0.3333333333333333,0.5,0.25,0.5,0.0,0.0,0.20333333333333334,0.0,0.16666666666666666,0.16666666666666666,0.375,0.1875,0.13416666666666666
clustering_on_gene_annotations,0.16666666666666666,0.5,0.3333333333333333,0.5,0.25,0.5,0.0,0.0,0.20333333333333334,0.0,0.16666666666666666,0.16666666666666666,0.375,0.1875,0.13416666666666666
pslg-server,0.16666666666666666,0.5,0.3333333333333333,0.5,0.25,0.5,0.0,0.0,0.20333333333333334,0.0,0.16666666666666666,0.16666666666666666,0.375,0.1875,0.13416666666666666
viral,0.16666666666666666,0.5,0.3333333333333333,0.5,0.25,0.5,0.0,0.0,0.20333333333333334,0.0,0.16666666666666666,0.16666666666666666,0.375,0.1875,0.13416666666666666
binf,0.16666666666666666,0.5,0.3333333333333333,0.5,0.25,0.5,0.0,0.0,0.20333333333333334,0.0,0.16666666666666666,0.16666666666666666,0.375,0.1875,0.13416666666666666
geneexpression-dataparser,0.16666666666666666,0.5,0.3333333333333333,0.5,0.25,0.5,0.0,0.0,0.20333333333333334,0.0,0.16666666666666666,0.16666666666666666,0.375,0.1875,0.13416666666666666
10x_human_cerebellum_organoid,0.16666666666666666,0.5,0.3333333333333333,0.5,0.25,0.5,0.0,0.0,0.20333333333333334,0.0,0.16666666666666666,0.16666666666666666,0.375,0.1875,0.13416666666666666
tissuephenomicsontology,0.16666666666666666,0.5,0.3333333333333333,0.5,0.25,0.5,0.0,0.0,0.20333333333333334,0.0,0.16666666666666666,0.16666666666666666,0.375,0.1875,0.13416666666666666
htao,0.16666666666666666,0.5,0.3333333333333333,0.5,0.25,0.5,0.0,0.0,0.20333333333333334,0.0,0.16666666666666666,0.16666666666666666,0.375,0.1875,0.13416666666666666
cellfinder,0.16666666666666666,0.5,0.3333333333333333,0.5,0.25,0.5,0.0,0.0,0.20333333333333334,0.0,0.16666666666666666,0.16666666666666666,0.375,0.1875,0.13416666666666666
gombo,0.16666666666666666,0.5,0.3333333333333333,0.5,0.25,0.5,0.0,0.0,0.20333333333333334,0.0,0.16666666666666666,0.16666666666666666,0.375,0.1875,0.13416666666666666
cellxgene-ontology-guide,0.16666666666666666,0.5,0.3333333333333333,0.5,0.5,0.5,0.3333333333333333,0.16666666666666666,0.22166666666666668,0.0,0.16666666666666666,0.5,0.375,0.375,0.22208333333333333
zebrafish-anatomical-ontology,0.16666666666666666,0.375,0.0,0.0,0.25,0.5,0.0,0.0,0.24,0.0,0.16666666666666666,0.8333333333333334,0.13541666666666666,0.1875,0.31
scdo-ontology,0.16666666666666666,0.5,0.3333333333333333,0.5,0.25,0.5,0.0,0.0,0.20333333333333334,0.0,0.16666666666666666,0.16666666666666666,0.375,0.1875,0.13416666666666666
domain-sofc,0.16666666666666666,0.5,0.3333333333333333,0.5,0.25,0.5,0.0,0.0,0.20333333333333334,0.0,0.16666666666666666,0.16666666666666666,0.375,0.1875,0.13416666666666666
scatlas,0.16666666666666666,0.5,0.3333333333333333,0.5,0.25,0.5,0.0,0.0,0.20333333333333334,0.0,0.16666666666666666,0.16666666666666666,0.375,0.1875,0.13416666666666666
whole_human_brain_ontology,0.16666666666666666,0.5,0.3333333333333333,0.5,0.25,0.5,0.0,0.0,0.20333333333333334,0.0,0.16666666666666666,0.16666666666666666,0.375,0.1875,0.13416666666666666
biological_co_analysis,0.16666666666666666,0.5,0.3333333333333333,0.5,0.25,0.5,0.0,0.0,0.20333333333333334,0.0,0.16666666666666666,0.16666666666666666,0.375,0.1875,0.13416666666666666
cmeo,0.16666666666666666,0.5,0.3333333333333333,0.5,0.25,0.5,0.0,0.0,0.20333333333333334,0.0,0.16666666666666666,0.16666666666666666,0.375,0.1875,0.13416666666666666
oncocl,0.16666666666666666,0.5,0.3333333333333333,0.5,0.25,0.5,0.0,0.0,0.20333333333333334,0.0,0.16666666666666666,0.16666666666666666,0.375,0.1875,0.13416666666666666
peroman,0.16666666666666666,0.5,0.3333333333333333,0.5,0.25,0.5,0.0,0.0,0.20333333333333334,0.0,0.16666666666666666,0.16666666666666666,0.375,0.1875,0.13416666666666666
obo_parser,0.16666666666666666,0.5,0.3333333333333333,0.5,0.25,0.5,0.0,0.0,0.20333333333333334,0.0,0.16666666666666666,0.16666666666666666,0.375,0.1875,0.13416666666666666
phenostacks,0.16666666666666666,0.5,0.3333333333333333,0.5,0.25,0.5,0.0,0.0,0.20333333333333334,0.0,0.16666666666666666,0.16666666666666666,0.375,0.1875,0.13416666666666666
human-phenotype-challenge,0.16666666666666666,0.5,0.3333333333333333,0.5,0.25,0.5,0.0,0.0,0.20333333333333334,0.0,0.16666666666666666,0.16666666666666666,0.375,0.1875,0.13416666666666666
hpo_mp_matching,0.16666666666666666,0.5,0.3333333333333333,0.5,0.25,0.5,0.0,0.0,0.20333333333333334,0.0,0.16666666666666666,0.16666666666666666,0.375,0.1875,0.13416666666666666
hpo_study_04_12_2020,0.16666666666666666,0.5,0.3333333333333333,0.5,0.25,0.5,0.0,0.0,0.20333333333333334,0.0,0.16666666666666666,0.16666666666666666,0.375,0.1875,0.13416666666666666
human-developmental-anatomy-ontology,0.16666666666666666,0.5,0.0,0.5,0.25,0.5,0.0,0.0,0.24,0.0,0.16666666666666666,0.8333333333333334,0.29166666666666663,0.1875,0.31
myupheno1,0.16666666666666666,0.375,0.0,0.0,0.0,0.5,0.0,0.0,0.22166666666666668,0.0,0.16666666666666666,0.5,0.13541666666666666,0.125,0.22208333333333333
homology-ontology,0.16666666666666666,0.5,0.6666666666666666,0.5,0.75,1.0,0.6666666666666666,0.8333333333333334,0.29333333333333333,1.0,0.5,0.8333333333333334,0.4583333333333333,0.8125,0.6566666666666667
infectious-disease-ontology,0.16666666666666666,0.5,0.6666666666666666,0.0,0.5,0.5,0.3333333333333333,0.16666666666666666,0.20333333333333334,0.0,0.16666666666666666,0.16666666666666666,0.3333333333333333,0.375,0.13416666666666666
diseases-ontology,0.16666666666666666,0.5,0.3333333333333333,0.5,0.25,0.5,0.0,0.0,0.20333333333333334,0.0,0.16666666666666666,0.16666666666666666,0.375,0.1875,0.13416666666666666
neurological-disease-ontology,0.16666666666666666,0.5,0.3333333333333333,0.5,0.25,0.5,0.0,0.0,0.20333333333333334,0.0,0.16666666666666666,0.16666666666666666,0.375,0.1875,0.13416666666666666
diseasedriversontology,0.16666666666666666,0.375,0.0,0.0,0.25,0.5,0.0,0.0,0.22166666666666668,0.0,0.16666666666666666,0.5,0.13541666666666666,0.1875,0.22208333333333333
dermatology,0.16666666666666666,0.5,0.3333333333333333,0.5,0.25,0.5,0.0,0.0,0.20333333333333334,0.0,0.16666666666666666,0.16666666666666666,0.375,0.1875,0.13416666666666666
idoschisto,0.16666666666666666,0.5,0.3333333333333333,0.5,0.25,0.5,0.0,0.0,0.20333333333333334,0.0,0.16666666666666666,0.16666666666666666,0.375,0.1875,0.13416666666666666
diseaseontology,0.16666666666666666,0.5,0.3333333333333333,0.5,0.25,0.5,0.0,0.0,0.20333333333333334,0.0,0.16666666666666666,0.16666666666666666,0.375,0.1875,0.13416666666666666
idomen,0.16666666666666666,0.5,0.3333333333333333,0.5,0.25,0.5,0.0,0.0,0.20333333333333334,0.0,0.16666666666666666,0.16666666666666666,0.375,0.1875,0.13416666666666666
ohboi_human_bacterial_infectious_disease_ontology_semtech_an,0.16666666666666666,0.5,0.3333333333333333,0.5,0.25,0.5,0.0,0.0,0.20333333333333334,0.0,0.16666666666666666,0.16666666666666666,0.375,0.1875,0.13416666666666666
viraldiseasesanddrugs,0.16666666666666666,0.5,0.3333333333333333,0.5,0.25,0.5,0.0,0.0,0.20333333333333334,0.0,0.16666666666666666,0.16666666666666666,0.375,0.1875,0.13416666666666666
disease-ontology_human-disease-ontology,0.16666666666666666,0.5,0.3333333333333333,0.5,0.25,0.5,0.0,0.0,0.20333333333333334,0.0,0.16666666666666666,0.16666666666666666,0.375,0.1875,0.13416666666666666
diseasesontology,0.16666666666666666,0.5,0.3333333333333333,0.5,0.25,0.5,0.0,0.0,0.20333333333333334,0.0,0.16666666666666666,0.16666666666666666,0.375,0.1875,0.13416666666666666
do-master-table,0.16666666666666666,0.5,0.3333333333333333,0.5,0.25,0.5,0.0,0.0,0.20333333333333334,0.0,0.16666666666666666,0.16666666666666666,0.375,0.1875,0.13416666666666666
disease-incidence-ontology,0.16666666666666666,0.5,0.3333333333333333,0.5,0.25,0.5,0.0,0.0,0.20333333333333334,0.0,0.16666666666666666,0.16666666666666666,0.375,0.1875,0.13416666666666666
crohn-ontology,0.16666666666666666,0.5,0.3333333333333333,0.5,0.25,0.5,0.0,0.0,0.20333333333333334,0.0,0.16666666666666666,0.16666666666666666,0.375,0.1875,0.13416666666666666
radipo,0.16666666666666666,0.5,0.3333333333333333,0.5,0.25,0.5,0.0,0.0,0.20333333333333334,0.0,0.16666666666666666,0.16666666666666666,0.375,0.1875,0.13416666666666666
pido,0.16666666666666666,0.5,0.3333333333333333,0.5,0.25,0.5,0.0,0.0,0.20333333333333334,0.0,0.16666666666666666,0.16666666666666666,0.375,0.1875,0.13416666666666666
rice-pest-disease-ontology,0.16666666666666666,0.5,0.3333333333333333,0.5,0.25,0.5,0.0,0.0,0.20333333333333334,0.0,0.16666666666666666,0.16666666666666666,0.375,0.1875,0.13416666666666666
yado,0.16666666666666666,0.5,0.3333333333333333,0.5,0.25,0.5,0.0,0.0,0.20333333333333334,0.0,0.16666666666666666,0.16666666666666666,0.375,0.1875,0.13416666666666666
cancerdiseaseontology,0.16666666666666666,0.5,0.3333333333333333,0.5,0.25,0.5,0.0,0.0,0.20333333333333334,0.0,0.16666666666666666,0.16666666666666666,0.375,0.1875,0.13416666666666666
eyediseaseontology,0.16666666666666666,0.5,0.3333333333333333,0.5,0.25,0.5,0.0,0.0,0.20333333333333334,0.0,0.16666666666666666,0.16666666666666666,0.375,0.1875,0.13416666666666666
infectious-diseases-ontology,0.16666666666666666,0.5,0.3333333333333333,0.5,0.25,0.5,0.0,0.0,0.20333333333333334,0.0,0.16666666666666666,0.16666666666666666,0.375,0.1875,0.13416666666666666
ocular-disease-ontology,0.16666666666666666,0.5,0.3333333333333333,0.5,0.25,0.5,0.0,0.0,0.20333333333333334,0.0,0.16666666666666666,0.16666666666666666,0.375,0.1875,0.13416666666666666
cardiovasculardiseasesontology,0.16666666666666666,0.5,0.3333333333333333,0.5,0.25,0.5,0.0,0.0,0.20333333333333334,0.0,0.16666666666666666,0.16666666666666666,0.375,0.1875,0.13416666666666666
huma_disease_ontology,0.16666666666666666,0.5,0.3333333333333333,0.5,0.25,0.5,0.0,0.0,0.20333333333333334,0.0,0.16666666666666666,0.16666666666666666,0.375,0.1875,0.13416666666666666
ovd,0.16666666666666666,0.5,0.3333333333333333,0.5,0.25,0.5,0.0,0.0,0.20333333333333334,0.0,0.16666666666666666,0.16666666666666666,0.375,0.1875,0.13416666666666666
animal-disease-symptom-ontology,0.16666666666666666,0.5,0.3333333333333333,0.5,0.25,0.5,0.0,0.0,0.7216666666666667,0.0,0.16666666666666666,0.16666666666666666,0.375,0.1875,0.26375
bacteria-infectious-disease-ontology,0.16666666666666666,0.5,0.3333333333333333,0.5,0.25,0.5,0.0,0.0,0.20333333333333334,0.0,0.16666666666666666,0.16666666666666666,0.375,0.1875,0.13416666666666666
adni_ontology,0.16666666666666666,0.5,0.3333333333333333,0.5,0.25,0.5,0.0,0.0,0.20333333333333334,0.0,0.16666666666666666,0.16666666666666666,0.375,0.1875,0.13416666666666666
ordi,0.16666666666666666,0.5,0.3333333333333333,0.5,0.25,0.5,0.0,0.0,0.20333333333333334,0.0,0.16666666666666666,0.16666666666666666,0.375,0.1875,0.13416666666666666
hcdo,0.16666666666666666,0.5,0.3333333333333333,0.5,0.25,0.5,0.0,0.0,0.20333333333333334,0.0,0.16666666666666666,0.16666666666666666,0.375,0.1875,0.13416666666666666
ntdo,0.16666666666666666,0.5,0.3333333333333333,0.5,0.25,0.5,0.0,0.0,0.20333333333333334,0.0,0.16666666666666666,0.16666666666666666,0.375,0.1875,0.13416666666666666
bcontology,0.16666666666666666,0.5,0.3333333333333333,0.5,0.25,0.5,0.0,0.0,0.20333333333333334,0.0,0.16666666666666666,0.16666666666666666,0.375,0.1875,0.13416666666666666
covid-19-ontology,0.16666666666666666,0.5,0.3333333333333333,0.5,0.25,0.5,0.0,0.0,0.20333333333333334,0.0,0.16666666666666666,0.16666666666666666,0.375,0.1875,0.13416666666666666
odao,0.16666666666666666,0.5,0.3333333333333333,0.5,0.25,0.5,0.0,0.0,0.20333333333333334,0.0,0.16666666666666666,0.16666666666666666,0.375,0.1875,0.13416666666666666
opioiddrugontology.github.io,0.16666666666666666,0.375,0.0,0.0,0.25,0.5,0.0,0.0,0.22166666666666668,0.0,0.16666666666666666,0.5,0.13541666666666666,0.1875,0.22208333333333333
uc_fooddruginteractionontology,0.16666666666666666,0.5,0.3333333333333333,0.5,0.25,0.5,0.0,0.0,0.20333333333333334,0.0,0.16666666666666666,0.16666666666666666,0.375,0.1875,0.13416666666666666
dibo-ontology,0.16666666666666666,0.5,0.3333333333333333,0.5,0.25,0.5,0.0,0.0,0.20333333333333334,0.0,0.16666666666666666,0.16666666666666666,0.375,0.1875,0.13416666666666666
dibo,0.16666666666666666,0.5,0.3333333333333333,0.5,0.25,0.5,0.0,0.0,0.20333333333333334,0.0,0.16666666666666666,0.16666666666666666,0.375,0.1875,0.13416666666666666
breast_cancer_ontology,0.16666666666666666,0.5,0.3333333333333333,0.5,0.25,0.5,0.0,0.0,0.20333333333333334,0.0,0.16666666666666666,0.16666666666666666,0.375,0.1875,0.13416666666666666
covid19-epidemiology-ontology,0.16666666666666666,0.5,0.3333333333333333,0.5,0.25,0.5,0.0,0.0,0.20333333333333334,0.0,0.16666666666666666,0.16666666666666666,0.375,0.1875,0.13416666666666666
vfb-scrnaseq-ontology,0.16666666666666666,0.5,0.3333333333333333,0.5,0.25,0.5,0.0,0.0,0.20333333333333334,0.0,0.16666666666666666,0.16666666666666666,0.375,0.1875,0.13416666666666666
orsa,0.16666666666666666,0.5,0.3333333333333333,0.5,0.25,0.5,0.0,0.0,0.20333333333333334,0.0,0.16666666666666666,0.16666666666666666,0.375,0.1875,0.13416666666666666
ucva,0.16666666666666666,0.5,0.6666666666666666,0.0,0.0,0.5,0.0,0.0,0.20333333333333334,0.0,0.16666666666666666,0.16666666666666666,0.3333333333333333,0.125,0.13416666666666666
jso,0.16666666666666666,0.5,0.6666666666666666,0.0,0.0,0.5,0.0,0.0,0.20333333333333334,0.0,0.16666666666666666,0.16666666666666666,0.3333333333333333,0.125,0.13416666666666666
mirapie,0.16666666666666666,0.5,0.6666666666666666,0.5,0.25,0.5,0.0,0.0,0.20333333333333334,0.0,0.16666666666666666,0.16666666666666666,0.4583333333333333,0.1875,0.13416666666666666
koio,0.16666666666666666,0.5,0.6666666666666666,0.0,0.0,0.5,0.0,0.0,0.20333333333333334,0.0,0.16666666666666666,0.16666666666666666,0.3333333333333333,0.125,0.13416666666666666
datahub,0.16666666666666666,0.5,0.6666666666666666,0.0,0.0,0.5,0.0,0.0,0.7783333333333333,0.25,0.5,0.5,0.3333333333333333,0.125,0.5070833333333333
genevieve,0.16666666666666666,0.5,0.6666666666666666,0.0,0.0,0.5,0.0,0.0,0.20333333333333334,0.0,0.16666666666666666,0.16666666666666666,0.3333333333333333,0.125,0.13416666666666666
gdco,0.16666666666666666,0.5,0.6666666666666666,0.0,0.0,0.5,0.0,0.0,0.20333333333333334,0.0,0.16666666666666666,0.16666666666666666,0.3333333333333333,0.125,0.13416666666666666
tm-other-factors,0.16666666666666666,0.5,0.6666666666666666,0.0,0.0,0.5,0.0,0.0,0.20333333333333334,0.0,0.16666666666666666,0.16666666666666666,0.3333333333333333,0.125,0.13416666666666666
rdao,0.16666666666666666,0.5,0.6666666666666666,0.0,0.0,0.5,0.0,0.0,0.20333333333333334,0.0,0.16666666666666666,0.16666666666666666,0.3333333333333333,0.125,0.13416666666666666
hfo,0.16666666666666666,0.5,0.6666666666666666,0.0,0.0,0.5,0.0,0.0,0.20333333333333334,0.0,0.16666666666666666,0.16666666666666666,0.3333333333333333,0.125,0.13416666666666666
gfvo,0.16666666666666666,0.5,0.6666666666666666,0.0,0.0,0.5,0.0,0.0,0.20333333333333334,0.0,0.16666666666666666,0.16666666666666666,0.3333333333333333,0.125,0.13416666666666666
g4-dsip,0.16666666666666666,0.5,0.6666666666666666,0.0,0.0,0.5,0.0,0.0,0.20333333333333334,0.0,0.16666666666666666,0.16666666666666666,0.3333333333333333,0.125,0.13416666666666666
fisho,0.16666666666666666,0.5,0.6666666666666666,0.0,0.0,0.5,0.0,0.0,0.20333333333333334,0.0,0.16666666666666666,0.16666666666666666,0.3333333333333333,0.125,0.13416666666666666
simon,0.16666666666666666,0.5,0.6666666666666666,0.0,0.0,0.5,0.0,0.0,0.20333333333333334,0.0,0.16666666666666666,0.16666666666666666,0.3333333333333333,0.125,0.13416666666666666
injurytypes,0.16666666666666666,0.5,0.6666666666666666,0.0,0.0,0.5,0.0,0.0,0.20333333333333334,0.0,0.16666666666666666,0.16666666666666666,0.3333333333333333,0.125,0.13416666666666666
cst,0.16666666666666666,0.5,0.6666666666666666,0.0,0.0,0.5,0.0,0.0,0.20333333333333334,0.0,0.16666666666666666,0.16666666666666666,0.3333333333333333,0.125,0.13416666666666666
cstd,0.16666666666666666,0.5,0.6666666666666666,0.0,0.0,0.5,0.0,0.0,0.20333333333333334,0.0,0.16666666666666666,0.16666666666666666,0.3333333333333333,0.125,0.13416666666666666
vimm,0.16666666666666666,0.5,0.6666666666666666,0.0,0.0,0.5,0.0,0.0,0.20333333333333334,0.0,0.16666666666666666,0.16666666666666666,0.3333333333333333,0.125,0.13416666666666666
ontopbm,0.16666666666666666,0.5,0.6666666666666666,0.0,0.0,0.5,0.0,0.0,0.20333333333333334,0.0,0.16666666666666666,0.16666666666666666,0.3333333333333333,0.125,0.13416666666666666
icd11-bodysystem,0.16666666666666666,0.375,0.0,0.0,0.0,0.5,0.0,0.0,0.20333333333333334,0.0,0.16666666666666666,0.16666666666666666,0.13541666666666666,0.125,0.13416666666666666
vodanadiseases,0.16666666666666666,0.5,0.6666666666666666,0.0,0.0,0.5,0.0,0.0,0.20333333333333334,0.0,0.16666666666666666,0.16666666666666666,0.3333333333333333,0.125,0.13416666666666666
iso19115mi,0.16666666666666666,0.5,0.6666666666666666,0.0,0.0,0.5,0.0,0.0,0.20333333333333334,0.0,0.16666666666666666,0.16666666666666666,0.3333333333333333,0.125,0.13416666666666666
bim,0.16666666666666666,0.5,0.6666666666666666,0.0,0.0,0.5,0.0,0.0,0.20333333333333334,0.0,0.16666666666666666,0.16666666666666666,0.3333333333333333,0.125,0.13416666666666666
hmis033b,0.16666666666666666,0.5,0.6666666666666666,0.0,0.0,0.5,0.0,0.0,0.20333333333333334,0.0,0.16666666666666666,0.16666666666666666,0.3333333333333333,0.125,0.13416666666666666
rda-issuance,0.16666666666666666,0.5,0.6666666666666666,0.0,0.0,0.5,0.0,0.0,0.20333333333333334,0.0,0.16666666666666666,0.16666666666666666,0.3333333333333333,0.125,0.13416666666666666
typon,0.16666666666666666,0.5,0.6666666666666666,0.0,0.0,0.5,0.0,0.0,0.20333333333333334,0.0,0.16666666666666666,0.16666666666666666,0.3333333333333333,0.125,0.13416666666666666
test-m4m20-pav,0.16666666666666666,0.5,0.6666666666666666,0.0,0.0,0.5,0.0,0.0,0.20333333333333334,0.0,0.16666666666666666,0.16666666666666666,0.3333333333333333,0.125,0.13416666666666666
neudigs,0.16666666666666666,0.5,0.6666666666666666,0.0,0.0,0.5,0.0,0.0,0.20333333333333334,0.0,0.16666666666666666,0.16666666666666666,0.3333333333333333,0.125,0.13416666666666666
opde,0.16666666666666666,0.5,0.6666666666666666,0.0,0.0,0.5,0.0,0.0,0.20333333333333334,0.0,0.16666666666666666,0.16666666666666666,0.3333333333333333,0.125,0.13416666666666666
opdt,0.16666666666666666,0.5,0.6666666666666666,0.0,0.0,0.5,0.0,0.0,0.20333333333333334,0.0,0.16666666666666666,0.16666666666666666,0.3333333333333333,0.125,0.13416666666666666
ncod,0.16666666666666666,0.5,0.6666666666666666,0.0,0.0,0.5,0.0,0.0,0.20333333333333334,0.0,0.16666666666666666,0.16666666666666666,0.3333333333333333,0.125,0.13416666666666666
lc-media,0.16666666666666666,0.5,0.6666666666666666,0.0,0.0,0.5,0.0,0.0,0.20333333333333334,0.0,0.16666666666666666,0.16666666666666666,0.3333333333333333,0.125,0.13416666666666666
rnprio,0.16666666666666666,0.5,0.6666666666666666,0.0,0.0,0.5,0.0,0.0,0.20333333333333334,0.0,0.16666666666666666,0.16666666666666666,0.3333333333333333,0.125,0.13416666666666666
nnd_nd,0.16666666666666666,0.5,0.6666666666666666,0.0,0.0,0.5,0.0,0.0,0.20333333333333334,0.0,0.16666666666666666,0.16666666666666666,0.3333333333333333,0.125,0.13416666666666666
iso19115id,0.16666666666666666,0.5,0.6666666666666666,0.0,0.0,0.5,0.0,0.0,0.20333333333333334,0.0,0.16666666666666666,0.16666666666666666,0.3333333333333333,0.125,0.13416666666666666
rdo,0.16666666666666666,0.5,0.6666666666666666,0.0,0.0,0.5,0.0,0.0,0.20333333333333334,0.0,0.16666666666666666,0.16666666666666666,0.3333333333333333,0.125,0.13416666666666666
testex,0.16666666666666666,0.5,0.6666666666666666,0.0,0.0,0.5,0.0,0.0,0.20333333333333334,0.0,0.16666666666666666,0.16666666666666666,0.3333333333333333,0.125,0.13416666666666666
ahso,0.16666666666666666,0.5,0.6666666666666666,0.0,0.0,0.5,0.0,0.0,0.20333333333333334,0.0,0.16666666666666666,0.16666666666666666,0.3333333333333333,0.125,0.13416666666666666
imobo,0.16666666666666666,0.5,0.6666666666666666,0.0,0.0,0.5,0.0,0.0,0.20333333333333334,0.0,0.16666666666666666,0.16666666666666666,0.3333333333333333,0.125,0.13416666666666666
rao,0.16666666666666666,0.5,0.6666666666666666,0.0,0.0,0.5,0.0,0.0,0.20333333333333334,0.0,0.16666666666666666,0.16666666666666666,0.3333333333333333,0.125,0.13416666666666666
covidcrfrapid,0.16666666666666666,0.5,0.6666666666666666,0.0,0.0,0.5,0.0,0.0,0.20333333333333334,0.0,0.16666666666666666,0.16666666666666666,0.3333333333333333,0.125,0.13416666666666666
ogroup,0.16666666666666666,0.5,0.6666666666666666,0.0,0.0,0.5,0.0,0.0,0.20333333333333334,0.0,0.16666666666666666,0.16666666666666666,0.3333333333333333,0.125,0.13416666666666666
cokpme,0.16666666666666666,0.5,0.6666666666666666,0.0,0.0,0.5,0.0,0.0,0.20333333333333334,0.0,0.16666666666666666,0.16666666666666666,0.3333333333333333,0.125,0.13416666666666666
odht,0.16666666666666666,0.5,0.6666666666666666,0.0,0.0,0.5,0.0,0.0,0.20333333333333334,0.0,0.16666666666666666,0.16666666666666666,0.3333333333333333,0.125,0.13416666666666666
iso19115pr,0.16666666666666666,0.5,0.6666666666666666,0.0,0.0,0.5,0.0,0.0,0.20333333333333334,0.0,0.16666666666666666,0.16666666666666666,0.3333333333333333,0.125,0.13416666666666666
pgxo,0.16666666666666666,0.5,0.6666666666666666,0.0,0.0,0.5,0.0,0.0,0.20333333333333334,0.0,0.16666666666666666,0.16666666666666666,0.3333333333333333,0.125,0.13416666666666666
top-menelas,0.16666666666666666,0.5,0.6666666666666666,0.0,0.0,0.5,0.0,0.0,0.20333333333333334,0.0,0.16666666666666666,0.16666666666666666,0.3333333333333333,0.125,0.13416666666666666
infrarisk,0.16666666666666666,0.5,0.6666666666666666,0.0,0.0,0.5,0.0,0.0,0.20333333333333334,0.0,0.16666666666666666,0.16666666666666666,0.3333333333333333,0.125,0.13416666666666666
wc,0.16666666666666666,0.5,0.6666666666666666,0.0,0.0,0.5,0.0,0.0,0.20333333333333334,0.0,0.16666666666666666,0.16666666666666666,0.3333333333333333,0.125,0.13416666666666666
vvmm,0.16666666666666666,0.5,0.6666666666666666,0.0,0.0,0.5,0.0,0.0,0.20333333333333334,0.0,0.16666666666666666,0.16666666666666666,0.3333333333333333,0.125,0.13416666666666666
gamuts,0.16666666666666666,0.5,0.6666666666666666,0.0,0.0,0.5,0.0,0.0,0.20333333333333334,0.0,0.16666666666666666,0.16666666666666666,0.3333333333333333,0.125,0.13416666666666666
ecosim,0.16666666666666666,0.5,0.6666666666666666,0.0,0.0,0.5,0.0,0.0,0.20333333333333334,0.0,0.16666666666666666,0.16666666666666666,0.3333333333333333,0.125,0.13416666666666666
aura,0.16666666666666666,0.5,0.6666666666666666,0.0,0.0,0.5,0.0,0.0,0.20333333333333334,0.0,0.16666666666666666,0.16666666666666666,0.3333333333333333,0.125,0.13416666666666666
frmo,0.16666666666666666,0.5,0.6666666666666666,0.0,0.0,0.5,0.0,0.0,0.20333333333333334,0.0,0.16666666666666666,0.16666666666666666,0.3333333333333333,0.125,0.13416666666666666
plio,0.16666666666666666,0.5,0.6666666666666666,0.0,0.0,0.5,0.0,0.0,0.20333333333333334,0.0,0.16666666666666666,0.16666666666666666,0.3333333333333333,0.125,0.13416666666666666
flyglycodb,0.16666666666666666,0.5,0.6666666666666666,0.0,0.0,0.5,0.0,0.0,0.20333333333333334,0.0,0.16666666666666666,0.16666666666666666,0.3333333333333333,0.125,0.13416666666666666
ldbase,0.16666666666666666,0.5,0.6666666666666666,0.0,0.0,0.5,0.0,0.0,0.20333333333333334,0.0,0.16666666666666666,0.16666666666666666,0.3333333333333333,0.125,0.13416666666666666
admin,0.16666666666666666,0.5,0.6666666666666666,0.0,0.0,0.5,0.0,0.0,0.20333333333333334,0.0,0.16666666666666666,0.16666666666666666,0.3333333333333333,0.125,0.13416666666666666
hivhpvstom,0.16666666666666666,0.5,0.6666666666666666,0.0,0.0,0.5,0.0,0.0,0.20333333333333334,0.0,0.16666666666666666,0.16666666666666666,0.3333333333333333,0.125,0.13416666666666666
fplx,0.16666666666666666,0.5,0.6666666666666666,0.0,0.0,0.5,0.0,0.0,0.20333333333333334,0.0,0.16666666666666666,0.16666666666666666,0.3333333333333333,0.125,0.13416666666666666
epso,0.16666666666666666,0.5,0.6666666666666666,0.0,0.0,0.5,0.0,0.0,0.20333333333333334,0.0,0.16666666666666666,0.16666666666666666,0.3333333333333333,0.125,0.13416666666666666
epie,0.16666666666666666,0.5,0.6666666666666666,0.0,0.0,0.5,0.0,0.0,0.20333333333333334,0.0,0.16666666666666666,0.16666666666666666,0.3333333333333333,0.125,0.13416666666666666
epip,0.16666666666666666,0.5,0.6666666666666666,0.0,0.0,0.5,0.0,0.0,0.20333333333333334,0.0,0.16666666666666666,0.16666666666666666,0.3333333333333333,0.125,0.13416666666666666
land-surface,0.16666666666666666,0.5,0.6666666666666666,0.0,0.0,0.5,0.0,0.0,0.20333333333333334,0.0,0.16666666666666666,0.16666666666666666,0.3333333333333333,0.125,0.13416666666666666
panda,0.16666666666666666,0.5,0.6666666666666666,0.0,0.0,0.5,0.0,0.0,0.20333333333333334,0.0,0.16666666666666666,0.16666666666666666,0.3333333333333333,0.125,0.13416666666666666
nnd_ch,0.16666666666666666,0.5,0.6666666666666666,0.0,0.0,0.5,0.0,0.0,0.20333333333333334,0.0,0.16666666666666666,0.16666666666666666,0.3333333333333333,0.125,0.13416666666666666
dsip,0.16666666666666666,0.5,0.6666666666666666,0.0,0.0,0.5,0.0,0.0,0.20333333333333334,0.0,0.16666666666666666,0.16666666666666666,0.3333333333333333,0.125,0.13416666666666666
lcdgt,0.16666666666666666,0.5,0.6666666666666666,0.0,0.0,0.5,0.0,0.0,0.20333333333333334,0.0,0.16666666666666666,0.16666666666666666,0.3333333333333333,0.125,0.13416666666666666
sugarbind,0.16666666666666666,0.5,0.6666666666666666,0.0,0.0,0.5,0.0,0.0,0.20333333333333334,0.0,0.16666666666666666,0.16666666666666666,0.3333333333333333,0.125,0.13416666666666666
omv,0.16666666666666666,0.5,0.6666666666666666,0.0,0.0,0.5,0.0,0.0,0.20333333333333334,0.0,0.16666666666666666,0.16666666666666666,0.3333333333333333,0.125,0.13416666666666666
apaocuemploy,0.16666666666666666,0.5,0.6666666666666666,0.0,0.0,0.5,0.0,0.0,0.20333333333333334,0.0,0.16666666666666666,0.16666666666666666,0.3333333333333333,0.125,0.13416666666666666
glyco,0.16666666666666666,0.5,0.6666666666666666,0.0,0.0,0.5,0.0,0.0,0.20333333333333334,0.0,0.16666666666666666,0.16666666666666666,0.3333333333333333,0.125,0.13416666666666666
tm-const,0.16666666666666666,0.5,0.6666666666666666,0.0,0.0,0.5,0.0,0.0,0.20333333333333334,0.0,0.16666666666666666,0.16666666666666666,0.3333333333333333,0.125,0.13416666666666666
cdmonto,0.16666666666666666,0.5,0.6666666666666666,0.0,0.0,0.5,0.0,0.0,0.20333333333333334,0.0,0.16666666666666666,0.16666666666666666,0.3333333333333333,0.125,0.13416666666666666
rgd,0.16666666666666666,0.5,0.6666666666666666,0.0,0.0,0.5,0.0,0.0,0.20333333333333334,0.0,0.16666666666666666,0.16666666666666666,0.3333333333333333,0.125,0.13416666666666666
gbol,0.16666666666666666,0.5,0.6666666666666666,0.0,0.0,0.5,0.0,0.0,0.20333333333333334,0.0,0.16666666666666666,0.16666666666666666,0.3333333333333333,0.125,0.13416666666666666
tp_rel_fam,0.16666666666666666,0.5,0.6666666666666666,0.0,0.0,0.5,0.0,0.0,0.20333333333333334,0.0,0.16666666666666666,0.16666666666666666,0.3333333333333333,0.125,0.13416666666666666
allergidoc,0.16666666666666666,0.5,0.6666666666666666,0.0,0.0,0.5,0.0,0.0,0.20333333333333334,0.0,0.16666666666666666,0.16666666666666666,0.3333333333333333,0.125,0.13416666666666666
haroreado,0.16666666666666666,0.5,0.6666666666666666,0.0,0.0,0.5,0.0,0.0,0.20333333333333334,0.0,0.16666666666666666,0.16666666666666666,0.3333333333333333,0.125,0.13416666666666666
cmr-qa,0.16666666666666666,0.5,0.3333333333333333,0.5,0.25,0.5,0.0,0.0,0.20333333333333334,0.0,0.16666666666666666,0.16666666666666666,0.375,0.1875,0.13416666666666666
neomark4,0.16666666666666666,0.5,0.6666666666666666,0.0,0.0,0.5,0.0,0.0,0.20333333333333334,0.0,0.16666666666666666,0.16666666666666666,0.3333333333333333,0.125,0.13416666666666666
pmd,0.16666666666666666,0.5,0.6666666666666666,0.0,0.0,0.5,0.0,0.0,0.20333333333333334,0.0,0.16666666666666666,0.16666666666666666,0.3333333333333333,0.125,0.13416666666666666
pmdo,0.16666666666666666,0.5,0.6666666666666666,0.0,0.0,0.5,0.0,0.0,0.20333333333333334,0.0,0.16666666666666666,0.16666666666666666,0.3333333333333333,0.125,0.13416666666666666
comodi,0.16666666666666666,0.5,0.6666666666666666,0.0,0.0,0.5,0.0,0.0,0.20333333333333334,0.0,0.16666666666666666,0.16666666666666666,0.3333333333333333,0.125,0.13416666666666666
e-ppo,0.16666666666666666,0.5,0.6666666666666666,0.0,0.0,0.5,0.0,0.0,0.20333333333333334,0.0,0.16666666666666666,0.16666666666666666,0.3333333333333333,0.125,0.13416666666666666
sos,0.16666666666666666,0.5,0.6666666666666666,0.0,0.0,0.5,0.0,0.0,0.20333333333333334,0.0,0.16666666666666666,0.16666666666666666,0.3333333333333333,0.125,0.13416666666666666
chd,0.16666666666666666,0.5,0.6666666666666666,0.0,0.0,0.5,0.0,0.0,0.20333333333333334,0.0,0.16666666666666666,0.16666666666666666,0.3333333333333333,0.125,0.13416666666666666
boshi,0.16666666666666666,0.5,0.6666666666666666,0.0,0.0,0.5,0.0,0.0,0.20333333333333334,0.0,0.16666666666666666,0.16666666666666666,0.3333333333333333,0.125,0.13416666666666666
idg_gl,0.16666666666666666,0.5,0.6666666666666666,0.0,0.0,0.5,0.0,0.0,0.20333333333333334,0.0,0.16666666666666666,0.16666666666666666,0.3333333333333333,0.125,0.13416666666666666
gco,0.16666666666666666,0.5,0.6666666666666666,0.0,0.0,0.5,0.0,0.0,0.20333333333333334,0.0,0.16666666666666666,0.16666666666666666,0.3333333333333333,0.125,0.13416666666666666
zonmw-generic,0.16666666666666666,0.5,0.6666666666666666,0.0,0.0,0.5,0.0,0.0,0.20333333333333334,0.0,0.16666666666666666,0.16666666666666666,0.3333333333333333,0.125,0.13416666666666666
extract,0.16666666666666666,0.5,0.6666666666666666,0.0,0.0,0.5,0.0,0.0,0.20333333333333334,0.0,0.16666666666666666,0.16666666666666666,0.3333333333333333,0.125,0.13416666666666666
vodana-mpa,0.16666666666666666,0.5,0.6666666666666666,0.0,0.0,0.5,0.0,0.0,0.20333333333333334,0.0,0.16666666666666666,0.16666666666666666,0.3333333333333333,0.125,0.13416666666666666
hmado,0.16666666666666666,0.5,0.6666666666666666,0.0,0.0,0.5,0.0,0.0,0.20333333333333334,0.0,0.16666666666666666,0.16666666666666666,0.3333333333333333,0.125,0.13416666666666666
ontokbcf,0.16666666666666666,0.5,0.6666666666666666,0.0,0.0,0.5,0.0,0.0,0.20333333333333334,0.0,0.16666666666666666,0.16666666666666666,0.3333333333333333,0.125,0.13416666666666666
electrica,0.16666666666666666,0.5,0.6666666666666666,0.0,0.0,0.5,0.0,0.0,0.20333333333333334,0.0,0.16666666666666666,0.16666666666666666,0.3333333333333333,0.125,0.13416666666666666
covid19-ibo,0.16666666666666666,0.5,0.6666666666666666,0.0,0.0,0.5,0.0,0.0,0.20333333333333334,0.0,0.16666666666666666,0.16666666666666666,0.3333333333333333,0.125,0.13416666666666666
rctv2,0.16666666666666666,0.5,0.6666666666666666,0.0,0.0,0.5,0.0,0.0,0.20333333333333334,0.0,0.16666666666666666,0.16666666666666666,0.3333333333333333,0.125,0.13416666666666666
dhmo,0.16666666666666666,0.5,0.6666666666666666,0.0,0.0,0.5,0.0,0.0,0.20333333333333334,0.0,0.16666666666666666,0.16666666666666666,0.3333333333333333,0.125,0.13416666666666666
medeon,0.16666666666666666,0.5,0.6666666666666666,0.0,0.0,0.5,0.0,0.0,0.20333333333333334,0.0,0.16666666666666666,0.16666666666666666,0.3333333333333333,0.125,0.13416666666666666
npokb,0.16666666666666666,0.5,0.6666666666666666,0.0,0.0,0.5,0.0,0.0,0.20333333333333334,0.0,0.16666666666666666,0.16666666666666666,0.3333333333333333,0.125,0.13416666666666666
dsip2324_demo,0.16666666666666666,0.5,0.6666666666666666,0.0,0.0,0.5,0.0,0.0,0.20333333333333334,0.0,0.16666666666666666,0.16666666666666666,0.3333333333333333,0.125,0.13416666666666666
apaonto,0.16666666666666666,0.375,0.0,0.0,0.0,0.5,0.0,0.0,0.20333333333333334,0.0,0.16666666666666666,0.16666666666666666,0.13541666666666666,0.125,0.13416666666666666
vodanamflcode,0.16666666666666666,0.5,0.6666666666666666,0.0,0.0,0.5,0.0,0.0,0.20333333333333334,0.0,0.16666666666666666,0.16666666666666666,0.3333333333333333,0.125,0.13416666666666666
cisaviado,0.16666666666666666,0.5,0.6666666666666666,0.0,0.0,0.5,0.0,0.0,0.20333333333333334,0.0,0.16666666666666666,0.16666666666666666,0.3333333333333333,0.125,0.13416666666666666
cso,0.16666666666666666,0.5,0.6666666666666666,0.0,0.0,0.5,0.0,0.0,0.20333333333333334,0.0,0.16666666666666666,0.16666666666666666,0.3333333333333333,0.125,0.13416666666666666
asdf,0.16666666666666666,0.5,0.6666666666666666,0.0,0.0,0.5,0.0,0.0,0.20333333333333334,0.0,0.16666666666666666,0.16666666666666666,0.3333333333333333,0.125,0.13416666666666666
ontosinasc,0.16666666666666666,0.5,0.6666666666666666,0.0,0.0,0.5,0.0,0.0,0.20333333333333334,0.0,0.16666666666666666,0.16666666666666666,0.3333333333333333,0.125,0.13416666666666666
cidoc-crm,0.16666666666666666,0.5,0.6666666666666666,0.0,0.0,0.5,0.0,0.0,0.20333333333333334,0.0,0.16666666666666666,0.16666666666666666,0.3333333333333333,0.125,0.13416666666666666
roo,0.16666666666666666,0.5,0.6666666666666666,0.0,0.0,0.5,0.0,0.0,0.20333333333333334,0.0,0.16666666666666666,0.16666666666666666,0.3333333333333333,0.125,0.13416666666666666
sty,0.16666666666666666,0.5,0.6666666666666666,0.0,0.0,0.5,0.0,0.0,0.20333333333333334,0.0,0.16666666666666666,0.16666666666666666,0.3333333333333333,0.125,0.13416666666666666
covid-19-ont-pm,0.16666666666666666,0.5,0.6666666666666666,0.0,0.0,0.5,0.0,0.0,0.20333333333333334,0.0,0.16666666666666666,0.16666666666666666,0.3333333333333333,0.125,0.13416666666666666
nmdco,0.16666666666666666,0.5,0.6666666666666666,0.0,0.0,0.5,0.0,0.0,0.20333333333333334,0.0,0.16666666666666666,0.16666666666666666,0.3333333333333333,0.125,0.13416666666666666
ogr,0.16666666666666666,0.5,0.6666666666666666,0.0,0.0,0.5,0.0,0.0,0.20333333333333334,0.0,0.16666666666666666,0.16666666666666666,0.3333333333333333,0.125,0.13416666666666666
iso19115ex,0.16666666666666666,0.5,0.6666666666666666,0.0,0.0,0.5,0.0,0.0,0.20333333333333334,0.0,0.16666666666666666,0.16666666666666666,0.3333333333333333,0.125,0.13416666666666666
ontodm-kdd,0.16666666666666666,0.5,0.6666666666666666,0.0,0.0,0.5,0.0,0.0,0.20333333333333334,0.0,0.16666666666666666,0.16666666666666666,0.3333333333333333,0.125,0.13416666666666666
esfo,0.16666666666666666,0.5,0.6666666666666666,0.0,0.0,0.5,0.0,0.0,0.20333333333333334,0.0,0.16666666666666666,0.16666666666666666,0.3333333333333333,0.125,0.13416666666666666
sbol,0.16666666666666666,0.5,0.6666666666666666,0.0,0.0,0.5,0.0,0.0,0.20333333333333334,0.0,0.16666666666666666,0.16666666666666666,0.3333333333333333,0.125,0.13416666666666666
gdoa,0.16666666666666666,0.5,0.6666666666666666,0.0,0.0,0.5,0.0,0.0,0.20333333333333334,0.0,0.16666666666666666,0.16666666666666666,0.3333333333333333,0.125,0.13416666666666666
mello-d,0.16666666666666666,0.5,0.6666666666666666,0.0,0.0,0.5,0.0,0.0,0.20333333333333334,0.0,0.16666666666666666,0.16666666666666666,0.3333333333333333,0.125,0.13416666666666666
fire,0.16666666666666666,0.5,0.6666666666666666,0.0,0.0,0.5,0.0,0.0,0.20333333333333334,0.0,0.16666666666666666,0.16666666666666666,0.3333333333333333,0.125,0.13416666666666666
ecm4m-md-vocabs,0.16666666666666666,0.5,0.6666666666666666,0.0,0.0,0.5,0.0,0.0,0.20333333333333334,0.0,0.16666666666666666,0.16666666666666666,0.3333333333333333,0.125,0.13416666666666666
patit,0.16666666666666666,0.5,0.6666666666666666,0.0,0.0,0.5,0.0,0.0,0.20333333333333334,0.0,0.16666666666666666,0.16666666666666666,0.3333333333333333,0.125,0.13416666666666666
itemas,0.16666666666666666,0.5,0.6666666666666666,0.0,0.0,0.5,0.0,0.0,0.20333333333333334,0.0,0.16666666666666666,0.16666666666666666,0.3333333333333333,0.125,0.13416666666666666
senso,0.16666666666666666,0.5,0.6666666666666666,0.0,0.0,0.5,0.0,0.0,0.20333333333333334,0.0,0.16666666666666666,0.16666666666666666,0.3333333333333333,0.125,0.13416666666666666
bof,0.16666666666666666,0.5,0.6666666666666666,0.0,0.0,0.5,0.0,0.0,0.20333333333333334,0.0,0.16666666666666666,0.16666666666666666,0.3333333333333333,0.125,0.13416666666666666
uganda_diseases,0.16666666666666666,0.5,0.6666666666666666,0.0,0.0,0.5,0.0,0.0,0.20333333333333334,0.0,0.16666666666666666,0.16666666666666666,0.3333333333333333,0.125,0.13416666666666666
taon,0.16666666666666666,0.5,0.6666666666666666,0.0,0.0,0.5,0.0,0.0,0.20333333333333334,0.0,0.16666666666666666,0.16666666666666666,0.3333333333333333,0.125,0.13416666666666666
spo,0.16666666666666666,0.5,0.6666666666666666,0.0,0.0,0.5,0.0,0.0,0.20333333333333334,0.0,0.16666666666666666,0.16666666666666666,0.3333333333333333,0.125,0.13416666666666666
oborel,0.16666666666666666,0.5,0.6666666666666666,0.0,0.0,0.5,0.0,0.0,0.20333333333333334,0.0,0.16666666666666666,0.16666666666666666,0.3333333333333333,0.125,0.13416666666666666
xeo,0.16666666666666666,0.5,0.6666666666666666,0.0,0.0,0.5,0.0,0.0,0.20333333333333334,0.0,0.16666666666666666,0.16666666666666666,0.3333333333333333,0.125,0.13416666666666666
doves,0.16666666666666666,0.5,0.6666666666666666,0.0,0.0,0.5,0.0,0.0,0.20333333333333334,0.0,0.16666666666666666,0.16666666666666666,0.3333333333333333,0.125,0.13416666666666666
bpforms,0.16666666666666666,0.5,0.6666666666666666,0.0,0.0,0.5,0.0,0.0,0.20333333333333334,0.0,0.16666666666666666,0.16666666666666666,0.3333333333333333,0.125,0.13416666666666666
datacite,0.16666666666666666,0.5,0.6666666666666666,0.0,0.0,0.5,0.0,0.0,0.20333333333333334,0.0,0.16666666666666666,0.16666666666666666,0.3333333333333333,0.125,0.13416666666666666
marc-relators,0.16666666666666666,0.5,0.6666666666666666,0.0,0.0,0.5,0.0,0.0,0.20333333333333334,0.0,0.16666666666666666,0.16666666666666666,0.3333333333333333,0.125,0.13416666666666666
fdc-gdmt,0.16666666666666666,0.5,0.6666666666666666,0.0,0.0,0.5,0.0,0.0,0.20333333333333334,0.0,0.16666666666666666,0.16666666666666666,0.3333333333333333,0.125,0.13416666666666666
ontotox,0.16666666666666666,0.5,0.6666666666666666,0.0,0.0,0.5,0.0,0.0,0.20333333333333334,0.0,0.16666666666666666,0.16666666666666666,0.3333333333333333,0.125,0.13416666666666666
pma,0.16666666666666666,0.5,0.6666666666666666,0.0,0.0,0.5,0.0,0.0,0.20333333333333334,0.0,0.16666666666666666,0.16666666666666666,0.3333333333333333,0.125,0.13416666666666666
sto-draft,0.16666666666666666,0.5,0.6666666666666666,0.0,0.0,0.5,0.0,0.0,0.20333333333333334,0.0,0.16666666666666666,0.16666666666666666,0.3333333333333333,0.125,0.13416666666666666
bto-provo,0.16666666666666666,0.5,0.6666666666666666,0.0,0.0,0.5,0.0,0.0,0.20333333333333334,0.0,0.16666666666666666,0.16666666666666666,0.3333333333333333,0.125,0.13416666666666666
dct,0.16666666666666666,0.5,0.6666666666666666,0.0,0.0,0.5,0.0,0.0,0.20333333333333334,0.0,0.16666666666666666,0.16666666666666666,0.3333333333333333,0.125,0.13416666666666666
into,0.16666666666666666,0.5,0.6666666666666666,0.0,0.0,0.5,0.0,0.0,0.20333333333333334,0.0,0.16666666666666666,0.16666666666666666,0.3333333333333333,0.125,0.13416666666666666
henecon,0.16666666666666666,0.5,0.6666666666666666,0.0,0.0,0.5,0.0,0.0,0.20333333333333334,0.0,0.16666666666666666,0.16666666666666666,0.3333333333333333,0.125,0.13416666666666666
ecso,0.16666666666666666,0.5,0.6666666666666666,0.0,0.0,0.5,0.0,0.0,0.20333333333333334,0.0,0.16666666666666666,0.16666666666666666,0.3333333333333333,0.125,0.13416666666666666
gpml,0.16666666666666666,0.5,0.6666666666666666,0.0,0.0,0.5,0.0,0.0,0.20333333333333334,0.0,0.16666666666666666,0.16666666666666666,0.3333333333333333,0.125,0.13416666666666666
olam,0.16666666666666666,0.5,0.6666666666666666,0.0,0.0,0.5,0.0,0.0,0.20333333333333334,0.0,0.16666666666666666,0.16666666666666666,0.3333333333333333,0.125,0.13416666666666666
olas,0.16666666666666666,0.5,0.6666666666666666,0.0,0.0,0.5,0.0,0.0,0.20333333333333334,0.0,0.16666666666666666,0.16666666666666666,0.3333333333333333,0.125,0.13416666666666666
paino,0.16666666666666666,0.5,0.6666666666666666,0.0,0.0,0.5,0.0,0.0,0.20333333333333334,0.0,0.16666666666666666,0.16666666666666666,0.3333333333333333,0.125,0.13416666666666666
o-rextech,0.16666666666666666,0.5,0.6666666666666666,0.0,0.0,0.5,0.0,0.0,0.20333333333333334,0.0,0.16666666666666666,0.16666666666666666,0.3333333333333333,0.125,0.13416666666666666
fdsajfahsjk,0.16666666666666666,0.5,0.6666666666666666,0.0,0.0,0.5,0.0,0.0,0.20333333333333334,0.0,0.16666666666666666,0.16666666666666666,0.3333333333333333,0.125,0.13416666666666666
bhn,0.16666666666666666,0.5,0.6666666666666666,0.0,0.0,0.5,0.0,0.0,0.20333333333333334,0.0,0.16666666666666666,0.16666666666666666,0.3333333333333333,0.125,0.13416666666666666
brain-cof,0.16666666666666666,0.5,0.6666666666666666,0.0,0.0,0.5,0.0,0.0,0.20333333333333334,0.0,0.16666666666666666,0.16666666666666666,0.3333333333333333,0.125,0.13416666666666666
pnado,0.16666666666666666,0.5,0.6666666666666666,0.0,0.0,0.5,0.0,0.0,0.20333333333333334,0.0,0.16666666666666666,0.16666666666666666,0.3333333333333333,0.125,0.13416666666666666
ontoad,0.16666666666666666,0.5,0.6666666666666666,0.0,0.0,0.5,0.0,0.0,0.20333333333333334,0.0,0.16666666666666666,0.16666666666666666,0.3333333333333333,0.125,0.13416666666666666
hrdo,0.16666666666666666,0.5,0.6666666666666666,0.0,0.0,0.5,0.0,0.0,0.20333333333333334,0.0,0.16666666666666666,0.16666666666666666,0.3333333333333333,0.125,0.13416666666666666
cdpeo,0.16666666666666666,0.5,0.6666666666666666,0.0,0.0,0.5,0.0,0.0,0.20333333333333334,0.0,0.16666666666666666,0.16666666666666666,0.3333333333333333,0.125,0.13416666666666666
elter_cl,0.16666666666666666,0.5,0.6666666666666666,0.0,0.0,0.5,0.0,0.0,0.20333333333333334,0.0,0.16666666666666666,0.16666666666666666,0.3333333333333333,0.125,0.13416666666666666
matrrockigneous,0.16666666666666666,0.5,0.6666666666666666,0.0,0.0,0.5,0.0,0.0,0.20333333333333334,0.0,0.16666666666666666,0.16666666666666666,0.3333333333333333,0.125,0.13416666666666666
bms-lm,0.16666666666666666,0.5,0.6666666666666666,0.0,0.0,0.5,0.0,0.0,0.20333333333333334,0.0,0.16666666666666666,0.16666666666666666,0.3333333333333333,0.125,0.13416666666666666
opdre,0.16666666666666666,0.5,0.6666666666666666,0.0,0.0,0.5,0.0,0.0,0.20333333333333334,0.0,0.16666666666666666,0.16666666666666666,0.3333333333333333,0.125,0.13416666666666666
pmo-speed,0.16666666666666666,0.5,0.6666666666666666,0.0,0.0,0.5,0.0,0.0,0.20333333333333334,0.0,0.16666666666666666,0.16666666666666666,0.3333333333333333,0.125,0.13416666666666666
idoden,0.16666666666666666,0.5,0.6666666666666666,0.0,0.0,0.5,0.0,0.0,0.20333333333333334,0.0,0.16666666666666666,0.16666666666666666,0.3333333333333333,0.125,0.13416666666666666
birthonto,0.16666666666666666,0.5,0.6666666666666666,0.0,0.0,0.5,0.0,0.0,0.20333333333333334,0.0,0.16666666666666666,0.16666666666666666,0.3333333333333333,0.125,0.13416666666666666
meo,0.16666666666666666,0.5,0.6666666666666666,0.0,0.0,0.5,0.0,0.0,0.20333333333333334,0.0,0.16666666666666666,0.16666666666666666,0.3333333333333333,0.125,0.13416666666666666
idem,0.16666666666666666,0.5,0.6666666666666666,0.0,0.0,0.5,0.0,0.0,0.20333333333333334,0.0,0.16666666666666666,0.16666666666666666,0.3333333333333333,0.125,0.13416666666666666
dilon,0.16666666666666666,0.5,0.6666666666666666,0.0,0.0,0.5,0.0,0.0,0.20333333333333334,0.0,0.16666666666666666,0.16666666666666666,0.3333333333333333,0.125,0.13416666666666666
fmpm,0.16666666666666666,0.5,0.6666666666666666,0.0,0.0,0.5,0.0,0.0,0.20333333333333334,0.0,0.16666666666666666,0.16666666666666666,0.3333333333333333,0.125,0.13416666666666666
patct,0.16666666666666666,0.5,0.6666666666666666,0.0,0.0,0.5,0.0,0.0,0.20333333333333334,0.0,0.16666666666666666,0.16666666666666666,0.3333333333333333,0.125,0.13416666666666666
hiv,0.16666666666666666,0.5,0.6666666666666666,0.0,0.0,0.5,0.0,0.0,0.20333333333333334,0.0,0.16666666666666666,0.16666666666666666,0.3333333333333333,0.125,0.13416666666666666
dsip1v,0.16666666666666666,0.5,0.6666666666666666,0.0,0.0,0.5,0.0,0.0,0.20333333333333334,0.0,0.16666666666666666,0.16666666666666666,0.3333333333333333,0.125,0.13416666666666666
suicideo,0.16666666666666666,0.5,0.6666666666666666,0.0,0.0,0.5,0.0,0.0,0.20333333333333334,0.0,0.16666666666666666,0.16666666666666666,0.3333333333333333,0.125,0.13416666666666666
smash,0.16666666666666666,0.5,0.6666666666666666,0.0,0.0,0.5,0.0,0.0,0.20333333333333334,0.0,0.16666666666666666,0.16666666666666666,0.3333333333333333,0.125,0.13416666666666666
gvo,0.16666666666666666,0.5,0.6666666666666666,0.0,0.0,0.5,0.0,0.0,0.20333333333333334,0.0,0.16666666666666666,0.16666666666666666,0.3333333333333333,0.125,0.13416666666666666
ibd,0.16666666666666666,0.5,0.6666666666666666,0.0,0.0,0.5,0.0,0.0,0.20333333333333334,0.0,0.16666666666666666,0.16666666666666666,0.3333333333333333,0.125,0.13416666666666666
iso19115dtc,0.16666666666666666,0.5,0.6666666666666666,0.0,0.0,0.5,0.0,0.0,0.20333333333333334,0.0,0.16666666666666666,0.16666666666666666,0.3333333333333333,0.125,0.13416666666666666
onl-mr-da,0.16666666666666666,0.5,0.6666666666666666,0.0,0.0,0.5,0.0,0.0,0.20333333333333334,0.0,0.16666666666666666,0.16666666666666666,0.3333333333333333,0.125,0.13416666666666666
bipom,0.16666666666666666,0.5,0.6666666666666666,0.0,0.0,0.5,0.0,0.0,0.20333333333333334,0.0,0.16666666666666666,0.16666666666666666,0.3333333333333333,0.125,0.13416666666666666
entity,0.16666666666666666,0.5,0.6666666666666666,0.0,0.0,0.5,0.0,0.0,0.20333333333333334,0.0,0.16666666666666666,0.16666666666666666,0.3333333333333333,0.125,0.13416666666666666
mco4mcre,0.16666666666666666,0.5,0.6666666666666666,0.0,0.0,0.5,0.0,0.0,0.20333333333333334,0.0,0.16666666666666666,0.16666666666666666,0.3333333333333333,0.125,0.13416666666666666
rdl,0.16666666666666666,0.5,0.6666666666666666,0.0,0.0,0.5,0.0,0.0,0.20333333333333334,0.0,0.16666666666666666,0.16666666666666666,0.3333333333333333,0.125,0.13416666666666666
surgical,0.16666666666666666,0.5,0.6666666666666666,0.0,0.0,0.5,0.0,0.0,0.20333333333333334,0.0,0.16666666666666666,0.16666666666666666,0.3333333333333333,0.125,0.13416666666666666
radxtt-mvreasons,0.16666666666666666,0.5,0.6666666666666666,0.0,0.0,0.5,0.0,0.0,0.20333333333333334,0.0,0.16666666666666666,0.16666666666666666,0.3333333333333333,0.125,0.13416666666666666
omco,0.16666666666666666,0.5,0.6666666666666666,0.0,0.0,0.5,0.0,0.0,0.20333333333333334,0.0,0.16666666666666666,0.16666666666666666,0.3333333333333333,0.125,0.13416666666666666
bpt,0.16666666666666666,0.5,0.6666666666666666,0.0,0.0,0.5,0.0,0.0,0.20333333333333334,0.0,0.16666666666666666,0.16666666666666666,0.3333333333333333,0.125,0.13416666666666666
cho,0.16666666666666666,0.5,0.6666666666666666,0.0,0.0,0.5,0.0,0.0,0.20333333333333334,0.0,0.16666666666666666,0.16666666666666666,0.3333333333333333,0.125,0.13416666666666666
bmt,0.16666666666666666,0.5,0.6666666666666666,0.0,0.0,0.5,0.0,0.0,0.20333333333333334,0.0,0.16666666666666666,0.16666666666666666,0.3333333333333333,0.125,0.13416666666666666
weave,0.16666666666666666,0.5,0.6666666666666666,0.0,0.0,0.5,0.0,0.0,0.20333333333333334,0.0,0.16666666666666666,0.16666666666666666,0.3333333333333333,0.125,0.13416666666666666
mnr,0.16666666666666666,0.5,0.6666666666666666,0.0,0.0,0.5,0.0,0.0,0.20333333333333334,0.0,0.16666666666666666,0.16666666666666666,0.3333333333333333,0.125,0.13416666666666666
elig,0.16666666666666666,0.5,0.6666666666666666,0.0,0.0,0.5,0.0,0.0,0.20333333333333334,0.0,0.16666666666666666,0.16666666666666666,0.3333333333333333,0.125,0.13416666666666666
asdpto,0.16666666666666666,0.5,0.6666666666666666,0.0,0.0,0.5,0.0,0.0,0.20333333333333334,0.0,0.16666666666666666,0.16666666666666666,0.3333333333333333,0.125,0.13416666666666666
legalapa,0.16666666666666666,0.5,0.6666666666666666,0.0,0.0,0.5,0.0,0.0,0.20333333333333334,0.0,0.16666666666666666,0.16666666666666666,0.3333333333333333,0.125,0.13416666666666666
deb,0.16666666666666666,0.5,0.6666666666666666,0.0,0.0,0.5,0.0,0.0,0.20333333333333334,0.0,0.16666666666666666,0.16666666666666666,0.3333333333333333,0.125,0.13416666666666666
apro,0.16666666666666666,0.5,0.6666666666666666,0.0,0.0,0.5,0.0,0.0,0.20333333333333334,0.0,0.16666666666666666,0.16666666666666666,0.3333333333333333,0.125,0.13416666666666666
cabro,0.16666666666666666,0.5,0.6666666666666666,0.0,0.0,0.5,0.0,0.0,0.20333333333333334,0.0,0.16666666666666666,0.16666666666666666,0.3333333333333333,0.125,0.13416666666666666
helifit,0.16666666666666666,0.5,0.6666666666666666,0.0,0.0,0.5,0.0,0.0,0.20333333333333334,0.0,0.16666666666666666,0.16666666666666666,0.3333333333333333,0.125,0.13416666666666666
i2sv,0.16666666666666666,0.5,0.6666666666666666,0.0,0.0,0.5,0.0,0.0,0.20333333333333334,0.0,0.16666666666666666,0.16666666666666666,0.3333333333333333,0.125,0.13416666666666666
ochv,0.16666666666666666,0.5,0.6666666666666666,0.0,0.0,0.5,0.0,0.0,0.20333333333333334,0.0,0.16666666666666666,0.16666666666666666,0.3333333333333333,0.125,0.13416666666666666
gro-cpd,0.16666666666666666,0.5,0.6666666666666666,0.0,0.0,0.5,0.0,0.0,0.20333333333333334,0.0,0.16666666666666666,0.16666666666666666,0.3333333333333333,0.125,0.13416666666666666
nifsubcell,0.16666666666666666,0.5,0.6666666666666666,0.0,0.0,0.5,0.0,0.0,0.20333333333333334,0.0,0.16666666666666666,0.16666666666666666,0.3333333333333333,0.125,0.13416666666666666
nmosp,0.16666666666666666,0.5,0.6666666666666666,0.0,0.0,0.5,0.0,0.0,0.20333333333333334,0.0,0.16666666666666666,0.16666666666666666,0.3333333333333333,0.125,0.13416666666666666
hamidehsgh,0.16666666666666666,0.5,0.6666666666666666,0.0,0.5,0.5,0.6666666666666666,0.16666666666666666,0.20333333333333334,0.0,0.16666666666666666,0.16666666666666666,0.3333333333333333,0.4583333333333333,0.13416666666666666
mim,0.16666666666666666,0.5,0.6666666666666666,0.0,0.0,0.5,0.0,0.0,0.20333333333333334,0.0,0.16666666666666666,0.16666666666666666,0.3333333333333333,0.125,0.13416666666666666
sepon,0.16666666666666666,0.5,0.6666666666666666,0.0,0.0,0.5,0.0,0.0,0.20333333333333334,0.0,0.16666666666666666,0.16666666666666666,0.3333333333333333,0.125,0.13416666666666666
tma,0.16666666666666666,0.5,0.6666666666666666,0.0,0.0,0.5,0.0,0.0,0.20333333333333334,0.0,0.16666666666666666,0.16666666666666666,0.3333333333333333,0.125,0.13416666666666666
nero,0.16666666666666666,0.5,0.6666666666666666,0.0,0.0,0.5,0.0,0.0,0.20333333333333334,0.0,0.16666666666666666,0.16666666666666666,0.3333333333333333,0.125,0.13416666666666666
n-cdoh,0.16666666666666666,0.5,0.6666666666666666,0.0,0.0,0.5,0.0,0.0,0.20333333333333334,0.0,0.16666666666666666,0.16666666666666666,0.3333333333333333,0.125,0.13416666666666666
ocdm,0.16666666666666666,0.5,0.6666666666666666,0.0,0.0,0.5,0.0,0.0,0.20333333333333334,0.0,0.16666666666666666,0.16666666666666666,0.3333333333333333,0.125,0.13416666666666666
cedarpc,0.16666666666666666,0.5,0.6666666666666666,0.0,0.0,0.5,0.0,0.0,0.20333333333333334,0.0,0.16666666666666666,0.16666666666666666,0.3333333333333333,0.125,0.13416666666666666
wsm-library,0.16666666666666666,0.5,0.6666666666666666,0.0,0.0,0.5,0.0,0.0,0.20333333333333334,0.0,0.16666666666666666,0.16666666666666666,0.3333333333333333,0.125,0.13416666666666666
mnv,0.16666666666666666,0.5,0.6666666666666666,0.0,0.0,0.5,0.0,0.0,0.20333333333333334,0.0,0.16666666666666666,0.16666666666666666,0.3333333333333333,0.125,0.13416666666666666
nist_gel,0.16666666666666666,0.5,0.6666666666666666,0.0,0.0,0.5,0.0,0.0,0.20333333333333334,0.0,0.16666666666666666,0.16666666666666666,0.3333333333333333,0.125,0.13416666666666666
fast-formgenre,0.16666666666666666,0.5,0.6666666666666666,0.0,0.0,0.5,0.0,0.0,0.20333333333333334,0.0,0.16666666666666666,0.16666666666666666,0.3333333333333333,0.125,0.13416666666666666
galen,0.16666666666666666,0.5,0.6666666666666666,0.0,0.0,0.5,0.0,0.0,0.20333333333333334,0.0,0.16666666666666666,0.16666666666666666,0.3333333333333333,0.125,0.13416666666666666
biomodels,0.16666666666666666,0.5,0.6666666666666666,0.0,0.0,0.5,0.0,0.0,0.20333333333333334,0.0,0.16666666666666666,0.16666666666666666,0.3333333333333333,0.125,0.13416666666666666
pregonto,0.16666666666666666,0.5,0.6666666666666666,0.0,0.0,0.5,0.0,0.0,0.20333333333333334,0.0,0.16666666666666666,0.16666666666666666,0.3333333333333333,0.125,0.13416666666666666
url,0.16666666666666666,0.5,0.6666666666666666,0.0,0.0,0.5,0.0,0.0,0.20333333333333334,0.0,0.16666666666666666,0.16666666666666666,0.3333333333333333,0.125,0.13416666666666666
exon,0.16666666666666666,0.5,0.6666666666666666,0.0,0.0,0.5,0.0,0.0,0.20333333333333334,0.0,0.16666666666666666,0.16666666666666666,0.3333333333333333,0.125,0.13416666666666666
dcat-fdc,0.16666666666666666,0.5,0.6666666666666666,0.0,0.0,0.5,0.0,0.0,0.20333333333333334,0.0,0.16666666666666666,0.16666666666666666,0.3333333333333333,0.125,0.13416666666666666
poem,0.16666666666666666,0.5,0.6666666666666666,0.0,0.0,0.5,0.0,0.0,0.20333333333333334,0.0,0.16666666666666666,0.16666666666666666,0.3333333333333333,0.125,0.13416666666666666
ofl,0.16666666666666666,0.5,0.6666666666666666,0.0,0.0,0.5,0.0,0.0,0.20333333333333334,0.0,0.16666666666666666,0.16666666666666666,0.3333333333333333,0.125,0.13416666666666666
sd3,0.16666666666666666,0.5,0.6666666666666666,0.0,0.0,0.5,0.0,0.0,0.20333333333333334,0.0,0.16666666666666666,0.16666666666666666,0.3333333333333333,0.125,0.13416666666666666
be,0.16666666666666666,0.5,0.6666666666666666,0.0,0.0,0.5,0.0,0.0,0.20333333333333334,0.0,0.16666666666666666,0.16666666666666666,0.3333333333333333,0.125,0.13416666666666666
ontolurgences,0.16666666666666666,0.5,0.6666666666666666,0.0,0.0,0.5,0.0,0.0,0.20333333333333334,0.0,0.16666666666666666,0.16666666666666666,0.3333333333333333,0.125,0.13416666666666666
test_cbi,0.16666666666666666,0.5,0.6666666666666666,0.0,0.0,0.5,0.0,0.0,0.20333333333333334,0.0,0.16666666666666666,0.16666666666666666,0.3333333333333333,0.125,0.13416666666666666
adcad,0.16666666666666666,0.5,0.6666666666666666,0.0,0.0,0.5,0.0,0.0,0.20333333333333334,0.0,0.16666666666666666,0.16666666666666666,0.3333333333333333,0.125,0.13416666666666666
decide,0.16666666666666666,0.5,0.6666666666666666,0.0,0.0,0.5,0.0,0.0,0.20333333333333334,0.0,0.16666666666666666,0.16666666666666666,0.3333333333333333,0.125,0.13416666666666666
iso19115roles,0.16666666666666666,0.5,0.6666666666666666,0.0,0.0,0.5,0.0,0.0,0.20333333333333334,0.0,0.16666666666666666,0.16666666666666666,0.3333333333333333,0.125,0.13416666666666666
pso_2,0.16666666666666666,0.5,0.6666666666666666,0.0,0.0,0.5,0.0,0.0,0.20333333333333334,0.0,0.16666666666666666,0.16666666666666666,0.3333333333333333,0.125,0.13416666666666666
ontodm-algorithm,0.16666666666666666,0.5,0.6666666666666666,0.0,0.0,0.5,0.0,0.0,0.20333333333333334,0.0,0.16666666666666666,0.16666666666666666,0.3333333333333333,0.125,0.13416666666666666
vfb_drivers,0.16666666666666666,0.5,0.6666666666666666,0.0,0.0,0.5,0.0,0.0,0.20333333333333334,0.0,0.16666666666666666,0.16666666666666666,0.3333333333333333,0.125,0.13416666666666666
lifo,0.16666666666666666,0.5,0.6666666666666666,0.0,0.0,0.5,0.0,0.0,0.20333333333333334,0.0,0.16666666666666666,0.16666666666666666,0.3333333333333333,0.125,0.13416666666666666
phy,0.16666666666666666,0.5,0.6666666666666666,0.0,0.0,0.5,0.0,0.0,0.20333333333333334,0.0,0.16666666666666666,0.16666666666666666,0.3333333333333333,0.125,0.13416666666666666
dermo,0.16666666666666666,0.5,0.6666666666666666,0.0,0.0,0.5,0.0,0.0,0.20333333333333334,0.0,0.16666666666666666,0.16666666666666666,0.3333333333333333,0.125,0.13416666666666666
msv,0.16666666666666666,0.5,0.6666666666666666,0.0,0.0,0.5,0.0,0.0,0.20333333333333334,0.0,0.16666666666666666,0.16666666666666666,0.3333333333333333,0.125,0.13416666666666666
pp,0.16666666666666666,0.5,0.6666666666666666,0.0,0.0,0.5,0.0,0.0,0.20333333333333334,0.0,0.16666666666666666,0.16666666666666666,0.3333333333333333,0.125,0.13416666666666666
pe,0.16666666666666666,0.5,0.6666666666666666,0.0,0.0,0.5,0.0,0.0,0.20333333333333334,0.0,0.16666666666666666,0.16666666666666666,0.3333333333333333,0.125,0.13416666666666666
pu,0.16666666666666666,0.5,0.6666666666666666,0.0,0.0,0.5,0.0,0.0,0.20333333333333334,0.0,0.16666666666666666,0.16666666666666666,0.3333333333333333,0.125,0.13416666666666666
ngsonto,0.16666666666666666,0.5,0.6666666666666666,0.0,0.0,0.5,0.0,0.0,0.20333333333333334,0.0,0.16666666666666666,0.16666666666666666,0.3333333333333333,0.125,0.13416666666666666
dsip7,0.16666666666666666,0.5,0.6666666666666666,0.0,0.0,0.5,0.0,0.0,0.20333333333333334,0.0,0.16666666666666666,0.16666666666666666,0.3333333333333333,0.125,0.13416666666666666
creno,0.16666666666666666,0.5,0.6666666666666666,0.0,0.0,0.5,0.0,0.0,0.20333333333333334,0.0,0.16666666666666666,0.16666666666666666,0.3333333333333333,0.125,0.13416666666666666
ddss,0.16666666666666666,0.5,0.6666666666666666,0.0,0.0,0.5,0.0,0.0,0.20333333333333334,0.0,0.16666666666666666,0.16666666666666666,0.3333333333333333,0.125,0.13416666666666666
apatandt,0.16666666666666666,0.5,0.6666666666666666,0.0,0.0,0.5,0.0,0.0,0.20333333333333334,0.0,0.16666666666666666,0.16666666666666666,0.3333333333333333,0.125,0.13416666666666666
cto-ndd,0.16666666666666666,0.5,0.6666666666666666,0.0,0.0,0.5,0.0,0.0,0.20333333333333334,0.0,0.16666666666666666,0.16666666666666666,0.3333333333333333,0.125,0.13416666666666666
umms,0.16666666666666666,0.5,0.6666666666666666,0.0,0.0,0.5,0.0,0.0,0.20333333333333334,0.0,0.16666666666666666,0.16666666666666666,0.3333333333333333,0.125,0.13416666666666666
tml,0.16666666666666666,0.5,0.6666666666666666,0.0,0.0,0.5,0.0,0.0,0.20333333333333334,0.0,0.16666666666666666,0.16666666666666666,0.3333333333333333,0.125,0.13416666666666666
peao,0.16666666666666666,0.5,0.6666666666666666,0.0,0.0,0.5,0.0,0.0,0.20333333333333334,0.0,0.16666666666666666,0.16666666666666666,0.3333333333333333,0.125,0.13416666666666666
soho,0.16666666666666666,0.5,0.6666666666666666,0.0,0.0,0.5,0.0,0.0,0.20333333333333334,0.0,0.16666666666666666,0.16666666666666666,0.3333333333333333,0.125,0.13416666666666666
pe-o,0.16666666666666666,0.5,0.6666666666666666,0.0,0.0,0.5,0.0,0.0,0.20333333333333334,0.0,0.16666666666666666,0.16666666666666666,0.3333333333333333,0.125,0.13416666666666666
neicbeer,0.16666666666666666,0.5,0.6666666666666666,0.0,0.0,0.5,0.0,0.0,0.20333333333333334,0.0,0.16666666666666666,0.16666666666666666,0.3333333333333333,0.125,0.13416666666666666
cmdo,0.16666666666666666,0.5,0.6666666666666666,0.0,0.0,0.5,0.0,0.0,0.20333333333333334,0.0,0.16666666666666666,0.16666666666666666,0.3333333333333333,0.125,0.13416666666666666
hhearvs,0.16666666666666666,0.5,0.6666666666666666,0.0,0.0,0.5,0.0,0.0,0.20333333333333334,0.0,0.16666666666666666,0.16666666666666666,0.3333333333333333,0.125,0.13416666666666666
sasap,0.16666666666666666,0.5,0.6666666666666666,0.0,0.0,0.5,0.0,0.0,0.20333333333333334,0.0,0.16666666666666666,0.16666666666666666,0.3333333333333333,0.125,0.13416666666666666
bctt,0.16666666666666666,0.5,0.6666666666666666,0.0,0.0,0.5,0.0,0.0,0.20333333333333334,0.0,0.16666666666666666,0.16666666666666666,0.3333333333333333,0.125,0.13416666666666666
hivhpvschistosom,0.16666666666666666,0.5,0.6666666666666666,0.0,0.0,0.5,0.0,0.0,0.20333333333333334,0.0,0.16666666666666666,0.16666666666666666,0.3333333333333333,0.125,0.13416666666666666
iobc,0.16666666666666666,0.5,0.6666666666666666,0.0,0.0,0.5,0.0,0.0,0.20333333333333334,0.0,0.16666666666666666,0.16666666666666666,0.3333333333333333,0.125,0.13416666666666666
fast-event,0.16666666666666666,0.5,0.6666666666666666,0.0,0.0,0.5,0.0,0.0,0.20333333333333334,0.0,0.16666666666666666,0.16666666666666666,0.3333333333333333,0.125,0.13416666666666666
nio,0.16666666666666666,0.5,0.6666666666666666,0.0,0.0,0.5,0.0,0.0,0.20333333333333334,0.0,0.16666666666666666,0.16666666666666666,0.3333333333333333,0.125,0.13416666666666666
glycordf,0.16666666666666666,0.5,0.6666666666666666,0.0,0.0,0.5,0.0,0.0,0.20333333333333334,0.0,0.16666666666666666,0.16666666666666666,0.3333333333333333,0.125,0.13416666666666666
syriandrugs,0.16666666666666666,0.5,0.6666666666666666,0.0,0.0,0.5,0.0,0.0,0.20333333333333334,0.0,0.16666666666666666,0.16666666666666666,0.3333333333333333,0.125,0.13416666666666666
ipd,0.16666666666666666,0.5,0.6666666666666666,0.0,0.0,0.5,0.0,0.0,0.20333333333333334,0.0,0.16666666666666666,0.16666666666666666,0.3333333333333333,0.125,0.13416666666666666
mads-rdf,0.16666666666666666,0.5,0.6666666666666666,0.0,0.0,0.5,0.0,0.0,0.20333333333333334,0.0,0.16666666666666666,0.16666666666666666,0.3333333333333333,0.125,0.13416666666666666
rsa,0.16666666666666666,0.5,0.6666666666666666,0.0,0.0,0.5,0.0,0.0,0.20333333333333334,0.0,0.16666666666666666,0.16666666666666666,0.3333333333333333,0.125,0.13416666666666666
icd-o-3,0.16666666666666666,0.5,0.6666666666666666,0.0,0.0,0.5,0.0,0.0,0.20333333333333334,0.0,0.16666666666666666,0.16666666666666666,0.3333333333333333,0.125,0.13416666666666666
dreamdnpto,0.16666666666666666,0.5,0.6666666666666666,0.0,0.0,0.5,0.0,0.0,0.20333333333333334,0.0,0.16666666666666666,0.16666666666666666,0.3333333333333333,0.125,0.13416666666666666
npi,0.16666666666666666,0.5,0.6666666666666666,0.0,0.0,0.5,0.0,0.0,0.20333333333333334,0.0,0.16666666666666666,0.16666666666666666,0.3333333333333333,0.125,0.13416666666666666
bflc,0.16666666666666666,0.5,0.6666666666666666,0.0,0.0,0.5,0.0,0.0,0.20333333333333334,0.0,0.16666666666666666,0.16666666666666666,0.3333333333333333,0.125,0.13416666666666666
hhear,0.16666666666666666,0.5,0.6666666666666666,0.0,0.0,0.5,0.0,0.0,0.20333333333333334,0.0,0.16666666666666666,0.16666666666666666,0.3333333333333333,0.125,0.13416666666666666
hhearp,0.16666666666666666,0.5,0.6666666666666666,0.0,0.0,0.5,0.0,0.0,0.20333333333333334,0.0,0.16666666666666666,0.16666666666666666,0.3333333333333333,0.125,0.13416666666666666
sarsmutonto,0.16666666666666666,0.5,0.6666666666666666,0.0,0.0,0.5,0.0,0.0,0.20333333333333334,0.0,0.16666666666666666,0.16666666666666666,0.3333333333333333,0.125,0.13416666666666666
ecp,0.16666666666666666,0.5,0.6666666666666666,0.0,0.0,0.5,0.0,0.0,0.20333333333333334,0.0,0.16666666666666666,0.16666666666666666,0.3333333333333333,0.125,0.13416666666666666
bcsr-onto,0.16666666666666666,0.5,0.6666666666666666,0.0,0.0,0.5,0.0,0.0,0.20333333333333334,0.0,0.16666666666666666,0.16666666666666666,0.3333333333333333,0.125,0.13416666666666666
lpt,0.16666666666666666,0.5,0.6666666666666666,0.0,0.0,0.5,0.0,0.0,0.20333333333333334,0.0,0.16666666666666666,0.16666666666666666,0.3333333333333333,0.125,0.13416666666666666
orcs,0.16666666666666666,0.5,0.6666666666666666,0.0,0.0,0.5,0.0,0.0,0.20333333333333334,0.0,0.16666666666666666,0.16666666666666666,0.3333333333333333,0.125,0.13416666666666666
genai,0.16666666666666666,0.5,0.6666666666666666,0.0,0.0,0.5,0.0,0.0,0.20333333333333334,0.0,0.16666666666666666,0.16666666666666666,0.3333333333333333,0.125,0.13416666666666666
pharmgkb,0.16666666666666666,0.5,0.6666666666666666,0.0,0.0,0.5,0.0,0.0,0.20333333333333334,0.0,0.16666666666666666,0.16666666666666666,0.3333333333333333,0.125,0.13416666666666666
gdmt,0.16666666666666666,0.5,0.6666666666666666,0.0,0.0,0.5,0.0,0.0,0.20333333333333334,0.0,0.16666666666666666,0.16666666666666666,0.3333333333333333,0.125,0.13416666666666666
cdo,0.16666666666666666,0.5,0.6666666666666666,0.0,0.0,0.5,0.0,0.0,0.20333333333333334,0.0,0.16666666666666666,0.16666666666666666,0.3333333333333333,0.125,0.13416666666666666
cdoh,0.16666666666666666,0.5,0.6666666666666666,0.0,0.0,0.5,0.0,0.0,0.20333333333333334,0.0,0.16666666666666666,0.16666666666666666,0.3333333333333333,0.125,0.13416666666666666
adicap,0.16666666666666666,0.5,0.6666666666666666,0.0,0.0,0.5,0.0,0.0,0.20333333333333334,0.0,0.16666666666666666,0.16666666666666666,0.3333333333333333,0.125,0.13416666666666666
cohsi2termsweekx,0.16666666666666666,0.5,0.6666666666666666,0.0,0.0,0.5,0.0,0.0,0.20333333333333334,0.0,0.16666666666666666,0.16666666666666666,0.3333333333333333,0.125,0.13416666666666666
dmto,0.16666666666666666,0.5,0.6666666666666666,0.0,0.0,0.5,0.0,0.0,0.20333333333333334,0.0,0.16666666666666666,0.16666666666666666,0.3333333333333333,0.125,0.13416666666666666
tm-mer,0.16666666666666666,0.5,0.6666666666666666,0.0,0.0,0.5,0.0,0.0,0.20333333333333334,0.0,0.16666666666666666,0.16666666666666666,0.3333333333333333,0.125,0.13416666666666666
mamo-scr-onto,0.16666666666666666,0.5,0.6666666666666666,0.0,0.0,0.5,0.0,0.0,0.20333333333333334,0.0,0.16666666666666666,0.16666666666666666,0.3333333333333333,0.125,0.13416666666666666
comet,0.16666666666666666,0.5,0.6666666666666666,0.0,0.0,0.5,0.0,0.0,0.20333333333333334,0.0,0.16666666666666666,0.16666666666666666,0.3333333333333333,0.125,0.13416666666666666
bero,0.16666666666666666,0.5,0.6666666666666666,0.0,0.0,0.5,0.0,0.0,0.20333333333333334,0.0,0.16666666666666666,0.16666666666666666,0.3333333333333333,0.125,0.13416666666666666
drmo,0.16666666666666666,0.5,0.6666666666666666,0.0,0.0,0.5,0.0,0.0,0.20333333333333334,0.0,0.16666666666666666,0.16666666666666666,0.3333333333333333,0.125,0.13416666666666666
assaynode,0.16666666666666666,0.5,0.6666666666666666,0.0,0.0,0.5,0.0,0.0,0.20333333333333334,0.0,0.16666666666666666,0.16666666666666666,0.3333333333333333,0.125,0.13416666666666666
neic-onto,0.16666666666666666,0.5,0.6666666666666666,0.0,0.0,0.5,0.0,0.0,0.20333333333333334,0.0,0.16666666666666666,0.16666666666666666,0.3333333333333333,0.125,0.13416666666666666
nic,0.16666666666666666,0.5,0.6666666666666666,0.0,0.0,0.5,0.0,0.0,0.20333333333333334,0.0,0.16666666666666666,0.16666666666666666,0.3333333333333333,0.125,0.13416666666666666
contsonto,0.16666666666666666,0.5,0.6666666666666666,0.0,0.0,0.5,0.0,0.0,0.20333333333333334,0.0,0.16666666666666666,0.16666666666666666,0.3333333333333333,0.125,0.13416666666666666
momcare,0.16666666666666666,0.5,0.6666666666666666,0.0,0.0,0.5,0.0,0.0,0.20333333333333334,0.0,0.16666666666666666,0.16666666666666666,0.3333333333333333,0.125,0.13416666666666666
peo_ontology,0.16666666666666666,0.5,0.6666666666666666,0.0,0.0,0.5,0.0,0.0,0.20333333333333334,0.0,0.16666666666666666,0.16666666666666666,0.3333333333333333,0.125,0.13416666666666666
iso19115srs,0.16666666666666666,0.5,0.6666666666666666,0.0,0.0,0.5,0.0,0.0,0.20333333333333334,0.0,0.16666666666666666,0.16666666666666666,0.3333333333333333,0.125,0.13416666666666666
iso19115tcc,0.16666666666666666,0.5,0.6666666666666666,0.0,0.0,0.5,0.0,0.0,0.20333333333333334,0.0,0.16666666666666666,0.16666666666666666,0.3333333333333333,0.125,0.13416666666666666
m4m-21-variables,0.16666666666666666,0.5,0.6666666666666666,0.0,0.0,0.5,0.0,0.0,0.20333333333333334,0.0,0.16666666666666666,0.16666666666666666,0.3333333333333333,0.125,0.13416666666666666
pbpko,0.16666666666666666,0.5,0.6666666666666666,0.0,0.0,0.5,0.0,0.0,0.20333333333333334,0.0,0.16666666666666666,0.16666666666666666,0.3333333333333333,0.125,0.13416666666666666
trak,0.16666666666666666,0.5,0.6666666666666666,0.0,0.0,0.5,0.0,0.0,0.20333333333333334,0.0,0.16666666666666666,0.16666666666666666,0.3333333333333333,0.125,0.13416666666666666
kenyaanc,0.16666666666666666,0.5,0.6666666666666666,0.0,0.0,0.5,0.0,0.0,0.20333333333333334,0.0,0.16666666666666666,0.16666666666666666,0.3333333333333333,0.125,0.13416666666666666
inbiodiv,0.16666666666666666,0.5,0.6666666666666666,0.0,0.0,0.5,0.0,0.0,0.20333333333333334,0.0,0.16666666666666666,0.16666666666666666,0.3333333333333333,0.125,0.13416666666666666
canont,0.16666666666666666,0.5,0.6666666666666666,0.0,0.0,0.5,0.0,0.0,0.20333333333333334,0.0,0.16666666666666666,0.16666666666666666,0.3333333333333333,0.125,0.13416666666666666
dcat3,0.16666666666666666,0.5,0.6666666666666666,0.0,0.0,0.5,0.0,0.0,0.20333333333333334,0.0,0.16666666666666666,0.16666666666666666,0.3333333333333333,0.125,0.13416666666666666
m4m-21-subjects,0.16666666666666666,0.5,0.6666666666666666,0.0,0.0,0.5,0.0,0.0,0.20333333333333334,0.0,0.16666666666666666,0.16666666666666666,0.3333333333333333,0.125,0.13416666666666666
hio,0.16666666666666666,0.5,0.6666666666666666,0.0,0.0,0.5,0.0,0.0,0.20333333333333334,0.0,0.16666666666666666,0.16666666666666666,0.3333333333333333,0.125,0.13416666666666666
option-ontology,0.16666666666666666,0.5,0.6666666666666666,0.0,0.0,0.5,0.0,0.0,0.20333333333333334,0.0,0.16666666666666666,0.16666666666666666,0.3333333333333333,0.125,0.13416666666666666
vrd,0.16666666666666666,0.5,0.6666666666666666,0.0,0.0,0.5,0.0,0.0,0.20333333333333334,0.0,0.16666666666666666,0.16666666666666666,0.3333333333333333,0.125,0.13416666666666666
bcs8,0.16666666666666666,0.5,0.6666666666666666,0.0,0.0,0.5,0.0,0.0,0.20333333333333334,0.0,0.16666666666666666,0.16666666666666666,0.3333333333333333,0.125,0.13416666666666666
bcs7,0.16666666666666666,0.5,0.6666666666666666,0.0,0.0,0.5,0.0,0.0,0.20333333333333334,0.0,0.16666666666666666,0.16666666666666666,0.3333333333333333,0.125,0.13416666666666666
aspect,0.16666666666666666,0.5,0.6666666666666666,0.0,0.0,0.5,0.0,0.0,0.20333333333333334,0.0,0.16666666666666666,0.16666666666666666,0.3333333333333333,0.125,0.13416666666666666
brazi,0.16666666666666666,0.375,0.0,0.0,0.0,0.5,0.0,0.0,0.20333333333333334,0.0,0.16666666666666666,0.16666666666666666,0.13541666666666666,0.125,0.13416666666666666
bci-o,0.16666666666666666,0.5,0.6666666666666666,0.0,0.0,0.5,0.0,0.0,0.20333333333333334,0.0,0.16666666666666666,0.16666666666666666,0.3333333333333333,0.125,0.13416666666666666
dseo,0.16666666666666666,0.5,0.6666666666666666,0.0,0.0,0.5,0.0,0.0,0.20333333333333334,0.0,0.16666666666666666,0.16666666666666666,0.3333333333333333,0.125,0.13416666666666666
ho,0.16666666666666666,0.375,0.0,0.0,0.0,0.5,0.0,0.0,0.20333333333333334,0.0,0.16666666666666666,0.16666666666666666,0.13541666666666666,0.125,0.13416666666666666
hc,0.16666666666666666,0.5,0.6666666666666666,0.0,0.0,0.5,0.0,0.0,0.20333333333333334,0.0,0.16666666666666666,0.16666666666666666,0.3333333333333333,0.125,0.13416666666666666
oco,0.16666666666666666,0.5,0.6666666666666666,0.0,0.0,0.5,0.0,0.0,0.20333333333333334,0.0,0.16666666666666666,0.16666666666666666,0.3333333333333333,0.125,0.13416666666666666
apaeducluster,0.16666666666666666,0.5,0.6666666666666666,0.0,0.0,0.5,0.0,0.0,0.20333333333333334,0.0,0.16666666666666666,0.16666666666666666,0.3333333333333333,0.125,0.13416666666666666
proj,0.16666666666666666,0.5,0.6666666666666666,0.0,0.0,0.5,0.0,0.0,0.20333333333333334,0.0,0.16666666666666666,0.16666666666666666,0.3333333333333333,0.125,0.13416666666666666
zahrahaddad,0.16666666666666666,0.375,0.0,0.0,0.0,0.5,0.0,0.0,0.20333333333333334,0.0,0.16666666666666666,0.16666666666666666,0.13541666666666666,0.125,0.13416666666666666
qudt2,0.16666666666666666,0.5,0.6666666666666666,0.0,0.0,0.5,0.0,0.0,0.20333333333333334,0.0,0.16666666666666666,0.16666666666666666,0.3333333333333333,0.125,0.13416666666666666
gmm,0.16666666666666666,0.5,0.6666666666666666,0.0,0.0,0.5,0.0,0.0,0.20333333333333334,0.0,0.16666666666666666,0.16666666666666666,0.3333333333333333,0.125,0.13416666666666666
my_syriancinema,0.16666666666666666,0.5,0.6666666666666666,0.0,0.0,0.5,0.0,0.0,0.20333333333333334,0.0,0.16666666666666666,0.16666666666666666,0.3333333333333333,0.125,0.13416666666666666
reproduce-me,0.16666666666666666,0.5,0.6666666666666666,0.0,0.0,0.5,0.0,0.0,0.20333333333333334,0.0,0.16666666666666666,0.16666666666666666,0.3333333333333333,0.125,0.13416666666666666
dccdfv,0.16666666666666666,0.5,0.6666666666666666,0.0,0.0,0.5,0.0,0.0,0.20333333333333334,0.0,0.16666666666666666,0.16666666666666666,0.3333333333333333,0.125,0.13416666666666666
premedonto,0.16666666666666666,0.5,0.6666666666666666,0.0,0.0,0.5,0.0,0.0,0.20333333333333334,0.0,0.16666666666666666,0.16666666666666666,0.3333333333333333,0.125,0.13416666666666666
ontosim,0.16666666666666666,0.5,0.6666666666666666,0.0,0.0,0.5,0.0,0.0,0.20333333333333334,0.0,0.16666666666666666,0.16666666666666666,0.3333333333333333,0.125,0.13416666666666666
zonmw-content,0.16666666666666666,0.5,0.6666666666666666,0.0,0.0,0.5,0.0,0.0,0.20333333333333334,0.0,0.16666666666666666,0.16666666666666666,0.3333333333333333,0.125,0.13416666666666666
apatreatment,0.16666666666666666,0.5,0.6666666666666666,0.0,0.0,0.5,0.0,0.0,0.20333333333333334,0.0,0.16666666666666666,0.16666666666666666,0.3333333333333333,0.125,0.13416666666666666
melo,0.16666666666666666,0.5,0.6666666666666666,0.0,0.0,0.5,0.0,0.0,0.20333333333333334,0.0,0.16666666666666666,0.16666666666666666,0.3333333333333333,0.125,0.13416666666666666
glycocoo,0.16666666666666666,0.5,0.6666666666666666,0.0,0.0,0.5,0.0,0.0,0.20333333333333334,0.0,0.16666666666666666,0.16666666666666666,0.3333333333333333,0.125,0.13416666666666666
m4m19-subs,0.16666666666666666,0.5,0.6666666666666666,0.0,0.0,0.5,0.0,0.0,0.20333333333333334,0.0,0.16666666666666666,0.16666666666666666,0.3333333333333333,0.125,0.13416666666666666
issva,0.16666666666666666,0.5,0.6666666666666666,0.0,0.0,0.5,0.0,0.0,0.20333333333333334,0.0,0.16666666666666666,0.16666666666666666,0.3333333333333333,0.125,0.13416666666666666
phfumiado,0.16666666666666666,0.5,0.6666666666666666,0.0,0.0,0.5,0.0,0.0,0.20333333333333334,0.0,0.16666666666666666,0.16666666666666666,0.3333333333333333,0.125,0.13416666666666666
patel,0.16666666666666666,0.5,0.6666666666666666,0.0,0.0,0.5,0.0,0.0,0.20333333333333334,0.0,0.16666666666666666,0.16666666666666666,0.3333333333333333,0.125,0.13416666666666666
evi,0.16666666666666666,0.5,0.6666666666666666,0.0,0.0,0.5,0.0,0.0,0.20333333333333334,0.0,0.16666666666666666,0.16666666666666666,0.3333333333333333,0.125,0.13416666666666666
ontodm-core,0.16666666666666666,0.5,0.6666666666666666,0.0,0.0,0.5,0.0,0.0,0.20333333333333334,0.0,0.16666666666666666,0.16666666666666666,0.3333333333333333,0.125,0.13416666666666666
dsip8,0.16666666666666666,0.5,0.6666666666666666,0.0,0.0,0.5,0.0,0.0,0.20333333333333334,0.0,0.16666666666666666,0.16666666666666666,0.3333333333333333,0.125,0.13416666666666666
agromop,0.16666666666666666,0.5,0.6666666666666666,0.0,0.0,0.5,0.0,0.0,0.20333333333333334,0.0,0.16666666666666666,0.16666666666666666,0.3333333333333333,0.125,0.13416666666666666
sco_f23,0.16666666666666666,0.5,0.6666666666666666,0.0,0.0,0.5,0.0,0.0,0.20333333333333334,0.0,0.16666666666666666,0.16666666666666666,0.3333333333333333,0.125,0.13416666666666666
rocknrolltest,0.16666666666666666,0.5,0.6666666666666666,0.0,0.0,0.5,0.0,0.0,0.20333333333333334,0.0,0.16666666666666666,0.16666666666666666,0.3333333333333333,0.125,0.13416666666666666
hcm-d,0.16666666666666666,0.5,0.6666666666666666,0.0,0.0,0.5,0.0,0.0,0.20333333333333334,0.0,0.16666666666666666,0.16666666666666666,0.3333333333333333,0.125,0.13416666666666666
fitbit,0.16666666666666666,0.5,0.6666666666666666,0.0,0.0,0.5,0.0,0.0,0.20333333333333334,0.0,0.16666666666666666,0.16666666666666666,0.3333333333333333,0.125,0.13416666666666666
optimal,0.16666666666666666,0.5,0.6666666666666666,0.0,0.0,0.5,0.0,0.0,0.20333333333333334,0.0,0.16666666666666666,0.16666666666666666,0.3333333333333333,0.125,0.13416666666666666
tcdo,0.16666666666666666,0.5,0.6666666666666666,0.0,0.0,0.5,0.0,0.0,0.20333333333333334,0.0,0.16666666666666666,0.16666666666666666,0.3333333333333333,0.125,0.13416666666666666
ooevv,0.16666666666666666,0.5,0.6666666666666666,0.0,0.0,0.5,0.0,0.0,0.20333333333333334,0.0,0.16666666666666666,0.16666666666666666,0.3333333333333333,0.125,0.13416666666666666
ontriscal,0.16666666666666666,0.5,0.6666666666666666,0.0,0.0,0.5,0.0,0.0,0.20333333333333334,0.0,0.16666666666666666,0.16666666666666666,0.3333333333333333,0.125,0.13416666666666666
diab,0.16666666666666666,0.5,0.6666666666666666,0.0,0.0,0.5,0.0,0.0,0.20333333333333334,0.0,0.16666666666666666,0.16666666666666666,0.3333333333333333,0.125,0.13416666666666666
dfo,0.16666666666666666,0.5,0.6666666666666666,0.0,0.0,0.5,0.0,0.0,0.20333333333333334,0.0,0.16666666666666666,0.16666666666666666,0.3333333333333333,0.125,0.13416666666666666
brct,0.16666666666666666,0.5,0.6666666666666666,0.0,0.0,0.5,0.0,0.0,0.20333333333333334,0.0,0.16666666666666666,0.16666666666666666,0.3333333333333333,0.125,0.13416666666666666
ctgo,0.16666666666666666,0.5,0.6666666666666666,0.0,0.0,0.5,0.0,0.0,0.20333333333333334,0.0,0.16666666666666666,0.16666666666666666,0.3333333333333333,0.125,0.13416666666666666
gender,0.16666666666666666,0.5,0.6666666666666666,0.0,0.0,0.5,0.0,0.0,0.20333333333333334,0.0,0.16666666666666666,0.16666666666666666,0.3333333333333333,0.125,0.13416666666666666
aceso,0.16666666666666666,0.5,0.6666666666666666,0.0,0.0,0.5,0.0,0.0,0.20333333333333334,0.0,0.16666666666666666,0.16666666666666666,0.3333333333333333,0.125,0.13416666666666666
cryoem,0.16666666666666666,0.5,0.6666666666666666,0.0,0.0,0.5,0.0,0.0,0.20333333333333334,0.0,0.16666666666666666,0.16666666666666666,0.3333333333333333,0.125,0.13416666666666666
hivmt,0.16666666666666666,0.5,0.6666666666666666,0.0,0.0,0.5,0.0,0.0,0.20333333333333334,0.0,0.16666666666666666,0.16666666666666666,0.3333333333333333,0.125,0.13416666666666666
ethanc,0.16666666666666666,0.5,0.6666666666666666,0.0,0.0,0.5,0.0,0.0,0.20333333333333334,0.0,0.16666666666666666,0.16666666666666666,0.3333333333333333,0.125,0.13416666666666666
dsipfl7,0.16666666666666666,0.5,0.6666666666666666,0.0,0.0,0.5,0.0,0.0,0.20333333333333334,0.0,0.16666666666666666,0.16666666666666666,0.3333333333333333,0.125,0.13416666666666666
plosthes,0.16666666666666666,0.5,0.6666666666666666,0.0,0.0,0.5,0.0,0.0,0.20333333333333334,0.0,0.16666666666666666,0.16666666666666666,0.3333333333333333,0.125,0.13416666666666666
go-plus,0.16666666666666666,0.375,0.0,0.0,0.0,0.5,0.0,0.0,0.20333333333333334,0.0,0.16666666666666666,0.16666666666666666,0.13541666666666666,0.125,0.13416666666666666
wear,0.16666666666666666,0.5,0.6666666666666666,0.0,0.0,0.5,0.0,0.0,0.20333333333333334,0.0,0.16666666666666666,0.16666666666666666,0.3333333333333333,0.125,0.13416666666666666
datacite-vocab,0.16666666666666666,0.5,0.6666666666666666,0.0,0.0,0.5,0.0,0.0,0.20333333333333334,0.0,0.16666666666666666,0.16666666666666666,0.3333333333333333,0.125,0.13416666666666666
vodana-migrants,0.16666666666666666,0.5,0.6666666666666666,0.0,0.0,0.5,0.0,0.0,0.20333333333333334,0.0,0.16666666666666666,0.16666666666666666,0.3333333333333333,0.125,0.13416666666666666
mineral,0.16666666666666666,0.5,0.6666666666666666,0.0,0.0,0.5,0.0,0.0,0.20333333333333334,0.0,0.16666666666666666,0.16666666666666666,0.3333333333333333,0.125,0.13416666666666666
ckdo,0.16666666666666666,0.5,0.6666666666666666,0.0,0.0,0.5,0.0,0.0,0.20333333333333334,0.0,0.16666666666666666,0.16666666666666666,0.3333333333333333,0.125,0.13416666666666666
hdmponto,0.16666666666666666,0.5,0.6666666666666666,0.0,0.0,0.5,0.0,0.0,0.20333333333333334,0.0,0.16666666666666666,0.16666666666666666,0.3333333333333333,0.125,0.13416666666666666
onstr,0.16666666666666666,0.5,0.6666666666666666,0.0,0.0,0.5,0.0,0.0,0.20333333333333334,0.0,0.16666666666666666,0.16666666666666666,0.3333333333333333,0.125,0.13416666666666666
hcodonont,0.16666666666666666,0.5,0.6666666666666666,0.0,0.0,0.5,0.0,0.0,0.20333333333333334,0.0,0.16666666666666666,0.16666666666666666,0.3333333333333333,0.125,0.13416666666666666
vodanacovid,0.16666666666666666,0.5,0.6666666666666666,0.0,0.0,0.5,0.0,0.0,0.20333333333333334,0.0,0.16666666666666666,0.16666666666666666,0.3333333333333333,0.125,0.13416666666666666
test_a,0.16666666666666666,0.5,0.6666666666666666,0.0,0.0,0.5,0.0,0.0,0.20333333333333334,0.0,0.16666666666666666,0.16666666666666666,0.3333333333333333,0.125,0.13416666666666666
pcalion,0.16666666666666666,0.5,0.6666666666666666,0.0,0.0,0.5,0.0,0.0,0.20333333333333334,0.0,0.16666666666666666,0.16666666666666666,0.3333333333333333,0.125,0.13416666666666666
mono,0.16666666666666666,0.5,0.6666666666666666,0.0,0.0,0.5,0.0,0.0,0.20333333333333334,0.0,0.16666666666666666,0.16666666666666666,0.3333333333333333,0.125,0.13416666666666666
macroalgaetraits,0.16666666666666666,0.5,0.6666666666666666,0.0,0.0,0.5,0.0,0.0,0.20333333333333334,0.0,0.16666666666666666,0.16666666666666666,0.3333333333333333,0.125,0.13416666666666666
mosaic,0.16666666666666666,0.5,0.6666666666666666,0.0,0.0,0.5,0.0,0.0,0.20333333333333334,0.0,0.16666666666666666,0.16666666666666666,0.3333333333333333,0.125,0.13416666666666666
bcteo,0.16666666666666666,0.5,0.6666666666666666,0.0,0.0,0.5,0.0,0.0,0.20333333333333334,0.0,0.16666666666666666,0.16666666666666666,0.3333333333333333,0.125,0.13416666666666666
triage,0.16666666666666666,0.5,0.6666666666666666,0.0,0.0,0.5,0.0,0.0,0.20333333333333334,0.0,0.16666666666666666,0.16666666666666666,0.3333333333333333,0.125,0.13416666666666666
socpres,0.16666666666666666,0.5,0.6666666666666666,0.0,0.0,0.5,0.0,0.0,0.20333333333333334,0.0,0.16666666666666666,0.16666666666666666,0.3333333333333333,0.125,0.13416666666666666
mcr_tx,0.16666666666666666,0.5,0.6666666666666666,0.0,0.0,0.5,0.0,0.0,0.20333333333333334,0.0,0.16666666666666666,0.16666666666666666,0.3333333333333333,0.125,0.13416666666666666
sp_ontology,0.16666666666666666,0.5,0.6666666666666666,0.0,0.0,0.5,0.0,0.0,0.20333333333333334,0.0,0.16666666666666666,0.16666666666666666,0.3333333333333333,0.125,0.13416666666666666
ontoparon_social,0.16666666666666666,0.5,0.6666666666666666,0.0,0.0,0.5,0.0,0.0,0.20333333333333334,0.0,0.16666666666666666,0.16666666666666666,0.3333333333333333,0.125,0.13416666666666666
nddo,0.16666666666666666,0.5,0.6666666666666666,0.0,0.0,0.5,0.0,0.0,0.20333333333333334,0.0,0.16666666666666666,0.16666666666666666,0.3333333333333333,0.125,0.13416666666666666
opd-nambobi,0.16666666666666666,0.5,0.6666666666666666,0.0,0.0,0.5,0.0,0.0,0.20333333333333334,0.0,0.16666666666666666,0.16666666666666666,0.3333333333333333,0.125,0.13416666666666666
lbo,0.16666666666666666,0.5,0.6666666666666666,0.0,0.0,0.5,0.0,0.0,0.20333333333333334,0.0,0.16666666666666666,0.16666666666666666,0.3333333333333333,0.125,0.13416666666666666
lungmap-mouse,0.16666666666666666,0.5,0.6666666666666666,0.0,0.0,0.5,0.0,0.0,0.20333333333333334,0.0,0.16666666666666666,0.16666666666666666,0.3333333333333333,0.125,0.13416666666666666
incentive,0.16666666666666666,0.5,0.6666666666666666,0.0,0.0,0.5,0.0,0.0,0.20333333333333334,0.0,0.16666666666666666,0.16666666666666666,0.3333333333333333,0.125,0.13416666666666666
ontopsychia,0.16666666666666666,0.5,0.6666666666666666,0.0,0.0,0.5,0.0,0.0,0.20333333333333334,0.0,0.16666666666666666,0.16666666666666666,0.3333333333333333,0.125,0.13416666666666666
ml_mcr_tx,0.16666666666666666,0.5,0.6666666666666666,0.0,0.0,0.5,0.0,0.0,0.20333333333333334,0.0,0.16666666666666666,0.16666666666666666,0.3333333333333333,0.125,0.13416666666666666
nihss,0.16666666666666666,0.5,0.6666666666666666,0.0,0.0,0.5,0.0,0.0,0.20333333333333334,0.0,0.16666666666666666,0.16666666666666666,0.3333333333333333,0.125,0.13416666666666666
ros,0.16666666666666666,0.5,0.6666666666666666,0.0,0.0,0.5,0.0,0.0,0.20333333333333334,0.0,0.16666666666666666,0.16666666666666666,0.3333333333333333,0.125,0.13416666666666666
allergydetector,0.16666666666666666,0.5,0.6666666666666666,0.0,0.0,0.5,0.0,0.0,0.20333333333333334,0.0,0.16666666666666666,0.16666666666666666,0.3333333333333333,0.125,0.13416666666666666
nhsqi2009,0.16666666666666666,0.5,0.6666666666666666,0.0,0.0,0.5,0.0,0.0,0.20333333333333334,0.0,0.16666666666666666,0.16666666666666666,0.3333333333333333,0.125,0.13416666666666666
hord,0.16666666666666666,0.5,0.6666666666666666,0.0,0.0,0.5,0.0,0.0,0.20333333333333334,0.0,0.16666666666666666,0.16666666666666666,0.3333333333333333,0.125,0.13416666666666666
hasco,0.16666666666666666,0.5,0.6666666666666666,0.0,0.0,0.5,0.0,0.0,0.20333333333333334,0.0,0.16666666666666666,0.16666666666666666,0.3333333333333333,0.125,0.13416666666666666
envthes,0.16666666666666666,0.5,0.6666666666666666,0.0,0.0,0.5,0.0,0.0,0.20333333333333334,0.0,0.16666666666666666,0.16666666666666666,0.3333333333333333,0.125,0.13416666666666666
geosparql,0.16666666666666666,0.5,0.6666666666666666,0.0,0.0,0.5,0.0,0.0,0.20333333333333334,0.0,0.16666666666666666,0.16666666666666666,0.3333333333333333,0.125,0.13416666666666666
mvaont,0.16666666666666666,0.5,0.6666666666666666,0.0,0.0,0.5,0.0,0.0,0.20333333333333334,0.0,0.16666666666666666,0.16666666666666666,0.3333333333333333,0.125,0.13416666666666666
legalapatest2,0.16666666666666666,0.5,0.6666666666666666,0.0,0.0,0.5,0.0,0.0,0.20333333333333334,0.0,0.16666666666666666,0.16666666666666666,0.3333333333333333,0.125,0.13416666666666666
agrocymac,0.16666666666666666,0.5,0.6666666666666666,0.0,0.0,0.5,0.0,0.0,0.20333333333333334,0.0,0.16666666666666666,0.16666666666666666,0.3333333333333333,0.125,0.13416666666666666
gecco,0.16666666666666666,0.5,0.6666666666666666,0.0,0.0,0.5,0.0,0.0,0.20333333333333334,0.0,0.16666666666666666,0.16666666666666666,0.3333333333333333,0.125,0.13416666666666666
lsfc,0.16666666666666666,0.5,0.6666666666666666,0.0,0.0,0.5,0.0,0.0,0.20333333333333334,0.0,0.16666666666666666,0.16666666666666666,0.3333333333333333,0.125,0.13416666666666666
lsfo,0.16666666666666666,0.5,0.6666666666666666,0.0,0.0,0.5,0.0,0.0,0.20333333333333334,0.0,0.16666666666666666,0.16666666666666666,0.3333333333333333,0.125,0.13416666666666666
hmislab0115,0.16666666666666666,0.5,0.6666666666666666,0.0,0.0,0.5,0.0,0.0,0.20333333333333334,0.0,0.16666666666666666,0.16666666666666666,0.3333333333333333,0.125,0.13416666666666666
pino,0.16666666666666666,0.5,0.6666666666666666,0.0,0.0,0.5,0.0,0.0,0.20333333333333334,0.0,0.16666666666666666,0.16666666666666666,0.3333333333333333,0.125,0.13416666666666666
mio,0.16666666666666666,0.5,0.6666666666666666,0.0,0.0,0.5,0.0,0.0,0.20333333333333334,0.0,0.16666666666666666,0.16666666666666666,0.3333333333333333,0.125,0.13416666666666666
hsclo38,0.16666666666666666,0.5,0.6666666666666666,0.0,0.0,0.5,0.0,0.0,0.20333333333333334,0.0,0.16666666666666666,0.16666666666666666,0.3333333333333333,0.125,0.13416666666666666
lcgft,0.16666666666666666,0.5,0.6666666666666666,0.0,0.0,0.5,0.0,0.0,0.20333333333333334,0.0,0.16666666666666666,0.16666666666666666,0.3333333333333333,0.125,0.13416666666666666
infra-en,0.16666666666666666,0.5,0.6666666666666666,0.0,0.0,0.5,0.0,0.0,0.20333333333333334,0.0,0.16666666666666666,0.16666666666666666,0.3333333333333333,0.125,0.13416666666666666
koro,0.16666666666666666,0.5,0.6666666666666666,0.0,0.0,0.5,0.0,0.0,0.20333333333333334,0.0,0.16666666666666666,0.16666666666666666,0.3333333333333333,0.125,0.13416666666666666
eol,0.16666666666666666,0.5,0.6666666666666666,0.0,0.0,0.5,0.0,0.0,0.20333333333333334,0.0,0.16666666666666666,0.16666666666666666,0.3333333333333333,0.125,0.13416666666666666
bsao,0.16666666666666666,0.5,0.6666666666666666,0.0,0.0,0.5,0.0,0.0,0.20333333333333334,0.0,0.16666666666666666,0.16666666666666666,0.3333333333333333,0.125,0.13416666666666666
hupson,0.16666666666666666,0.5,0.6666666666666666,0.0,0.0,0.5,0.0,0.0,0.20333333333333334,0.0,0.16666666666666666,0.16666666666666666,0.3333333333333333,0.125,0.13416666666666666
farmaci,0.16666666666666666,0.5,0.6666666666666666,0.0,0.0,0.5,0.0,0.0,0.20333333333333334,0.0,0.16666666666666666,0.16666666666666666,0.3333333333333333,0.125,0.13416666666666666
tp4,0.16666666666666666,0.5,0.6666666666666666,0.0,0.0,0.5,0.0,0.0,0.20333333333333334,0.0,0.16666666666666666,0.16666666666666666,0.3333333333333333,0.125,0.13416666666666666
ai,0.16666666666666666,0.5,0.6666666666666666,0.0,0.0,0.5,0.0,0.0,0.20333333333333334,0.0,0.16666666666666666,0.16666666666666666,0.3333333333333333,0.125,0.13416666666666666
sse,0.16666666666666666,0.5,0.6666666666666666,0.0,0.0,0.5,0.0,0.0,0.20333333333333334,0.0,0.16666666666666666,0.16666666666666666,0.3333333333333333,0.125,0.13416666666666666
pghd-bp,0.16666666666666666,0.5,0.6666666666666666,0.0,0.0,0.5,0.0,0.0,0.20333333333333334,0.0,0.16666666666666666,0.16666666666666666,0.3333333333333333,0.125,0.13416666666666666
evs,0.16666666666666666,0.5,0.6666666666666666,0.0,0.0,0.5,0.0,0.0,0.20333333333333334,0.0,0.16666666666666666,0.16666666666666666,0.3333333333333333,0.125,0.13416666666666666
intveetype,0.16666666666666666,0.5,0.6666666666666666,0.0,0.0,0.5,0.0,0.0,0.20333333333333334,0.0,0.16666666666666666,0.16666666666666666,0.3333333333333333,0.125,0.13416666666666666
hcdr,0.16666666666666666,0.5,0.6666666666666666,0.0,0.0,0.5,0.0,0.0,0.20333333333333334,0.0,0.16666666666666666,0.16666666666666666,0.3333333333333333,0.125,0.13416666666666666
inverseroles,0.16666666666666666,0.5,0.6666666666666666,0.0,0.0,0.5,0.0,0.0,0.20333333333333334,0.0,0.16666666666666666,0.16666666666666666,0.3333333333333333,0.125,0.13416666666666666
preo,0.16666666666666666,0.5,0.6666666666666666,0.0,0.0,0.5,0.0,0.0,0.20333333333333334,0.0,0.16666666666666666,0.16666666666666666,0.3333333333333333,0.125,0.13416666666666666
i-adopt,0.16666666666666666,0.5,0.6666666666666666,0.0,0.0,0.5,0.0,0.0,0.20333333333333334,0.0,0.16666666666666666,0.16666666666666666,0.3333333333333333,0.125,0.13416666666666666
mltx,0.16666666666666666,0.5,0.6666666666666666,0.0,0.0,0.5,0.0,0.0,0.20333333333333334,0.0,0.16666666666666666,0.16666666666666666,0.3333333333333333,0.125,0.13416666666666666
pseudo,0.16666666666666666,0.5,0.6666666666666666,0.0,0.0,0.5,0.0,0.0,0.20333333333333334,0.0,0.16666666666666666,0.16666666666666666,0.3333333333333333,0.125,0.13416666666666666
dermlex,0.16666666666666666,0.5,0.6666666666666666,0.0,0.0,0.5,0.0,0.0,0.20333333333333334,0.0,0.16666666666666666,0.16666666666666666,0.3333333333333333,0.125,0.13416666666666666
ibo,0.16666666666666666,0.5,0.6666666666666666,0.0,0.0,0.5,0.0,0.0,0.20333333333333334,0.0,0.16666666666666666,0.16666666666666666,0.3333333333333333,0.125,0.13416666666666666
phenx,0.16666666666666666,0.5,0.6666666666666666,0.0,0.0,0.5,0.0,0.0,0.20333333333333334,0.0,0.16666666666666666,0.16666666666666666,0.3333333333333333,0.125,0.13416666666666666
smo,0.16666666666666666,0.5,0.6666666666666666,0.0,0.0,0.5,0.0,0.0,0.20333333333333334,0.0,0.16666666666666666,0.16666666666666666,0.3333333333333333,0.125,0.13416666666666666
apastatistical,0.16666666666666666,0.5,0.6666666666666666,0.0,0.0,0.5,0.0,0.0,0.20333333333333334,0.0,0.16666666666666666,0.16666666666666666,0.3333333333333333,0.125,0.13416666666666666
partumdo,0.16666666666666666,0.5,0.6666666666666666,0.0,0.0,0.5,0.0,0.0,0.20333333333333334,0.0,0.16666666666666666,0.16666666666666666,0.3333333333333333,0.125,0.13416666666666666
matrrock,0.16666666666666666,0.5,0.6666666666666666,0.0,0.0,0.5,0.0,0.0,0.20333333333333334,0.0,0.16666666666666666,0.16666666666666666,0.3333333333333333,0.125,0.13416666666666666
strong,0.16666666666666666,0.5,0.6666666666666666,0.0,0.0,0.5,0.0,0.0,0.20333333333333334,0.0,0.16666666666666666,0.16666666666666666,0.3333333333333333,0.125,0.13416666666666666
adher_intcare_en,0.16666666666666666,0.5,0.6666666666666666,0.0,0.0,0.5,0.0,0.0,0.20333333333333334,0.0,0.16666666666666666,0.16666666666666666,0.3333333333333333,0.125,0.13416666666666666
ontopneumo,0.16666666666666666,0.5,0.6666666666666666,0.0,0.0,0.5,0.0,0.0,0.20333333333333334,0.0,0.16666666666666666,0.16666666666666666,0.3333333333333333,0.125,0.13416666666666666
sco_v1,0.16666666666666666,0.5,0.6666666666666666,0.0,0.0,0.5,0.0,0.0,0.20333333333333334,0.0,0.16666666666666666,0.16666666666666666,0.3333333333333333,0.125,0.13416666666666666
ontoparon,0.16666666666666666,0.5,0.6666666666666666,0.0,0.0,0.5,0.0,0.0,0.20333333333333334,0.0,0.16666666666666666,0.16666666666666666,0.3333333333333333,0.125,0.13416666666666666
fldlb3,0.16666666666666666,0.5,0.6666666666666666,0.0,0.0,0.5,0.0,0.0,0.20333333333333334,0.0,0.16666666666666666,0.16666666666666666,0.3333333333333333,0.125,0.13416666666666666
tron,0.16666666666666666,0.5,0.6666666666666666,0.0,0.0,0.5,0.0,0.0,0.20333333333333334,0.0,0.16666666666666666,0.16666666666666666,0.3333333333333333,0.125,0.13416666666666666
kusiima,0.16666666666666666,0.5,0.6666666666666666,0.0,0.0,0.5,0.0,0.0,0.20333333333333334,0.0,0.16666666666666666,0.16666666666666666,0.3333333333333333,0.125,0.13416666666666666
jerm,0.16666666666666666,0.5,0.6666666666666666,0.0,0.0,0.5,0.0,0.0,0.20333333333333334,0.0,0.16666666666666666,0.16666666666666666,0.3333333333333333,0.125,0.13416666666666666
nln,0.16666666666666666,0.5,0.6666666666666666,0.0,0.0,0.5,0.0,0.0,0.20333333333333334,0.0,0.16666666666666666,0.16666666666666666,0.3333333333333333,0.125,0.13416666666666666
chear,0.16666666666666666,0.5,0.6666666666666666,0.0,0.0,0.5,0.0,0.0,0.20333333333333334,0.0,0.16666666666666666,0.16666666666666666,0.3333333333333333,0.125,0.13416666666666666
bao-gpcr,0.16666666666666666,0.5,0.6666666666666666,0.0,0.0,0.5,0.0,0.0,0.20333333333333334,0.0,0.16666666666666666,0.16666666666666666,0.3333333333333333,0.125,0.13416666666666666
cptac,0.16666666666666666,0.5,0.6666666666666666,0.0,0.0,0.5,0.0,0.0,0.20333333333333334,0.0,0.16666666666666666,0.16666666666666666,0.3333333333333333,0.125,0.13416666666666666
paco,0.16666666666666666,0.5,0.6666666666666666,0.0,0.0,0.5,0.0,0.0,0.20333333333333334,0.0,0.16666666666666666,0.16666666666666666,0.3333333333333333,0.125,0.13416666666666666
heio,0.16666666666666666,0.5,0.6666666666666666,0.0,0.0,0.5,0.0,0.0,0.20333333333333334,0.0,0.16666666666666666,0.16666666666666666,0.3333333333333333,0.125,0.13416666666666666
abd,0.16666666666666666,0.5,0.6666666666666666,0.0,0.0,0.5,0.0,0.0,0.20333333333333334,0.0,0.16666666666666666,0.16666666666666666,0.3333333333333333,0.125,0.13416666666666666
nccnehr,0.16666666666666666,0.5,0.6666666666666666,0.0,0.0,0.5,0.0,0.0,0.20333333333333334,0.0,0.16666666666666666,0.16666666666666666,0.3333333333333333,0.125,0.13416666666666666
mstde,0.16666666666666666,0.5,0.6666666666666666,0.0,0.0,0.5,0.0,0.0,0.20333333333333334,0.0,0.16666666666666666,0.16666666666666666,0.3333333333333333,0.125,0.13416666666666666
m4m-20-subjects,0.16666666666666666,0.5,0.6666666666666666,0.0,0.0,0.5,0.0,0.0,0.20333333333333334,0.0,0.16666666666666666,0.16666666666666666,0.3333333333333333,0.125,0.13416666666666666
lungmap_h_cell,0.16666666666666666,0.5,0.6666666666666666,0.0,0.0,0.5,0.0,0.0,0.20333333333333334,0.0,0.16666666666666666,0.16666666666666666,0.3333333333333333,0.125,0.13416666666666666
pdon,0.16666666666666666,0.5,0.6666666666666666,0.0,0.0,0.5,0.0,0.0,0.20333333333333334,0.0,0.16666666666666666,0.16666666666666666,0.3333333333333333,0.125,0.13416666666666666
iso639-1,0.16666666666666666,0.5,0.6666666666666666,0.0,0.0,0.5,0.0,0.0,0.20333333333333334,0.0,0.16666666666666666,0.16666666666666666,0.3333333333333333,0.125,0.13416666666666666
iso639-2,0.16666666666666666,0.5,0.6666666666666666,0.0,0.0,0.5,0.0,0.0,0.20333333333333334,0.0,0.16666666666666666,0.16666666666666666,0.3333333333333333,0.125,0.13416666666666666
tco,0.16666666666666666,0.5,0.6666666666666666,0.0,0.0,0.5,0.0,0.0,0.20333333333333334,0.0,0.16666666666666666,0.16666666666666666,0.3333333333333333,0.125,0.13416666666666666
tst7,0.16666666666666666,0.5,0.6666666666666666,0.0,0.0,0.5,0.0,0.0,0.20333333333333334,0.0,0.16666666666666666,0.16666666666666666,0.3333333333333333,0.125,0.13416666666666666
lungmap_m_cell,0.16666666666666666,0.5,0.6666666666666666,0.0,0.0,0.5,0.0,0.0,0.20333333333333334,0.0,0.16666666666666666,0.16666666666666666,0.3333333333333333,0.125,0.13416666666666666
idqa,0.16666666666666666,0.5,0.6666666666666666,0.0,0.0,0.5,0.0,0.0,0.20333333333333334,0.0,0.16666666666666666,0.16666666666666666,0.3333333333333333,0.125,0.13416666666666666
eld,0.16666666666666666,0.5,0.6666666666666666,0.0,0.0,0.5,0.0,0.0,0.20333333333333334,0.0,0.16666666666666666,0.16666666666666666,0.3333333333333333,0.125,0.13416666666666666
iceci,0.16666666666666666,0.5,0.6666666666666666,0.0,0.0,0.5,0.0,0.0,0.20333333333333334,0.0,0.16666666666666666,0.16666666666666666,0.3333333333333333,0.125,0.13416666666666666
iso19115con,0.16666666666666666,0.5,0.6666666666666666,0.0,0.0,0.5,0.0,0.0,0.20333333333333334,0.0,0.16666666666666666,0.16666666666666666,0.3333333333333333,0.125,0.13416666666666666
id-amr,0.16666666666666666,0.5,0.6666666666666666,0.0,0.0,0.5,0.0,0.0,0.20333333333333334,0.0,0.16666666666666666,0.16666666666666666,0.3333333333333333,0.125,0.13416666666666666
patmhc,0.16666666666666666,0.5,0.6666666666666666,0.0,0.0,0.5,0.0,0.0,0.20333333333333334,0.0,0.16666666666666666,0.16666666666666666,0.3333333333333333,0.125,0.13416666666666666
neurobrg,0.16666666666666666,0.5,0.6666666666666666,0.0,0.0,0.5,0.0,0.0,0.20333333333333334,0.0,0.16666666666666666,0.16666666666666666,0.3333333333333333,0.125,0.13416666666666666
ontotoxnuc,0.16666666666666666,0.5,0.6666666666666666,0.0,0.0,0.5,0.0,0.0,0.20333333333333334,0.0,0.16666666666666666,0.16666666666666666,0.3333333333333333,0.125,0.13416666666666666
regn_bro,0.16666666666666666,0.5,0.6666666666666666,0.0,0.0,0.5,0.0,0.0,0.20333333333333334,0.0,0.16666666666666666,0.16666666666666666,0.3333333333333333,0.125,0.13416666666666666
bridg,0.16666666666666666,0.5,0.6666666666666666,0.0,0.0,0.5,0.0,0.0,0.20333333333333334,0.0,0.16666666666666666,0.16666666666666666,0.3333333333333333,0.125,0.13416666666666666
m4m19-vars,0.16666666666666666,0.5,0.6666666666666666,0.0,0.0,0.5,0.0,0.0,0.20333333333333334,0.0,0.16666666666666666,0.16666666666666666,0.3333333333333333,0.125,0.13416666666666666
fns-h,0.16666666666666666,0.5,0.6666666666666666,0.0,0.0,0.5,0.0,0.0,0.20333333333333334,0.0,0.16666666666666666,0.16666666666666666,0.3333333333333333,0.125,0.13416666666666666
ncco,0.16666666666666666,0.5,0.6666666666666666,0.0,0.0,0.5,0.0,0.0,0.20333333333333334,0.0,0.16666666666666666,0.16666666666666666,0.3333333333333333,0.125,0.13416666666666666
ad-drop,0.16666666666666666,0.5,0.6666666666666666,0.0,0.0,0.5,0.0,0.0,0.20333333333333334,0.0,0.16666666666666666,0.16666666666666666,0.3333333333333333,0.125,0.13416666666666666
mchvodanaterms,0.16666666666666666,0.5,0.6666666666666666,0.0,0.0,0.5,0.0,0.0,0.20333333333333334,0.0,0.16666666666666666,0.16666666666666666,0.3333333333333333,0.125,0.13416666666666666
edda_pt,0.16666666666666666,0.5,0.6666666666666666,0.0,0.0,0.5,0.0,0.0,0.20333333333333334,0.0,0.16666666666666666,0.16666666666666666,0.3333333333333333,0.125,0.13416666666666666
mdm,0.16666666666666666,0.5,0.6666666666666666,0.0,0.0,0.5,0.0,0.0,0.20333333333333334,0.0,0.16666666666666666,0.16666666666666666,0.3333333333333333,0.125,0.13416666666666666
svu_mws_wsm,0.16666666666666666,0.5,0.6666666666666666,0.0,0.0,0.5,0.0,0.0,0.20333333333333334,0.0,0.16666666666666666,0.16666666666666666,0.3333333333333333,0.125,0.13416666666666666
adalab-meta,0.16666666666666666,0.5,0.6666666666666666,0.0,0.0,0.5,0.0,0.0,0.20333333333333334,0.0,0.16666666666666666,0.16666666666666666,0.3333333333333333,0.125,0.13416666666666666
exact,0.16666666666666666,0.5,0.6666666666666666,0.0,0.0,0.5,0.0,0.0,0.20333333333333334,0.0,0.16666666666666666,0.16666666666666666,0.3333333333333333,0.125,0.13416666666666666
rvo,0.16666666666666666,0.5,0.6666666666666666,0.0,0.0,0.5,0.0,0.0,0.20333333333333334,0.0,0.16666666666666666,0.16666666666666666,0.3333333333333333,0.125,0.13416666666666666
library,0.16666666666666666,0.5,0.6666666666666666,0.0,0.0,0.5,0.0,0.0,0.20333333333333334,0.0,0.16666666666666666,0.16666666666666666,0.3333333333333333,0.125,0.13416666666666666
lc-carriers,0.16666666666666666,0.5,0.6666666666666666,0.0,0.0,0.5,0.0,0.0,0.20333333333333334,0.0,0.16666666666666666,0.16666666666666666,0.3333333333333333,0.125,0.13416666666666666
iso19115cc,0.16666666666666666,0.5,0.6666666666666666,0.0,0.0,0.5,0.0,0.0,0.20333333333333334,0.0,0.16666666666666666,0.16666666666666666,0.3333333333333333,0.125,0.13416666666666666
iso19115ci,0.16666666666666666,0.5,0.6666666666666666,0.0,0.0,0.5,0.0,0.0,0.20333333333333334,0.0,0.16666666666666666,0.16666666666666666,0.3333333333333333,0.125,0.13416666666666666
stmso,0.16666666666666666,0.5,0.6666666666666666,0.0,0.0,0.5,0.0,0.0,0.20333333333333334,0.0,0.16666666666666666,0.16666666666666666,0.3333333333333333,0.125,0.13416666666666666
ddiem,0.16666666666666666,0.5,0.6666666666666666,0.0,0.0,0.5,0.0,0.0,0.20333333333333334,0.0,0.16666666666666666,0.16666666666666666,0.3333333333333333,0.125,0.13416666666666666
adar,0.16666666666666666,0.5,0.6666666666666666,0.0,0.0,0.5,0.0,0.0,0.20333333333333334,0.0,0.16666666666666666,0.16666666666666666,0.3333333333333333,0.125,0.13416666666666666
lion,0.16666666666666666,0.5,0.6666666666666666,0.0,0.0,0.5,0.0,0.0,0.20333333333333334,0.0,0.16666666666666666,0.16666666666666666,0.3333333333333333,0.125,0.13416666666666666
covid19,0.16666666666666666,0.5,0.6666666666666666,0.0,0.0,0.5,0.0,0.0,0.20333333333333334,0.0,0.16666666666666666,0.16666666666666666,0.3333333333333333,0.125,0.13416666666666666
phylont,0.16666666666666666,0.5,0.6666666666666666,0.0,0.0,0.5,0.0,0.0,0.20333333333333334,0.0,0.16666666666666666,0.16666666666666666,0.3333333333333333,0.125,0.13416666666666666
fast-event-skos,0.16666666666666666,0.375,0.0,0.0,0.0,0.5,0.0,0.0,0.20333333333333334,0.0,0.16666666666666666,0.16666666666666666,0.13541666666666666,0.125,0.13416666666666666
iso19108to,0.16666666666666666,0.5,0.6666666666666666,0.0,0.0,0.5,0.0,0.0,0.20333333333333334,0.0,0.16666666666666666,0.16666666666666666,0.3333333333333333,0.125,0.13416666666666666
longcovid,0.16666666666666666,0.5,0.6666666666666666,0.0,0.0,0.5,0.0,0.0,0.20333333333333334,0.0,0.16666666666666666,0.16666666666666666,0.3333333333333333,0.125,0.13416666666666666
ahol,0.16666666666666666,0.5,0.6666666666666666,0.0,0.0,0.5,0.0,0.0,0.20333333333333334,0.0,0.16666666666666666,0.16666666666666666,0.3333333333333333,0.125,0.13416666666666666
cyto,0.16666666666666666,0.5,0.6666666666666666,0.0,0.0,0.5,0.0,0.0,0.20333333333333334,0.0,0.16666666666666666,0.16666666666666666,0.3333333333333333,0.125,0.13416666666666666
aio,0.16666666666666666,0.5,0.6666666666666666,0.0,0.0,0.5,0.0,0.0,0.20333333333333334,0.0,0.16666666666666666,0.16666666666666666,0.3333333333333333,0.125,0.13416666666666666
radmo,0.16666666666666666,0.5,0.6666666666666666,0.0,0.0,0.5,0.0,0.0,0.20333333333333334,0.0,0.16666666666666666,0.16666666666666666,0.3333333333333333,0.125,0.13416666666666666
vdot,0.16666666666666666,0.5,0.6666666666666666,0.0,0.0,0.5,0.0,0.0,0.20333333333333334,0.0,0.16666666666666666,0.16666666666666666,0.3333333333333333,0.125,0.13416666666666666
hp_o,0.16666666666666666,0.5,0.6666666666666666,0.0,0.0,0.5,0.0,0.0,0.20333333333333334,0.0,0.16666666666666666,0.16666666666666666,0.3333333333333333,0.125,0.13416666666666666
pesont,0.16666666666666666,0.5,0.6666666666666666,0.0,0.0,0.5,0.0,0.0,0.20333333333333334,0.0,0.16666666666666666,0.16666666666666666,0.3333333333333333,0.125,0.13416666666666666
phenomeblast,0.16666666666666666,0.5,0.6666666666666666,0.0,0.0,0.5,0.0,0.0,0.20333333333333334,0.0,0.16666666666666666,0.16666666666666666,0.3333333333333333,0.125,0.13416666666666666
three-st,0.16666666666666666,0.5,0.6666666666666666,0.0,0.0,0.5,0.0,0.0,0.20333333333333334,0.0,0.16666666666666666,0.16666666666666666,0.3333333333333333,0.125,0.13416666666666666
hspo,0.16666666666666666,0.5,0.6666666666666666,0.0,0.0,0.5,0.0,0.0,0.20333333333333334,0.0,0.16666666666666666,0.16666666666666666,0.3333333333333333,0.125,0.13416666666666666
doccc,0.16666666666666666,0.5,0.6666666666666666,0.0,0.0,0.5,0.0,0.0,0.20333333333333334,0.0,0.16666666666666666,0.16666666666666666,0.3333333333333333,0.125,0.13416666666666666
vodana-general,0.16666666666666666,0.5,0.6666666666666666,0.0,0.0,0.5,0.0,0.0,0.20333333333333334,0.0,0.16666666666666666,0.16666666666666666,0.3333333333333333,0.125,0.13416666666666666
opdront,0.16666666666666666,0.5,0.6666666666666666,0.0,0.0,0.5,0.0,0.0,0.20333333333333334,0.0,0.16666666666666666,0.16666666666666666,0.3333333333333333,0.125,0.13416666666666666
medicalinfo,0.16666666666666666,0.5,0.6666666666666666,0.0,0.0,0.5,0.0,0.0,0.20333333333333334,0.0,0.16666666666666666,0.16666666666666666,0.3333333333333333,0.125,0.13416666666666666
hecon,0.16666666666666666,0.5,0.6666666666666666,0.0,0.0,0.5,0.0,0.0,0.20333333333333334,0.0,0.16666666666666666,0.16666666666666666,0.3333333333333333,0.125,0.13416666666666666
bto-bfo,0.16666666666666666,0.5,0.6666666666666666,0.0,0.0,0.5,0.0,0.0,0.20333333333333334,0.0,0.16666666666666666,0.16666666666666666,0.3333333333333333,0.125,0.13416666666666666
vodanethiopia_or,0.16666666666666666,0.5,0.6666666666666666,0.0,0.0,0.5,0.0,0.0,0.20333333333333334,0.0,0.16666666666666666,0.16666666666666666,0.3333333333333333,0.125,0.13416666666666666
kgcl,0.16666666666666666,0.5,0.6666666666666666,0.0,0.0,0.5,0.0,0.0,0.20333333333333334,0.0,0.16666666666666666,0.16666666666666666,0.3333333333333333,0.125,0.13416666666666666
bifo,0.16666666666666666,0.5,0.6666666666666666,0.0,0.0,0.5,0.0,0.0,0.20333333333333334,0.0,0.16666666666666666,0.16666666666666666,0.3333333333333333,0.125,0.13416666666666666
oto,0.16666666666666666,0.5,0.6666666666666666,0.0,0.0,0.5,0.0,0.0,0.20333333333333334,0.0,0.16666666666666666,0.16666666666666666,0.3333333333333333,0.125,0.13416666666666666
ird,0.16666666666666666,0.5,0.6666666666666666,0.0,0.0,0.5,0.0,0.0,0.20333333333333334,0.0,0.16666666666666666,0.16666666666666666,0.3333333333333333,0.125,0.13416666666666666
irdg,0.16666666666666666,0.5,0.6666666666666666,0.0,0.0,0.5,0.0,0.0,0.20333333333333334,0.0,0.16666666666666666,0.16666666666666666,0.3333333333333333,0.125,0.13416666666666666
sst,0.16666666666666666,0.5,0.6666666666666666,0.0,0.0,0.5,0.0,0.0,0.20333333333333334,0.0,0.16666666666666666,0.16666666666666666,0.3333333333333333,0.125,0.13416666666666666
snmi,0.16666666666666666,0.5,0.6666666666666666,0.0,0.0,0.5,0.0,0.0,0.20333333333333334,0.0,0.16666666666666666,0.16666666666666666,0.3333333333333333,0.125,0.13416666666666666
esso,0.16666666666666666,0.5,0.6666666666666666,0.0,0.0,0.5,0.0,0.0,0.20333333333333334,0.0,0.16666666666666666,0.16666666666666666,0.3333333333333333,0.125,0.13416666666666666
ecdo,0.16666666666666666,0.5,0.6666666666666666,0.0,0.0,0.5,0.0,0.0,0.20333333333333334,0.0,0.16666666666666666,0.16666666666666666,0.3333333333333333,0.125,0.13416666666666666
brso,0.16666666666666666,0.5,0.6666666666666666,0.0,0.0,0.5,0.0,0.0,0.20333333333333334,0.0,0.16666666666666666,0.16666666666666666,0.3333333333333333,0.125,0.13416666666666666
haauraado,0.16666666666666666,0.5,0.6666666666666666,0.0,0.0,0.5,0.0,0.0,0.20333333333333334,0.0,0.16666666666666666,0.16666666666666666,0.3333333333333333,0.125,0.13416666666666666
onl-tasks,0.16666666666666666,0.5,0.6666666666666666,0.0,0.0,0.5,0.0,0.0,0.20333333333333334,0.0,0.16666666666666666,0.16666666666666666,0.3333333333333333,0.125,0.13416666666666666
mera,0.16666666666666666,0.5,0.6666666666666666,0.0,0.0,0.5,0.0,0.0,0.20333333333333334,0.0,0.16666666666666666,0.16666666666666666,0.3333333333333333,0.125,0.13416666666666666
inbancido,0.16666666666666666,0.5,0.6666666666666666,0.0,0.0,0.5,0.0,0.0,0.20333333333333334,0.0,0.16666666666666666,0.16666666666666666,0.3333333333333333,0.125,0.13416666666666666
etanc,0.16666666666666666,0.5,0.6666666666666666,0.0,0.0,0.5,0.0,0.0,0.20333333333333334,0.0,0.16666666666666666,0.16666666666666666,0.3333333333333333,0.125,0.13416666666666666
bno,0.16666666666666666,0.5,0.6666666666666666,0.0,0.0,0.5,0.0,0.0,0.20333333333333334,0.0,0.16666666666666666,0.16666666666666666,0.3333333333333333,0.125,0.13416666666666666
cwd,0.16666666666666666,0.5,0.6666666666666666,0.0,0.0,0.5,0.0,0.0,0.20333333333333334,0.0,0.16666666666666666,0.16666666666666666,0.3333333333333333,0.125,0.13416666666666666
doremus-keys,0.16666666666666666,0.5,0.6666666666666666,0.0,0.0,0.5,0.0,0.0,0.20333333333333334,0.0,0.16666666666666666,0.16666666666666666,0.3333333333333333,0.125,0.13416666666666666
pathlex,0.16666666666666666,0.5,0.6666666666666666,0.0,0.0,0.5,0.0,0.0,0.20333333333333334,0.0,0.16666666666666666,0.16666666666666666,0.3333333333333333,0.125,0.13416666666666666
bcon,0.16666666666666666,0.5,0.6666666666666666,0.0,0.0,0.5,0.0,0.0,0.20333333333333334,0.0,0.16666666666666666,0.16666666666666666,0.3333333333333333,0.125,0.13416666666666666
bt-ontology,0.16666666666666666,0.5,0.6666666666666666,0.0,0.0,0.5,0.0,0.0,0.20333333333333334,0.0,0.16666666666666666,0.16666666666666666,0.3333333333333333,0.125,0.13416666666666666
iso-annotations,0.16666666666666666,0.5,0.6666666666666666,0.0,0.0,0.5,0.0,0.0,0.20333333333333334,0.0,0.16666666666666666,0.16666666666666666,0.3333333333333333,0.125,0.13416666666666666
fdt-o,0.16666666666666666,0.5,0.6666666666666666,0.0,0.0,0.5,0.0,0.0,0.20333333333333334,0.0,0.16666666666666666,0.16666666666666666,0.3333333333333333,0.125,0.13416666666666666
hero,0.16666666666666666,0.5,0.6666666666666666,0.0,0.0,0.5,0.0,0.0,0.20333333333333334,0.0,0.16666666666666666,0.16666666666666666,0.3333333333333333,0.125,0.13416666666666666
home,0.16666666666666666,0.5,0.6666666666666666,0.0,0.0,0.5,0.0,0.0,0.20333333333333334,0.0,0.16666666666666666,0.16666666666666666,0.3333333333333333,0.125,0.13416666666666666
ciinteado,0.16666666666666666,0.5,0.6666666666666666,0.0,0.0,0.5,0.0,0.0,0.20333333333333334,0.0,0.16666666666666666,0.16666666666666666,0.3333333333333333,0.125,0.13416666666666666
procchemical,0.16666666666666666,0.5,0.6666666666666666,0.0,0.0,0.5,0.0,0.0,0.20333333333333334,0.0,0.16666666666666666,0.16666666666666666,0.3333333333333333,0.125,0.13416666666666666
iso-15926-2_2003,0.16666666666666666,0.5,0.6666666666666666,0.0,0.0,0.5,0.0,0.0,0.20333333333333334,0.0,0.16666666666666666,0.16666666666666666,0.3333333333333333,0.125,0.13416666666666666
bcmo,0.16666666666666666,0.5,0.6666666666666666,0.0,0.0,0.5,0.0,0.0,0.20333333333333334,0.0,0.16666666666666666,0.16666666666666666,0.3333333333333333,0.125,0.13416666666666666
ccon,0.16666666666666666,0.5,0.6666666666666666,0.0,0.0,0.5,0.0,0.0,0.20333333333333334,0.0,0.16666666666666666,0.16666666666666666,0.3333333333333333,0.125,0.13416666666666666
lda,0.16666666666666666,0.5,0.6666666666666666,0.0,0.0,0.5,0.0,0.0,0.20333333333333334,0.0,0.16666666666666666,0.16666666666666666,0.3333333333333333,0.125,0.13416666666666666
sk,0.16666666666666666,0.5,0.6666666666666666,0.0,0.0,0.5,0.0,0.0,0.20333333333333334,0.0,0.16666666666666666,0.16666666666666666,0.3333333333333333,0.125,0.13416666666666666
metpo,0.16666666666666666,0.5,0.6666666666666666,0.0,0.0,0.5,0.0,0.0,0.20333333333333334,0.0,0.16666666666666666,0.16666666666666666,0.3333333333333333,0.125,0.13416666666666666
incentive-vars,0.16666666666666666,0.5,0.6666666666666666,0.0,0.0,0.5,0.0,0.0,0.20333333333333334,0.0,0.16666666666666666,0.16666666666666666,0.3333333333333333,0.125,0.13416666666666666
wsio,0.16666666666666666,0.5,0.6666666666666666,0.0,0.0,0.5,0.0,0.0,0.20333333333333334,0.0,0.16666666666666666,0.16666666666666666,0.3333333333333333,0.125,0.13416666666666666
soil-prof,0.16666666666666666,0.5,0.6666666666666666,0.0,0.0,0.5,0.0,0.0,0.20333333333333334,0.0,0.16666666666666666,0.16666666666666666,0.3333333333333333,0.125,0.13416666666666666
gfo-bio,0.16666666666666666,0.5,0.6666666666666666,0.0,0.0,0.5,0.0,0.0,0.20333333333333334,0.0,0.16666666666666666,0.16666666666666666,0.3333333333333333,0.125,0.13416666666666666
carre,0.16666666666666666,0.5,0.6666666666666666,0.0,0.0,0.5,0.0,0.0,0.20333333333333334,0.0,0.16666666666666666,0.16666666666666666,0.3333333333333333,0.125,0.13416666666666666
landform,0.16666666666666666,0.5,0.6666666666666666,0.0,0.0,0.5,0.0,0.0,0.20333333333333334,0.0,0.16666666666666666,0.16666666666666666,0.3333333333333333,0.125,0.13416666666666666
opdzimbabwe,0.16666666666666666,0.5,0.6666666666666666,0.0,0.0,0.5,0.0,0.0,0.20333333333333334,0.0,0.16666666666666666,0.16666666666666666,0.3333333333333333,0.125,0.13416666666666666
ontovip,0.16666666666666666,0.5,0.6666666666666666,0.0,0.0,0.5,0.0,0.0,0.20333333333333334,0.0,0.16666666666666666,0.16666666666666666,0.3333333333333333,0.125,0.13416666666666666
lungmap-human,0.16666666666666666,0.5,0.6666666666666666,0.0,0.0,0.5,0.0,0.0,0.20333333333333334,0.0,0.16666666666666666,0.16666666666666666,0.3333333333333333,0.125,0.13416666666666666
payor,0.16666666666666666,0.5,0.6666666666666666,0.0,0.0,0.5,0.0,0.0,0.20333333333333334,0.0,0.16666666666666666,0.16666666666666666,0.3333333333333333,0.125,0.13416666666666666
dsipf7,0.16666666666666666,0.5,0.6666666666666666,0.0,0.0,0.5,0.0,0.0,0.20333333333333334,0.0,0.16666666666666666,0.16666666666666666,0.3333333333333333,0.125,0.13416666666666666
onlira,0.16666666666666666,0.5,0.6666666666666666,0.0,0.0,0.5,0.0,0.0,0.20333333333333334,0.0,0.16666666666666666,0.16666666666666666,0.3333333333333333,0.125,0.13416666666666666
bko,0.16666666666666666,0.5,0.6666666666666666,0.0,0.0,0.5,0.0,0.0,0.20333333333333334,0.0,0.16666666666666666,0.16666666666666666,0.3333333333333333,0.125,0.13416666666666666
medo,0.16666666666666666,0.5,0.6666666666666666,0.0,0.0,0.5,0.0,0.0,0.20333333333333334,0.0,0.16666666666666666,0.16666666666666666,0.3333333333333333,0.125,0.13416666666666666
sdoed,0.16666666666666666,0.375,0.0,0.0,0.0,0.5,0.0,0.0,0.20333333333333334,0.0,0.16666666666666666,0.16666666666666666,0.13541666666666666,0.125,0.13416666666666666
episem,0.16666666666666666,0.5,0.6666666666666666,0.0,0.0,0.5,0.0,0.0,0.20333333333333334,0.0,0.16666666666666666,0.16666666666666666,0.3333333333333333,0.125,0.13416666666666666
sedi,0.16666666666666666,0.5,0.6666666666666666,0.0,0.0,0.5,0.0,0.0,0.20333333333333334,0.0,0.16666666666666666,0.16666666666666666,0.3333333333333333,0.125,0.13416666666666666
gmo,0.16666666666666666,0.5,0.6666666666666666,0.0,0.0,0.5,0.0,0.0,0.20333333333333334,0.0,0.16666666666666666,0.16666666666666666,0.3333333333333333,0.125,0.13416666666666666
zonmw-admin-md,0.16666666666666666,0.5,0.6666666666666666,0.0,0.0,0.5,0.0,0.0,0.20333333333333334,0.0,0.16666666666666666,0.16666666666666666,0.3333333333333333,0.125,0.13416666666666666
moc,0.16666666666666666,0.5,0.6666666666666666,0.0,0.0,0.5,0.0,0.0,0.20333333333333334,0.0,0.16666666666666666,0.16666666666666666,0.3333333333333333,0.125,0.13416666666666666
nemo,0.16666666666666666,0.5,0.6666666666666666,0.0,0.0,0.5,0.0,0.0,0.20333333333333334,0.0,0.16666666666666666,0.16666666666666666,0.3333333333333333,0.125,0.13416666666666666
m4m-20-variables,0.16666666666666666,0.5,0.6666666666666666,0.0,0.0,0.5,0.0,0.0,0.20333333333333334,0.0,0.16666666666666666,0.16666666666666666,0.3333333333333333,0.125,0.13416666666666666
repos,0.16666666666666666,0.5,0.6666666666666666,0.0,0.0,0.5,0.0,0.0,0.20333333333333334,0.0,0.16666666666666666,0.16666666666666666,0.3333333333333333,0.125,0.13416666666666666
hravs,0.16666666666666666,0.5,0.6666666666666666,0.0,0.0,0.5,0.0,0.0,0.20333333333333334,0.0,0.16666666666666666,0.16666666666666666,0.3333333333333333,0.125,0.13416666666666666
case-base-onto,0.16666666666666666,0.5,0.6666666666666666,0.0,0.0,0.5,0.0,0.0,0.20333333333333334,0.0,0.16666666666666666,0.16666666666666666,0.3333333333333333,0.125,0.13416666666666666
onl-msa,0.16666666666666666,0.5,0.6666666666666666,0.0,0.0,0.5,0.0,0.0,0.20333333333333334,0.0,0.16666666666666666,0.16666666666666666,0.3333333333333333,0.125,0.13416666666666666
xref-funder-reg,0.16666666666666666,0.5,0.6666666666666666,0.0,0.0,0.5,0.0,0.0,0.20333333333333334,0.0,0.16666666666666666,0.16666666666666666,0.3333333333333333,0.125,0.13416666666666666
dikb,0.16666666666666666,0.5,0.6666666666666666,0.0,0.0,0.5,0.0,0.0,0.20333333333333334,0.0,0.16666666666666666,0.16666666666666666,0.3333333333333333,0.125,0.13416666666666666
ebp,0.16666666666666666,0.5,0.6666666666666666,0.0,0.0,0.5,0.0,0.0,0.20333333333333334,0.0,0.16666666666666666,0.16666666666666666,0.3333333333333333,0.125,0.13416666666666666
sleep,0.16666666666666666,0.5,0.6666666666666666,0.0,0.0,0.5,0.0,0.0,0.20333333333333334,0.0,0.16666666666666666,0.16666666666666666,0.3333333333333333,0.125,0.13416666666666666
henegeo,0.16666666666666666,0.5,0.6666666666666666,0.0,0.0,0.5,0.0,0.0,0.20333333333333334,0.0,0.16666666666666666,0.16666666666666666,0.3333333333333333,0.125,0.13416666666666666
uhc-metadata,0.16666666666666666,0.5,0.6666666666666666,0.0,0.0,0.5,0.0,0.0,0.20333333333333334,0.0,0.16666666666666666,0.16666666666666666,0.3333333333333333,0.125,0.13416666666666666
fenics,0.16666666666666666,0.5,0.6666666666666666,0.0,0.0,0.5,0.0,0.0,0.20333333333333334,0.0,0.16666666666666666,0.16666666666666666,0.3333333333333333,0.125,0.13416666666666666
vodana-mi,0.16666666666666666,0.5,0.6666666666666666,0.0,0.0,0.5,0.0,0.0,0.20333333333333334,0.0,0.16666666666666666,0.16666666666666666,0.3333333333333333,0.125,0.13416666666666666
dmdsont,0.16666666666666666,0.5,0.6666666666666666,0.0,0.0,0.5,0.0,0.0,0.20333333333333334,0.0,0.16666666666666666,0.16666666666666666,0.3333333333333333,0.125,0.13416666666666666
chr,0.16666666666666666,0.5,0.6666666666666666,0.0,0.0,0.5,0.0,0.0,0.20333333333333334,0.0,0.16666666666666666,0.16666666666666666,0.3333333333333333,0.125,0.13416666666666666
chro,0.16666666666666666,0.5,0.6666666666666666,0.0,0.0,0.5,0.0,0.0,0.20333333333333334,0.0,0.16666666666666666,0.16666666666666666,0.3333333333333333,0.125,0.13416666666666666
como,0.16666666666666666,0.5,0.6666666666666666,0.0,0.0,0.5,0.0,0.0,0.20333333333333334,0.0,0.16666666666666666,0.16666666666666666,0.3333333333333333,0.125,0.13416666666666666
mco4hke,0.16666666666666666,0.5,0.6666666666666666,0.0,0.0,0.5,0.0,0.0,0.20333333333333334,0.0,0.16666666666666666,0.16666666666666666,0.3333333333333333,0.125,0.13416666666666666
copdo,0.16666666666666666,0.5,0.6666666666666666,0.0,0.0,0.5,0.0,0.0,0.20333333333333334,0.0,0.16666666666666666,0.16666666666666666,0.3333333333333333,0.125,0.13416666666666666
hivo004,0.16666666666666666,0.5,0.6666666666666666,0.0,0.0,0.5,0.0,0.0,0.20333333333333334,0.0,0.16666666666666666,0.16666666666666666,0.3333333333333333,0.125,0.13416666666666666
ccont,0.16666666666666666,0.5,0.6666666666666666,0.0,0.0,0.5,0.0,0.0,0.20333333333333334,0.0,0.16666666666666666,0.16666666666666666,0.3333333333333333,0.125,0.13416666666666666
vodan_anc,0.16666666666666666,0.5,0.6666666666666666,0.0,0.0,0.5,0.0,0.0,0.20333333333333334,0.0,0.16666666666666666,0.16666666666666666,0.3333333333333333,0.125,0.13416666666666666
g-prov,0.16666666666666666,0.5,0.6666666666666666,0.0,0.0,0.5,0.0,0.0,0.20333333333333334,0.0,0.16666666666666666,0.16666666666666666,0.3333333333333333,0.125,0.13416666666666666
bto_ontology,0.16666666666666666,0.5,0.6666666666666666,0.0,0.0,0.5,0.0,0.0,0.20333333333333334,0.0,0.16666666666666666,0.16666666666666666,0.3333333333333333,0.125,0.13416666666666666
mccl,0.16666666666666666,0.5,0.6666666666666666,0.0,0.0,0.5,0.0,0.0,0.20333333333333334,0.0,0.16666666666666666,0.16666666666666666,0.3333333333333333,0.125,0.13416666666666666
mccv,0.16666666666666666,0.5,0.6666666666666666,0.0,0.0,0.5,0.0,0.0,0.20333333333333334,0.0,0.16666666666666666,0.16666666666666666,0.3333333333333333,0.125,0.13416666666666666
bllm,0.16666666666666666,0.5,0.6666666666666666,0.0,0.0,0.5,0.0,0.0,0.20333333333333334,0.0,0.16666666666666666,0.16666666666666666,0.3333333333333333,0.125,0.13416666666666666
drpsnpto,0.16666666666666666,0.5,0.6666666666666666,0.0,0.0,0.5,0.0,0.0,0.20333333333333334,0.0,0.16666666666666666,0.16666666666666666,0.3333333333333333,0.125,0.13416666666666666
goldterms,0.16666666666666666,0.5,0.6666666666666666,0.0,0.0,0.5,0.0,0.0,0.20333333333333334,0.0,0.16666666666666666,0.16666666666666666,0.3333333333333333,0.125,0.13416666666666666
piero,0.16666666666666666,0.5,0.6666666666666666,0.0,0.0,0.5,0.0,0.0,0.20333333333333334,0.0,0.16666666666666666,0.16666666666666666,0.3333333333333333,0.125,0.13416666666666666
fcc1,0.16666666666666666,0.5,0.6666666666666666,0.0,0.0,0.5,0.0,0.0,0.20333333333333334,0.0,0.16666666666666666,0.16666666666666666,0.3333333333333333,0.125,0.13416666666666666
fo,0.16666666666666666,0.5,0.6666666666666666,0.0,0.0,0.5,0.0,0.0,0.20333333333333334,0.0,0.16666666666666666,0.16666666666666666,0.3333333333333333,0.125,0.13416666666666666
fg,0.16666666666666666,0.5,0.6666666666666666,0.0,0.0,0.5,0.0,0.0,0.20333333333333334,0.0,0.16666666666666666,0.16666666666666666,0.3333333333333333,0.125,0.13416666666666666
cu-vo,0.16666666666666666,0.5,0.6666666666666666,0.0,0.0,0.5,0.0,0.0,0.20333333333333334,0.0,0.16666666666666666,0.16666666666666666,0.3333333333333333,0.125,0.13416666666666666
sato,0.16666666666666666,0.5,0.6666666666666666,0.0,0.0,0.5,0.0,0.0,0.20333333333333334,0.0,0.16666666666666666,0.16666666666666666,0.3333333333333333,0.125,0.13416666666666666
orex-sam,0.16666666666666666,0.5,0.6666666666666666,0.0,0.0,0.5,0.0,0.0,0.20333333333333334,0.0,0.16666666666666666,0.16666666666666666,0.3333333333333333,0.125,0.13416666666666666
scio,0.16666666666666666,0.5,0.6666666666666666,0.0,0.0,0.5,0.0,0.0,0.20333333333333334,0.0,0.16666666666666666,0.16666666666666666,0.3333333333333333,0.125,0.13416666666666666
admf,0.16666666666666666,0.5,0.6666666666666666,0.0,0.0,0.5,0.0,0.0,0.20333333333333334,0.0,0.16666666666666666,0.16666666666666666,0.3333333333333333,0.125,0.13416666666666666
admo,0.16666666666666666,0.5,0.6666666666666666,0.0,0.0,0.5,0.0,0.0,0.20333333333333334,0.0,0.16666666666666666,0.16666666666666666,0.3333333333333333,0.125,0.13416666666666666
rnrmu,0.16666666666666666,0.5,0.6666666666666666,0.0,0.0,0.5,0.0,0.0,0.20333333333333334,0.0,0.16666666666666666,0.16666666666666666,0.3333333333333333,0.125,0.13416666666666666
edem-connectonto,0.16666666666666666,0.5,0.6666666666666666,0.0,0.0,0.5,0.0,0.0,0.20333333333333334,0.0,0.16666666666666666,0.16666666666666666,0.3333333333333333,0.125,0.13416666666666666
cn,0.16666666666666666,0.5,0.6666666666666666,0.0,0.0,0.5,0.0,0.0,0.20333333333333334,0.0,0.16666666666666666,0.16666666666666666,0.3333333333333333,0.125,0.13416666666666666
gff-m4m,0.16666666666666666,0.5,0.6666666666666666,0.0,0.0,0.5,0.0,0.0,0.20333333333333334,0.0,0.16666666666666666,0.16666666666666666,0.3333333333333333,0.125,0.13416666666666666
pdo_cas,0.16666666666666666,0.5,0.6666666666666666,0.0,0.0,0.5,0.0,0.0,0.20333333333333334,0.0,0.16666666666666666,0.16666666666666666,0.3333333333333333,0.125,0.13416666666666666
emo,0.16666666666666666,0.5,0.6666666666666666,0.0,0.0,0.5,0.0,0.0,0.20333333333333334,0.0,0.16666666666666666,0.16666666666666666,0.3333333333333333,0.125,0.13416666666666666
qudt2-1,0.16666666666666666,0.5,0.6666666666666666,0.0,0.0,0.5,0.0,0.0,0.20333333333333334,0.0,0.16666666666666666,0.16666666666666666,0.3333333333333333,0.125,0.13416666666666666
rpo,0.16666666666666666,0.5,0.6666666666666666,0.0,0.0,0.5,0.0,0.0,0.20333333333333334,0.0,0.16666666666666666,0.16666666666666666,0.3333333333333333,0.125,0.13416666666666666
syrian-cinema,0.16666666666666666,0.5,0.6666666666666666,0.0,0.0,0.5,0.0,0.0,0.20333333333333334,0.0,0.16666666666666666,0.16666666666666666,0.3333333333333333,0.125,0.13416666666666666
pts,0.16666666666666666,0.5,0.6666666666666666,0.0,0.0,0.5,0.0,0.0,0.20333333333333334,0.0,0.16666666666666666,0.16666666666666666,0.3333333333333333,0.125,0.13416666666666666
exmo,0.16666666666666666,0.5,0.6666666666666666,0.0,0.0,0.5,0.0,0.0,0.20333333333333334,0.0,0.16666666666666666,0.16666666666666666,0.3333333333333333,0.125,0.13416666666666666
lico,0.16666666666666666,0.5,0.6666666666666666,0.0,0.0,0.5,0.0,0.0,0.20333333333333334,0.0,0.16666666666666666,0.16666666666666666,0.3333333333333333,0.125,0.13416666666666666
matr,0.16666666666666666,0.5,0.6666666666666666,0.0,0.0,0.5,0.0,0.0,0.20333333333333334,0.0,0.16666666666666666,0.16666666666666666,0.3333333333333333,0.125,0.13416666666666666
mini-fast-1,0.16666666666666666,0.5,0.6666666666666666,0.0,0.0,0.5,0.0,0.0,0.20333333333333334,0.0,0.16666666666666666,0.16666666666666666,0.3333333333333333,0.125,0.13416666666666666
neumore,0.16666666666666666,0.5,0.6666666666666666,0.0,0.0,0.5,0.0,0.0,0.20333333333333334,0.0,0.16666666666666666,0.16666666666666666,0.3333333333333333,0.125,0.13416666666666666
panet,0.16666666666666666,0.5,0.6666666666666666,0.0,0.0,0.5,0.0,0.0,0.20333333333333334,0.0,0.16666666666666666,0.16666666666666666,0.3333333333333333,0.125,0.13416666666666666
envs_variables,0.16666666666666666,0.5,0.6666666666666666,0.0,0.0,0.5,0.0,0.0,0.20333333333333334,0.0,0.16666666666666666,0.16666666666666666,0.3333333333333333,0.125,0.13416666666666666
snomedct,0.16666666666666666,0.5,0.6666666666666666,0.0,0.0,0.5,0.0,0.0,0.20333333333333334,0.0,0.16666666666666666,0.16666666666666666,0.3333333333333333,0.125,0.13416666666666666
fit_bit,0.16666666666666666,0.5,0.6666666666666666,0.0,0.0,0.5,0.0,0.0,0.20333333333333334,0.0,0.16666666666666666,0.16666666666666666,0.3333333333333333,0.125,0.13416666666666666
icw,0.16666666666666666,0.5,0.6666666666666666,0.0,0.0,0.5,0.0,0.0,0.20333333333333334,0.0,0.16666666666666666,0.16666666666666666,0.3333333333333333,0.125,0.13416666666666666
ogco,0.16666666666666666,0.5,0.6666666666666666,0.0,0.0,0.5,0.0,0.0,0.20333333333333334,0.0,0.16666666666666666,0.16666666666666666,0.3333333333333333,0.125,0.13416666666666666
insname,0.16666666666666666,0.5,0.6666666666666666,0.0,0.0,0.5,0.0,0.0,0.20333333333333334,0.0,0.16666666666666666,0.16666666666666666,0.3333333333333333,0.125,0.13416666666666666
ontoreplicov,0.16666666666666666,0.5,0.6666666666666666,0.0,0.0,0.5,0.0,0.0,0.20333333333333334,0.0,0.16666666666666666,0.16666666666666666,0.3333333333333333,0.125,0.13416666666666666
nidm-results,0.16666666666666666,0.5,0.6666666666666666,0.0,0.0,0.5,0.0,0.0,0.20333333333333334,0.0,0.16666666666666666,0.16666666666666666,0.3333333333333333,0.125,0.13416666666666666
hivcrs,0.16666666666666666,0.5,0.6666666666666666,0.0,0.0,0.5,0.0,0.0,0.20333333333333334,0.0,0.16666666666666666,0.16666666666666666,0.3333333333333333,0.125,0.13416666666666666
dloro,0.16666666666666666,0.5,0.6666666666666666,0.0,0.0,0.5,0.0,0.0,0.20333333333333334,0.0,0.16666666666666666,0.16666666666666666,0.3333333333333333,0.125,0.13416666666666666
gffo,0.16666666666666666,0.5,0.6666666666666666,0.0,0.0,0.5,0.0,0.0,0.20333333333333334,0.0,0.16666666666666666,0.16666666666666666,0.3333333333333333,0.125,0.13416666666666666
nro,0.16666666666666666,0.5,0.6666666666666666,0.0,0.0,0.5,0.0,0.0,0.20333333333333334,0.0,0.16666666666666666,0.16666666666666666,0.3333333333333333,0.125,0.13416666666666666
rh-mesh,0.16666666666666666,0.5,0.6666666666666666,0.0,0.0,0.5,0.0,0.0,0.20333333333333334,0.0,0.16666666666666666,0.16666666666666666,0.3333333333333333,0.125,0.13416666666666666
intvmode,0.16666666666666666,0.5,0.6666666666666666,0.0,0.0,0.5,0.0,0.0,0.20333333333333334,0.0,0.16666666666666666,0.16666666666666666,0.3333333333333333,0.125,0.13416666666666666
cohsi2study,0.16666666666666666,0.5,0.6666666666666666,0.0,0.0,0.5,0.0,0.0,0.20333333333333334,0.0,0.16666666666666666,0.16666666666666666,0.3333333333333333,0.125,0.13416666666666666
fast-chrono,0.16666666666666666,0.5,0.6666666666666666,0.0,0.0,0.5,0.0,0.0,0.20333333333333334,0.0,0.16666666666666666,0.16666666666666666,0.3333333333333333,0.125,0.13416666666666666
ibio,0.16666666666666666,0.5,0.6666666666666666,0.0,0.0,0.5,0.0,0.0,0.20333333333333334,0.0,0.16666666666666666,0.16666666666666666,0.3333333333333333,0.125,0.13416666666666666
adher_intcare_sp,0.16666666666666666,0.5,0.6666666666666666,0.0,0.0,0.5,0.0,0.0,0.20333333333333334,0.0,0.16666666666666666,0.16666666666666666,0.3333333333333333,0.125,0.13416666666666666
edda,0.16666666666666666,0.5,0.6666666666666666,0.0,0.0,0.5,0.0,0.0,0.20333333333333334,0.0,0.16666666666666666,0.16666666666666666,0.3333333333333333,0.125,0.13416666666666666
patgv,0.16666666666666666,0.5,0.6666666666666666,0.0,0.0,0.5,0.0,0.0,0.20333333333333334,0.0,0.16666666666666666,0.16666666666666666,0.3333333333333333,0.125,0.13416666666666666
eso_c,0.16666666666666666,0.5,0.6666666666666666,0.0,0.0,0.5,0.0,0.0,0.20333333333333334,0.0,0.16666666666666666,0.16666666666666666,0.3333333333333333,0.125,0.13416666666666666
hns,0.16666666666666666,0.5,0.6666666666666666,0.0,0.0,0.5,0.0,0.0,0.20333333333333334,0.0,0.16666666666666666,0.16666666666666666,0.3333333333333333,0.125,0.13416666666666666
mixs,0.16666666666666666,0.5,0.6666666666666666,0.0,0.0,0.5,0.0,0.0,0.20333333333333334,0.0,0.16666666666666666,0.16666666666666666,0.3333333333333333,0.125,0.13416666666666666
mooccuado,0.16666666666666666,0.5,0.6666666666666666,0.0,0.0,0.5,0.0,0.0,0.20333333333333334,0.0,0.16666666666666666,0.16666666666666666,0.3333333333333333,0.125,0.13416666666666666
fish-ast,0.16666666666666666,0.5,0.6666666666666666,0.0,0.0,0.5,0.0,0.0,0.20333333333333334,0.0,0.16666666666666666,0.16666666666666666,0.3333333333333333,0.125,0.13416666666666666
mpo,0.16666666666666666,0.5,0.6666666666666666,0.0,0.0,0.5,0.0,0.0,0.20333333333333334,0.0,0.16666666666666666,0.16666666666666666,0.3333333333333333,0.125,0.13416666666666666
cseo,0.16666666666666666,0.5,0.6666666666666666,0.0,0.0,0.5,0.0,0.0,0.20333333333333334,0.0,0.16666666666666666,0.16666666666666666,0.3333333333333333,0.125,0.13416666666666666
bp-metadata,0.16666666666666666,0.5,0.6666666666666666,0.0,0.0,0.5,0.0,0.0,0.20333333333333334,0.0,0.16666666666666666,0.16666666666666666,0.3333333333333333,0.125,0.13416666666666666
obs,0.16666666666666666,0.5,0.6666666666666666,0.0,0.0,0.5,0.0,0.0,0.20333333333333334,0.0,0.16666666666666666,0.16666666666666666,0.3333333333333333,0.125,0.13416666666666666
ito,0.16666666666666666,0.5,0.6666666666666666,0.0,0.0,0.5,0.0,0.0,0.20333333333333334,0.0,0.16666666666666666,0.16666666666666666,0.3333333333333333,0.125,0.13416666666666666
leo,0.16666666666666666,0.5,0.6666666666666666,0.0,0.0,0.5,0.0,0.0,0.20333333333333334,0.0,0.16666666666666666,0.16666666666666666,0.3333333333333333,0.125,0.13416666666666666
adalab,0.16666666666666666,0.5,0.6666666666666666,0.0,0.0,0.5,0.0,0.0,0.20333333333333334,0.0,0.16666666666666666,0.16666666666666666,0.3333333333333333,0.125,0.13416666666666666
mepo,0.16666666666666666,0.5,0.6666666666666666,0.0,0.0,0.5,0.0,0.0,0.20333333333333334,0.0,0.16666666666666666,0.16666666666666666,0.3333333333333333,0.125,0.13416666666666666
arcrc,0.16666666666666666,0.5,0.6666666666666666,0.0,0.0,0.5,0.0,0.0,0.20333333333333334,0.0,0.16666666666666666,0.16666666666666666,0.3333333333333333,0.125,0.13416666666666666
csso,0.16666666666666666,0.5,0.6666666666666666,0.0,0.0,0.5,0.0,0.0,0.20333333333333334,0.0,0.16666666666666666,0.16666666666666666,0.3333333333333333,0.125,0.13416666666666666
apadisorders,0.16666666666666666,0.5,0.6666666666666666,0.0,0.0,0.5,0.0,0.0,0.20333333333333334,0.0,0.16666666666666666,0.16666666666666666,0.3333333333333333,0.125,0.13416666666666666
sweet,0.16666666666666666,0.5,0.6666666666666666,0.0,0.0,0.5,0.0,0.0,0.20333333333333334,0.0,0.16666666666666666,0.16666666666666666,0.3333333333333333,0.125,0.13416666666666666
eo1,0.16666666666666666,0.5,0.6666666666666666,0.0,0.0,0.5,0.0,0.0,0.20333333333333334,0.0,0.16666666666666666,0.16666666666666666,0.3333333333333333,0.125,0.13416666666666666
satusehatthesis,0.16666666666666666,0.5,0.6666666666666666,0.0,0.0,0.5,0.0,0.0,0.20333333333333334,0.0,0.16666666666666666,0.16666666666666666,0.3333333333333333,0.125,0.13416666666666666
mwla,0.16666666666666666,0.5,0.6666666666666666,0.0,0.0,0.5,0.0,0.0,0.20333333333333334,0.0,0.16666666666666666,0.16666666666666666,0.3333333333333333,0.125,0.13416666666666666
fgnhns,0.16666666666666666,0.5,0.6666666666666666,0.0,0.0,0.5,0.0,0.0,0.20333333333333334,0.0,0.16666666666666666,0.16666666666666666,0.3333333333333333,0.125,0.13416666666666666
m,0.16666666666666666,0.5,0.6666666666666666,0.0,0.0,0.5,0.0,0.0,0.20333333333333334,0.0,0.16666666666666666,0.16666666666666666,0.3333333333333333,0.125,0.13416666666666666
mm,0.16666666666666666,0.5,0.6666666666666666,0.0,0.0,0.5,0.0,0.0,0.20333333333333334,0.0,0.16666666666666666,0.16666666666666666,0.3333333333333333,0.125,0.13416666666666666
pmo,0.16666666666666666,0.5,0.6666666666666666,0.0,0.0,0.5,0.0,0.0,0.20333333333333334,0.0,0.16666666666666666,0.16666666666666666,0.3333333333333333,0.125,0.13416666666666666
ftc,0.16666666666666666,0.5,0.6666666666666666,0.0,0.0,0.5,0.0,0.0,0.20333333333333334,0.0,0.16666666666666666,0.16666666666666666,0.3333333333333333,0.125,0.13416666666666666
ifar,0.16666666666666666,0.5,0.6666666666666666,0.0,0.0,0.5,0.0,0.0,0.20333333333333334,0.0,0.16666666666666666,0.16666666666666666,0.3333333333333333,0.125,0.13416666666666666
onl-dp,0.16666666666666666,0.5,0.6666666666666666,0.0,0.0,0.5,0.0,0.0,0.20333333333333334,0.0,0.16666666666666666,0.16666666666666666,0.3333333333333333,0.125,0.13416666666666666
cpro,0.16666666666666666,0.5,0.6666666666666666,0.0,0.0,0.5,0.0,0.0,0.20333333333333334,0.0,0.16666666666666666,0.16666666666666666,0.3333333333333333,0.125,0.13416666666666666
altproton,0.16666666666666666,0.5,0.6666666666666666,0.0,0.0,0.5,0.0,0.0,0.20333333333333334,0.0,0.16666666666666666,0.16666666666666666,0.3333333333333333,0.125,0.13416666666666666
inbio,0.16666666666666666,0.5,0.6666666666666666,0.0,0.0,0.5,0.0,0.0,0.20333333333333334,0.0,0.16666666666666666,0.16666666666666666,0.3333333333333333,0.125,0.13416666666666666
ik,0.16666666666666666,0.375,0.0,0.0,0.0,0.5,0.0,0.0,0.20333333333333334,0.0,0.16666666666666666,0.16666666666666666,0.13541666666666666,0.125,0.13416666666666666
vodanauganda,0.16666666666666666,0.5,0.6666666666666666,0.0,0.0,0.5,0.0,0.0,0.20333333333333334,0.0,0.16666666666666666,0.16666666666666666,0.3333333333333333,0.125,0.13416666666666666
pcao,0.16666666666666666,0.5,0.6666666666666666,0.0,0.0,0.5,0.0,0.0,0.20333333333333334,0.0,0.16666666666666666,0.16666666666666666,0.3333333333333333,0.125,0.13416666666666666
gb,0.16666666666666666,0.5,0.6666666666666666,0.0,0.0,0.5,0.0,0.0,0.20333333333333334,0.0,0.16666666666666666,0.16666666666666666,0.3333333333333333,0.125,0.13416666666666666
fall,0.16666666666666666,0.5,0.6666666666666666,0.0,0.0,0.5,0.0,0.0,0.20333333333333334,0.0,0.16666666666666666,0.16666666666666666,0.3333333333333333,0.125,0.13416666666666666
hed,0.16666666666666666,0.5,0.6666666666666666,0.0,0.0,0.5,0.0,0.0,0.20333333333333334,0.0,0.16666666666666666,0.16666666666666666,0.3333333333333333,0.125,0.13416666666666666
regn_go,0.16666666666666666,0.5,0.6666666666666666,0.0,0.0,0.5,0.0,0.0,0.20333333333333334,0.0,0.16666666666666666,0.16666666666666666,0.3333333333333333,0.125,0.13416666666666666
bclion,0.16666666666666666,0.5,0.6666666666666666,0.0,0.0,0.5,0.0,0.0,0.20333333333333334,0.0,0.16666666666666666,0.16666666666666666,0.3333333333333333,0.125,0.13416666666666666
simm,0.16666666666666666,0.5,0.6666666666666666,0.0,0.0,0.5,0.0,0.0,0.20333333333333334,0.0,0.16666666666666666,0.16666666666666666,0.3333333333333333,0.125,0.13416666666666666
tdwgspec,0.16666666666666666,0.5,0.6666666666666666,0.0,0.0,0.5,0.0,0.0,0.20333333333333334,0.0,0.16666666666666666,0.16666666666666666,0.3333333333333333,0.125,0.13416666666666666
matrcompound,0.16666666666666666,0.5,0.6666666666666666,0.0,0.0,0.5,0.0,0.0,0.20333333333333334,0.0,0.16666666666666666,0.16666666666666666,0.3333333333333333,0.125,0.13416666666666666
fast-title,0.16666666666666666,0.5,0.6666666666666666,0.0,0.0,0.5,0.0,0.0,0.20333333333333334,0.0,0.16666666666666666,0.16666666666666666,0.3333333333333333,0.125,0.13416666666666666
dranpto,0.16666666666666666,0.5,0.6666666666666666,0.0,0.0,0.5,0.0,0.0,0.20333333333333334,0.0,0.16666666666666666,0.16666666666666666,0.3333333333333333,0.125,0.13416666666666666
phage,0.16666666666666666,0.5,0.6666666666666666,0.0,0.0,0.5,0.0,0.0,0.20333333333333334,0.0,0.16666666666666666,0.16666666666666666,0.3333333333333333,0.125,0.13416666666666666
fast-genreform,0.16666666666666666,0.5,0.6666666666666666,0.0,0.0,0.5,0.0,0.0,0.20333333333333334,0.0,0.16666666666666666,0.16666666666666666,0.3333333333333333,0.125,0.13416666666666666
phmammado,0.16666666666666666,0.5,0.6666666666666666,0.0,0.0,0.5,0.0,0.0,0.20333333333333334,0.0,0.16666666666666666,0.16666666666666666,0.3333333333333333,0.125,0.13416666666666666
emif-ad,0.16666666666666666,0.5,0.6666666666666666,0.0,0.0,0.5,0.0,0.0,0.20333333333333334,0.0,0.16666666666666666,0.16666666666666666,0.3333333333333333,0.125,0.13416666666666666
neio,0.16666666666666666,0.5,0.6666666666666666,0.0,0.0,0.5,0.0,0.0,0.20333333333333334,0.0,0.16666666666666666,0.16666666666666666,0.3333333333333333,0.125,0.13416666666666666
hgnc-nr,0.16666666666666666,0.5,0.6666666666666666,0.0,0.0,0.5,0.0,0.0,0.20333333333333334,0.0,0.16666666666666666,0.16666666666666666,0.3333333333333333,0.125,0.13416666666666666
bibframe,0.16666666666666666,0.5,0.6666666666666666,0.0,0.0,0.5,0.0,0.0,0.20333333333333334,0.0,0.16666666666666666,0.16666666666666666,0.3333333333333333,0.125,0.13416666666666666
metabus,0.16666666666666666,0.5,0.6666666666666666,0.0,0.0,0.5,0.0,0.0,0.20333333333333334,0.0,0.16666666666666666,0.16666666666666666,0.3333333333333333,0.125,0.13416666666666666
hivhpvfgs,0.16666666666666666,0.5,0.6666666666666666,0.0,0.0,0.5,0.0,0.0,0.20333333333333334,0.0,0.16666666666666666,0.16666666666666666,0.3333333333333333,0.125,0.13416666666666666
bibliotek-o,0.16666666666666666,0.5,0.6666666666666666,0.0,0.0,0.5,0.0,0.0,0.20333333333333334,0.0,0.16666666666666666,0.16666666666666666,0.3333333333333333,0.125,0.13416666666666666
pcmo,0.16666666666666666,0.5,0.6666666666666666,0.0,0.0,0.5,0.0,0.0,0.20333333333333334,0.0,0.16666666666666666,0.16666666666666666,0.3333333333333333,0.125,0.13416666666666666
pghd_connect,0.16666666666666666,0.5,0.6666666666666666,0.0,0.0,0.5,0.0,0.0,0.20333333333333334,0.0,0.16666666666666666,0.16666666666666666,0.3333333333333333,0.125,0.13416666666666666
ctu_beready_gem,0.16666666666666666,0.5,0.6666666666666666,0.0,0.0,0.5,0.0,0.0,0.20333333333333334,0.0,0.16666666666666666,0.16666666666666666,0.3333333333333333,0.125,0.13416666666666666
ego,0.16666666666666666,0.5,0.6666666666666666,0.0,0.0,0.5,0.0,0.0,0.20333333333333334,0.0,0.16666666666666666,0.16666666666666666,0.3333333333333333,0.125,0.13416666666666666
pplc,0.16666666666666666,0.5,0.6666666666666666,0.0,0.0,0.5,0.0,0.0,0.20333333333333334,0.0,0.16666666666666666,0.16666666666666666,0.3333333333333333,0.125,0.13416666666666666
marc-languages,0.16666666666666666,0.5,0.6666666666666666,0.0,0.0,0.5,0.0,0.0,0.20333333333333334,0.0,0.16666666666666666,0.16666666666666666,0.3333333333333333,0.125,0.13416666666666666
pvonto,0.16666666666666666,0.5,0.6666666666666666,0.0,0.0,0.5,0.0,0.0,0.20333333333333334,0.0,0.16666666666666666,0.16666666666666666,0.3333333333333333,0.125,0.13416666666666666
pmapp-pmo,0.16666666666666666,0.5,0.6666666666666666,0.0,0.0,0.5,0.0,0.0,0.20333333333333334,0.0,0.16666666666666666,0.16666666666666666,0.3333333333333333,0.125,0.13416666666666666
iaml-mop,0.16666666666666666,0.5,0.6666666666666666,0.0,0.0,0.5,0.0,0.0,0.20333333333333334,0.0,0.16666666666666666,0.16666666666666666,0.3333333333333333,0.125,0.13416666666666666
atom,0.16666666666666666,0.5,0.6666666666666666,0.0,0.0,0.5,0.0,0.0,0.20333333333333334,0.0,0.16666666666666666,0.16666666666666666,0.3333333333333333,0.125,0.13416666666666666
atol,0.16666666666666666,0.5,0.6666666666666666,0.0,0.0,0.5,0.0,0.0,0.20333333333333334,0.0,0.16666666666666666,0.16666666666666666,0.3333333333333333,0.125,0.13416666666666666
m4m-char,0.16666666666666666,0.5,0.6666666666666666,0.0,0.0,0.5,0.0,0.0,0.20333333333333334,0.0,0.16666666666666666,0.16666666666666666,0.3333333333333333,0.125,0.13416666666666666
vodanakenya,0.16666666666666666,0.5,0.6666666666666666,0.0,0.0,0.5,0.0,0.0,0.20333333333333334,0.0,0.16666666666666666,0.16666666666666666,0.3333333333333333,0.125,0.13416666666666666
nlmvs,0.16666666666666666,0.5,0.6666666666666666,0.0,0.0,0.5,0.0,0.0,0.20333333333333334,0.0,0.16666666666666666,0.16666666666666666,0.3333333333333333,0.125,0.13416666666666666
rda-content,0.16666666666666666,0.5,0.6666666666666666,0.0,0.0,0.5,0.0,0.0,0.20333333333333334,0.0,0.16666666666666666,0.16666666666666666,0.3333333333333333,0.125,0.13416666666666666
ichom-proms-pcb,0.16666666666666666,0.5,0.6666666666666666,0.0,0.0,0.5,0.0,0.0,0.20333333333333334,0.0,0.16666666666666666,0.16666666666666666,0.3333333333333333,0.125,0.13416666666666666
bdpm,0.16666666666666666,0.5,0.6666666666666666,0.0,0.0,0.5,0.0,0.0,0.20333333333333334,0.0,0.16666666666666666,0.16666666666666666,0.3333333333333333,0.125,0.13416666666666666
opb,0.16666666666666666,0.5,0.6666666666666666,0.0,0.0,0.5,0.0,0.0,0.20333333333333334,0.0,0.16666666666666666,0.16666666666666666,0.3333333333333333,0.125,0.13416666666666666
iso19115,0.16666666666666666,0.5,0.6666666666666666,0.0,0.0,0.5,0.0,0.0,0.20333333333333334,0.0,0.16666666666666666,0.16666666666666666,0.3333333333333333,0.125,0.13416666666666666
iso19110,0.16666666666666666,0.5,0.6666666666666666,0.0,0.0,0.5,0.0,0.0,0.20333333333333334,0.0,0.16666666666666666,0.16666666666666666,0.3333333333333333,0.125,0.13416666666666666
falls,0.16666666666666666,0.5,0.6666666666666666,0.0,0.0,0.5,0.0,0.0,0.20333333333333334,0.0,0.16666666666666666,0.16666666666666666,0.3333333333333333,0.125,0.13416666666666666
biomo,0.16666666666666666,0.5,0.6666666666666666,0.0,0.0,0.5,0.0,0.0,0.20333333333333334,0.0,0.16666666666666666,0.16666666666666666,0.3333333333333333,0.125,0.13416666666666666
sdoho,0.16666666666666666,0.5,0.6666666666666666,0.0,0.0,0.5,0.0,0.0,0.20333333333333334,0.0,0.16666666666666666,0.16666666666666666,0.3333333333333333,0.125,0.13416666666666666
gcbo,0.16666666666666666,0.5,0.6666666666666666,0.0,0.0,0.5,0.0,0.0,0.20333333333333334,0.0,0.16666666666666666,0.16666666666666666,0.3333333333333333,0.125,0.13416666666666666
hoip,0.16666666666666666,0.5,0.6666666666666666,0.0,0.0,0.5,0.0,0.0,0.20333333333333334,0.0,0.16666666666666666,0.16666666666666666,0.3333333333333333,0.125,0.13416666666666666
cedarvs,0.16666666666666666,0.5,0.6666666666666666,0.0,0.0,0.5,0.0,0.0,0.20333333333333334,0.0,0.16666666666666666,0.16666666666666666,0.3333333333333333,0.125,0.13416666666666666
ope,0.16666666666666666,0.5,0.6666666666666666,0.0,0.0,0.5,0.0,0.0,0.20333333333333334,0.0,0.16666666666666666,0.16666666666666666,0.3333333333333333,0.125,0.13416666666666666
moocciado,0.16666666666666666,0.5,0.6666666666666666,0.0,0.0,0.5,0.0,0.0,0.20333333333333334,0.0,0.16666666666666666,0.16666666666666666,0.3333333333333333,0.125,0.13416666666666666
obi_iee,0.16666666666666666,0.5,0.6666666666666666,0.0,0.0,0.5,0.0,0.0,0.20333333333333334,0.0,0.16666666666666666,0.16666666666666666,0.3333333333333333,0.125,0.13416666666666666
neo,0.16666666666666666,0.5,0.6666666666666666,0.0,0.0,0.5,0.0,0.0,0.20333333333333334,0.0,0.16666666666666666,0.16666666666666666,0.3333333333333333,0.125,0.13416666666666666
apaneurocluster,0.16666666666666666,0.5,0.6666666666666666,0.0,0.0,0.5,0.0,0.0,0.20333333333333334,0.0,0.16666666666666666,0.16666666666666666,0.3333333333333333,0.125,0.13416666666666666
materialsmine,0.16666666666666666,0.5,0.6666666666666666,0.0,0.0,0.5,0.0,0.0,0.20333333333333334,0.0,0.16666666666666666,0.16666666666666666,0.3333333333333333,0.125,0.13416666666666666
iso-food,0.16666666666666666,0.5,0.6666666666666666,0.0,0.0,0.5,0.0,0.0,0.20333333333333334,0.0,0.16666666666666666,0.16666666666666666,0.3333333333333333,0.125,0.13416666666666666
dsip_fl_7,0.16666666666666666,0.5,0.6666666666666666,0.0,0.0,0.5,0.0,0.0,0.20333333333333334,0.0,0.16666666666666666,0.16666666666666666,0.3333333333333333,0.125,0.13416666666666666
mooculado,0.16666666666666666,0.5,0.6666666666666666,0.0,0.0,0.5,0.0,0.0,0.20333333333333334,0.0,0.16666666666666666,0.16666666666666666,0.3333333333333333,0.125,0.13416666666666666
orex-wg,0.16666666666666666,0.5,0.6666666666666666,0.0,0.0,0.5,0.0,0.0,0.20333333333333334,0.0,0.16666666666666666,0.16666666666666666,0.3333333333333333,0.125,0.13416666666666666
nmobr,0.16666666666666666,0.5,0.6666666666666666,0.0,0.0,0.5,0.0,0.0,0.20333333333333334,0.0,0.16666666666666666,0.16666666666666666,0.3333333333333333,0.125,0.13416666666666666
paymentmode,0.16666666666666666,0.5,0.6666666666666666,0.0,0.0,0.5,0.0,0.0,0.20333333333333334,0.0,0.16666666666666666,0.16666666666666666,0.3333333333333333,0.125,0.13416666666666666
thesisdemo,0.16666666666666666,0.5,0.6666666666666666,0.0,0.0,0.5,0.0,0.0,0.20333333333333334,0.0,0.16666666666666666,0.16666666666666666,0.3333333333333333,0.125,0.13416666666666666
ofsmr,0.16666666666666666,0.5,0.6666666666666666,0.0,0.0,0.5,0.0,0.0,0.20333333333333334,0.0,0.16666666666666666,0.16666666666666666,0.3333333333333333,0.125,0.13416666666666666
four-m_vocabs,0.16666666666666666,0.5,0.6666666666666666,0.0,0.0,0.5,0.0,0.0,0.20333333333333334,0.0,0.16666666666666666,0.16666666666666666,0.3333333333333333,0.125,0.13416666666666666
acvd_ontology,0.16666666666666666,0.5,0.6666666666666666,0.0,0.0,0.5,0.0,0.0,0.20333333333333334,0.0,0.16666666666666666,0.16666666666666666,0.3333333333333333,0.125,0.13416666666666666
fasto,0.16666666666666666,0.5,0.6666666666666666,0.0,0.0,0.5,0.0,0.0,0.20333333333333334,0.0,0.16666666666666666,0.16666666666666666,0.3333333333333333,0.125,0.13416666666666666
svu_mws_wsm_f23,0.16666666666666666,0.5,0.6666666666666666,0.0,0.0,0.5,0.0,0.0,0.20333333333333334,0.0,0.16666666666666666,0.16666666666666666,0.3333333333333333,0.125,0.13416666666666666
hoom,0.16666666666666666,0.5,0.6666666666666666,0.0,0.0,0.5,0.0,0.0,0.20333333333333334,0.0,0.16666666666666666,0.16666666666666666,0.3333333333333333,0.125,0.13416666666666666
tephram4mexample,0.16666666666666666,0.5,0.6666666666666666,0.0,0.0,0.5,0.0,0.0,0.20333333333333334,0.0,0.16666666666666666,0.16666666666666666,0.3333333333333333,0.125,0.13416666666666666
ethopd,0.16666666666666666,0.5,0.6666666666666666,0.0,0.0,0.5,0.0,0.0,0.20333333333333334,0.0,0.16666666666666666,0.16666666666666666,0.3333333333333333,0.125,0.13416666666666666
bin,0.16666666666666666,0.5,0.6666666666666666,0.0,0.0,0.5,0.0,0.0,0.20333333333333334,0.0,0.16666666666666666,0.16666666666666666,0.3333333333333333,0.125,0.13416666666666666
insecth,0.16666666666666666,0.5,0.6666666666666666,0.0,0.0,0.5,0.0,0.0,0.20333333333333334,0.0,0.16666666666666666,0.16666666666666666,0.3333333333333333,0.125,0.13416666666666666
infection_trans,0.16666666666666666,0.5,0.6666666666666666,0.0,0.0,0.5,0.0,0.0,0.20333333333333334,0.0,0.16666666666666666,0.16666666666666666,0.3333333333333333,0.125,0.13416666666666666
hivhpv,0.16666666666666666,0.5,0.6666666666666666,0.0,0.0,0.5,0.0,0.0,0.20333333333333334,0.0,0.16666666666666666,0.16666666666666666,0.3333333333333333,0.125,0.13416666666666666
endoh,0.16666666666666666,0.5,0.6666666666666666,0.0,0.0,0.5,0.0,0.0,0.20333333333333334,0.0,0.16666666666666666,0.16666666666666666,0.3333333333333333,0.125,0.13416666666666666
biodivthes,0.16666666666666666,0.5,0.6666666666666666,0.0,0.0,0.5,0.0,0.0,0.20333333333333334,0.0,0.16666666666666666,0.16666666666666666,0.3333333333333333,0.125,0.13416666666666666
d3o,0.16666666666666666,0.5,0.6666666666666666,0.0,0.0,0.5,0.0,0.0,0.20333333333333334,0.0,0.16666666666666666,0.16666666666666666,0.3333333333333333,0.125,0.13416666666666666
nxdx,0.16666666666666666,0.5,0.6666666666666666,0.0,0.0,0.5,0.0,0.0,0.20333333333333334,0.0,0.16666666666666666,0.16666666666666666,0.3333333333333333,0.125,0.13416666666666666
wetaxtopics,0.16666666666666666,0.5,0.6666666666666666,0.0,0.0,0.5,0.0,0.0,0.20333333333333334,0.0,0.16666666666666666,0.16666666666666666,0.3333333333333333,0.125,0.13416666666666666
wweca,0.16666666666666666,0.5,0.6666666666666666,0.0,0.0,0.5,0.0,0.0,0.20333333333333334,0.0,0.16666666666666666,0.16666666666666666,0.3333333333333333,0.125,0.13416666666666666
bio2rdf-pubmed,0.16666666666666666,0.375,0.0,0.0,0.625,0.5,0.5,0.3333333333333333,0.8333333333333334,1.0,0.5606060606666666,0.8333333333333334,0.13541666666666666,0.4895833333333333,0.8068181818333334
pco,0.16666666666666666,0.5,0.0,0.16666666666666666,0.25,0.5,0.0,0.0,0.24,0.0,0.16666666666666666,0.8333333333333334,0.20833333333333331,0.1875,0.31
ccfo,0.16666666666666666,0.375,0.0,0.0,0.25,0.5,0.0,0.0,0.24,0.0,0.16666666666666666,0.8333333333333334,0.13541666666666666,0.1875,0.31
uniprot,0.16666666666666666,0.5,0.3333333333333333,0.3333333333333333,0.5,1.0,0.6666666666666666,0.5,0.7966666666666667,0.5,0.6666666666666666,0.6666666666666666,0.3333333333333333,0.6666666666666666,0.6575
sibo,0.16666666666666666,0.5,0.0,0.16666666666666666,0.25,0.5,0.0,0.0,0.22166666666666668,0.0,0.16666666666666666,0.5,0.20833333333333331,0.1875,0.22208333333333333
rexo,0.16666666666666666,0.5,0.0,0.16666666666666666,0.25,0.5,0.0,0.0,0.22166666666666668,0.0,0.16666666666666666,0.5,0.20833333333333331,0.1875,0.22208333333333333
reto,0.16666666666666666,0.5,0.0,0.16666666666666666,0.25,0.5,0.0,0.0,0.22166666666666668,0.0,0.16666666666666666,0.5,0.20833333333333331,0.1875,0.22208333333333333
dcm,0.16666666666666666,0.375,0.0,0.0,0.25,0.5,0.0,0.0,0.22166666666666668,0.0,0.16666666666666666,0.5,0.13541666666666666,0.1875,0.22208333333333333
bco,0.16666666666666666,0.5,0.0,0.16666666666666666,0.25,0.5,0.0,0.0,0.24,0.0,0.16666666666666666,0.8333333333333334,0.20833333333333331,0.1875,0.31
foodon,0.16666666666666666,0.5,0.3333333333333333,0.16666666666666666,0.375,0.5,0.16666666666666666,0.0,0.24,0.0,0.16666666666666666,0.8333333333333334,0.2916666666666667,0.2604166666666667,0.31
bfo,0.16666666666666666,0.5,0.6666666666666666,0.0,0.25,0.5,0.0,0.0,0.22166666666666668,0.0,0.16666666666666666,0.5,0.3333333333333333,0.1875,0.22208333333333333
mirnao,0.16666666666666666,0.5,0.6666666666666666,0.0,0.0,0.5,0.0,0.0,0.22166666666666668,0.0,0.16666666666666666,0.5,0.3333333333333333,0.125,0.22208333333333333
ncro,0.16666666666666666,0.375,0.0,0.0,0.0,0.5,0.0,0.0,0.22166666666666668,0.0,0.16666666666666666,0.5,0.13541666666666666,0.125,0.22208333333333333
fbsp,0.16666666666666666,0.5,0.6666666666666666,0.0,0.25,0.5,0.0,0.0,0.22166666666666668,0.0,0.16666666666666666,0.5,0.3333333333333333,0.1875,0.22208333333333333
dinto,0.16666666666666666,0.375,0.0,0.0,0.0,0.5,0.0,0.0,0.22166666666666668,0.0,0.16666666666666666,0.5,0.13541666666666666,0.125,0.22208333333333333
fbcv,0.16666666666666666,0.5,0.0,0.16666666666666666,0.25,0.5,0.0,0.0,0.24,0.0,0.16666666666666666,0.8333333333333334,0.20833333333333331,0.1875,0.31
dron,0.16666666666666666,0.5,0.6666666666666666,0.0,0.0,0.5,0.0,0.0,0.20333333333333334,0.0,0.16666666666666666,0.16666666666666666,0.3333333333333333,0.125,0.13416666666666666
ado,0.16666666666666666,0.5,0.6666666666666666,0.0,0.0,0.5,0.0,0.0,0.22166666666666668,0.0,0.16666666666666666,0.5,0.3333333333333333,0.125,0.22208333333333333
owl,0.16666666666666666,0.5,0.0,0.16666666666666666,0.25,0.5,0.0,0.0,0.20333333333333334,0.0,0.16666666666666666,0.16666666666666666,0.20833333333333331,0.1875,0.13416666666666666
coid,0.16666666666666666,0.5,0.6666666666666666,0.0,0.0,0.5,0.0,0.0,0.20333333333333334,0.0,0.16666666666666666,0.16666666666666666,0.3333333333333333,0.125,0.13416666666666666
dpo,0.16666666666666666,0.5,0.6666666666666666,0.0,0.0,0.5,0.0,0.0,0.20333333333333334,0.0,0.16666666666666666,0.16666666666666666,0.3333333333333333,0.125,0.13416666666666666
ecao,0.16666666666666666,0.5,0.0,0.16666666666666666,0.25,0.5,0.0,0.0,0.22166666666666668,0.0,0.16666666666666666,0.5,0.20833333333333331,0.1875,0.22208333333333333
disdriv,0.16666666666666666,0.375,0.0,0.0,0.25,0.5,0.0,0.0,0.24,0.0,0.16666666666666666,0.8333333333333334,0.13541666666666666,0.1875,0.31
doid,0.16666666666666666,0.5,0.6666666666666666,0.0,0.25,0.5,0.0,0.0,0.24,0.0,0.16666666666666666,0.8333333333333334,0.3333333333333333,0.1875,0.31
txpo,0.16666666666666666,0.5,0.6666666666666666,0.0,0.0,0.5,0.0,0.0,0.20333333333333334,0.0,0.16666666666666666,0.16666666666666666,0.3333333333333333,0.125,0.13416666666666666
cto,0.16666666666666666,0.5,0.3333333333333333,0.5,0.25,0.5,0.0,0.0,0.20333333333333334,0.0,0.16666666666666666,0.16666666666666666,0.375,0.1875,0.13416666666666666
cctoo,0.16666666666666666,0.5,0.6666666666666666,0.0,0.0,0.5,0.0,0.0,0.20333333333333334,0.0,0.16666666666666666,0.16666666666666666,0.3333333333333333,0.125,0.13416666666666666
ncit,0.16666666666666666,0.5,0.6666666666666666,0.0,0.0,0.5,0.0,0.0,0.20333333333333334,0.0,0.16666666666666666,0.16666666666666666,0.3333333333333333,0.125,0.13416666666666666
mondo,0.16666666666666666,0.5,0.3333333333333333,0.16666666666666666,0.625,0.5,0.5,0.3333333333333333,0.22166666666666668,0.0,0.16666666666666666,0.5,0.2916666666666667,0.4895833333333333,0.22208333333333333
nomen,0.16666666666666666,0.5,0.6666666666666666,0.0,0.0,0.5,0.0,0.0,0.20333333333333334,0.0,0.16666666666666666,0.16666666666666666,0.3333333333333333,0.125,0.13416666666666666
apollo_sv,0.16666666666666666,0.5,0.3333333333333333,0.5,0.25,0.5,0.0,0.0,0.20333333333333334,0.0,0.16666666666666666,0.16666666666666666,0.375,0.1875,0.13416666666666666
icdo,0.16666666666666666,0.5,0.3333333333333333,0.5,0.25,0.5,0.0,0.0,0.7399999999999999,0.0,0.16666666666666666,0.5,0.375,0.1875,0.3516666666666666
tads,0.16666666666666666,0.375,0.0,0.0,0.25,0.5,0.0,0.0,0.7399999999999999,0.0,0.16666666666666666,0.5,0.13541666666666666,0.1875,0.3516666666666666
uberon,0.16666666666666666,0.375,0.0,0.0,0.25,0.5,0.0,0.0,0.7600000000000001,0.0,0.16666666666666666,0.8333333333333334,0.13541666666666666,0.1875,0.44000000000000006
chiro,0.16666666666666666,0.5,0.3333333333333333,0.5,0.25,0.5,0.0,0.0,0.7399999999999999,0.0,0.16666666666666666,0.5,0.375,0.1875,0.3516666666666666
chebi,0.5,1.0,0.3333333333333333,0.16666666666666666,0.25,0.5,0.0,0.0,0.7399999999999999,0.0,0.16666666666666666,0.5,0.5,0.1875,0.3516666666666666
oce,0.16666666666666666,0.5,0.3333333333333333,0.5,0.25,0.5,0.0,0.0,0.7600000000000001,0.0,0.16666666666666666,0.8333333333333334,0.375,0.1875,0.44000000000000006
bioportal-bootstrep,0.16666666666666666,0.5,0.6666666666666666,0.0,0.25,0.5,0.3333333333333333,0.16666666666666666,0.7783333333333333,0.25,0.5,0.5,0.3333333333333333,0.3125,0.5070833333333333
idomal,0.16666666666666666,0.5,0.6666666666666666,0.0,0.25,0.5,0.0,0.0,0.7399999999999999,0.0,0.16666666666666666,0.5,0.3333333333333333,0.1875,0.3516666666666666
ido,0.16666666666666666,0.5,0.6666666666666666,0.0,0.0,0.5,0.0,0.0,0.7600000000000001,0.0,0.16666666666666666,0.8333333333333334,0.3333333333333333,0.125,0.44000000000000006
veo,0.16666666666666666,0.5,0.6666666666666666,0.0,0.0,0.5,0.0,0.0,0.20333333333333334,0.0,0.16666666666666666,0.16666666666666666,0.3333333333333333,0.125,0.13416666666666666
cido,0.16666666666666666,0.5,0.3333333333333333,0.5,0.25,0.5,0.0,0.0,0.7600000000000001,0.0,0.16666666666666666,0.8333333333333334,0.375,0.1875,0.44000000000000006
cbo,0.16666666666666666,0.5,0.6666666666666666,0.0,0.0,0.5,0.0,0.0,0.20333333333333334,0.0,0.16666666666666666,0.16666666666666666,0.3333333333333333,0.125,0.13416666666666666
ktao,0.16666666666666666,0.5,0.3333333333333333,0.5,0.25,0.5,0.0,0.0,0.7399999999999999,0.0,0.16666666666666666,0.5,0.375,0.1875,0.3516666666666666
geno,0.16666666666666666,0.5,0.3333333333333333,0.5,0.25,0.5,0.0,0.0,0.20333333333333334,0.0,0.16666666666666666,0.16666666666666666,0.375,0.1875,0.13416666666666666
bcgo,0.16666666666666666,0.5,0.3333333333333333,0.5,0.25,0.5,0.0,0.0,0.7600000000000001,0.0,0.16666666666666666,0.8333333333333334,0.375,0.1875,0.44000000000000006
ino,0.16666666666666666,0.5,0.6666666666666666,0.0,0.5,0.5,0.3333333333333333,0.16666666666666666,0.7399999999999999,0.0,0.16666666666666666,0.5,0.3333333333333333,0.375,0.3516666666666666
hino,0.16666666666666666,0.375,0.0,0.0,0.0,0.5,0.0,0.0,0.7399999999999999,0.0,0.16666666666666666,0.5,0.13541666666666666,0.125,0.3516666666666666
oostt,0.16666666666666666,0.5,0.3333333333333333,0.5,0.25,0.5,0.0,0.0,0.7399999999999999,0.0,0.16666666666666666,0.5,0.375,0.1875,0.3516666666666666
ons,0.16666666666666666,0.5,0.3333333333333333,0.5,0.25,0.5,0.0,0.0,0.20333333333333334,0.0,0.16666666666666666,0.16666666666666666,0.375,0.1875,0.13416666666666666
mco,0.16666666666666666,0.5,0.3333333333333333,0.5,0.25,0.5,0.0,0.0,0.7399999999999999,0.0,0.16666666666666666,0.5,0.375,0.1875,0.3516666666666666
pdro,0.16666666666666666,0.5,0.3333333333333333,0.5,0.25,0.5,0.0,0.0,0.7600000000000001,0.0,0.16666666666666666,0.8333333333333334,0.375,0.1875,0.44000000000000006
pcl,0.16666666666666666,0.5,0.3333333333333333,0.5,0.25,0.5,0.0,0.0,0.7600000000000001,0.0,0.16666666666666666,0.8333333333333334,0.375,0.1875,0.44000000000000006
pdumdv,0.16666666666666666,0.5,0.3333333333333333,0.5,0.25,0.5,0.0,0.0,0.22166666666666668,0.0,0.16666666666666666,0.5,0.375,0.1875,0.22208333333333333
hom,0.16666666666666666,0.5,0.3333333333333333,0.5,0.25,0.5,0.0,0.0,0.7399999999999999,0.0,0.16666666666666666,0.5,0.375,0.1875,0.3516666666666666
afo,0.16666666666666666,0.5,0.3333333333333333,0.3333333333333333,0.625,0.5,0.5,0.3333333333333333,0.7600000000000001,0.0,0.16666666666666666,0.8333333333333334,0.3333333333333333,0.4895833333333333,0.44000000000000006
enm,0.16666666666666666,0.5,0.0,0.16666666666666666,0.625,0.5,0.5,0.3333333333333333,0.7399999999999999,0.0,0.16666666666666666,0.5,0.20833333333333331,0.4895833333333333,0.3516666666666666
ddpheno,0.16666666666666666,0.375,0.0,0.0,0.25,0.5,0.0,0.0,0.7600000000000001,0.0,0.16666666666666666,0.8333333333333334,0.13541666666666666,0.1875,0.44000000000000006
dideo,0.16666666666666666,0.5,0.3333333333333333,0.5,0.25,0.5,0.0,0.0,0.7399999999999999,0.0,0.16666666666666666,0.5,0.375,0.1875,0.3516666666666666
eco,0.16666666666666666,0.5,0.0,0.16666666666666666,0.25,0.5,0.0,0.0,0.7600000000000001,0.0,0.16666666666666666,0.8333333333333334,0.20833333333333331,0.1875,0.44000000000000006
ecocore,0.16666666666666666,0.5,0.3333333333333333,0.5,0.25,0.5,0.0,0.0,0.7600000000000001,0.0,0.16666666666666666,0.8333333333333334,0.375,0.1875,0.44000000000000006
ao,0.25,0.375,0.0,0.0,0.0,0.0,0.0,0.0,0.20333333333333334,0.0,0.16666666666666666,0.16666666666666666,0.15625,0.0,0.13416666666666666
hao,0.16666666666666666,0.5,0.6666666666666666,0.0,0.25,0.5,0.0,0.0,0.7399999999999999,0.0,0.16666666666666666,0.5,0.3333333333333333,0.1875,0.3516666666666666
hsapdv,0.16666666666666666,0.5,0.3333333333333333,0.5,0.25,0.5,0.0,0.0,0.22166666666666668,0.0,0.16666666666666666,0.5,0.375,0.1875,0.22208333333333333
hso,0.3333333333333333,0.5,0.3333333333333333,0.16666666666666666,0.375,0.5,0.16666666666666666,0.0,0.7600000000000001,0.0,0.16666666666666666,0.8333333333333334,0.3333333333333333,0.2604166666666667,0.44000000000000006
htn,0.16666666666666666,0.5,0.3333333333333333,0.5,0.25,0.5,0.0,0.0,0.7399999999999999,0.0,0.16666666666666666,0.5,0.375,0.1875,0.3516666666666666
chmo,0.16666666666666666,0.5,0.3333333333333333,0.5,0.25,0.5,0.0,0.0,0.7600000000000001,0.0,0.16666666666666666,0.8333333333333334,0.375,0.1875,0.44000000000000006
olobo,0.16666666666666666,0.5,0.3333333333333333,0.5,0.25,0.5,0.0,0.0,0.7399999999999999,0.0,0.16666666666666666,0.5,0.375,0.1875,0.3516666666666666
pico,0.16666666666666666,0.375,0.0,0.0,0.0,0.5,0.0,0.0,0.7600000000000001,0.0,0.16666666666666666,0.8333333333333334,0.13541666666666666,0.125,0.44000000000000006
maxo,0.16666666666666666,0.5,0.3333333333333333,0.5,0.25,0.5,0.0,0.0,0.7600000000000001,0.0,0.16666666666666666,0.8333333333333334,0.375,0.1875,0.44000000000000006
fbbt,0.16666666666666666,0.5,0.0,0.16666666666666666,0.25,0.5,0.0,0.0,0.7600000000000001,0.0,0.16666666666666666,0.8333333333333334,0.20833333333333331,0.1875,0.44000000000000006
fbdv,0.16666666666666666,0.5,0.0,0.16666666666666666,0.25,0.5,0.0,0.0,0.7600000000000001,0.0,0.16666666666666666,0.8333333333333334,0.20833333333333331,0.1875,0.44000000000000006
bto,0.16666666666666666,0.5,0.0,0.16666666666666666,0.25,0.5,0.0,0.0,0.7600000000000001,0.0,0.16666666666666666,0.8333333333333334,0.20833333333333331,0.1875,0.44000000000000006
ncbitaxon,0.16666666666666666,0.5,0.6666666666666666,0.0,0.5,0.5,0.3333333333333333,0.16666666666666666,0.7600000000000001,0.0,0.16666666666666666,0.8333333333333334,0.3333333333333333,0.375,0.44000000000000006
pw,0.16666666666666666,0.5,0.6666666666666666,0.0,0.0,0.5,0.0,0.0,0.7399999999999999,0.0,0.16666666666666666,0.5,0.3333333333333333,0.125,0.3516666666666666
ogi,0.16666666666666666,0.5,0.6666666666666666,0.0,0.25,0.5,0.0,0.0,0.7399999999999999,0.0,0.16666666666666666,0.5,0.3333333333333333,0.1875,0.3516666666666666
ev,0.16666666666666666,0.375,0.0,0.0,0.25,0.5,0.0,0.0,0.7399999999999999,0.0,0.16666666666666666,0.5,0.13541666666666666,0.1875,0.3516666666666666
ehdaa2,0.16666666666666666,0.5,0.3333333333333333,0.5,0.25,0.5,0.0,0.0,0.7399999999999999,0.0,0.16666666666666666,0.5,0.375,0.1875,0.3516666666666666
mmo,0.16666666666666666,0.5,0.6666666666666666,0.0,0.0,0.5,0.0,0.0,0.7399999999999999,0.0,0.16666666666666666,0.5,0.3333333333333333,0.125,0.3516666666666666
ido;_vido;_cido,0.16666666666666666,0.5,0.6666666666666666,0.0,0.0,0.5,0.0,0.0,0.7600000000000001,0.0,0.16666666666666666,0.8333333333333334,0.3333333333333333,0.125,0.44000000000000006
genepio,0.16666666666666666,0.5,0.6666666666666666,0.5,0.5,0.5,0.3333333333333333,0.16666666666666666,0.7600000000000001,0.0,0.16666666666666666,0.8333333333333334,0.4583333333333333,0.375,0.44000000000000006
epio,0.16666666666666666,0.5,0.3333333333333333,0.5,0.25,0.5,0.0,0.0,0.7600000000000001,0.0,0.16666666666666666,0.8333333333333334,0.375,0.1875,0.44000000000000006
cl,0.16666666666666666,0.375,0.0,0.0,0.25,0.5,0.0,0.0,0.7600000000000001,0.0,0.16666666666666666,0.8333333333333334,0.13541666666666666,0.1875,0.44000000000000006
cheminf,0.16666666666666666,0.5,0.6666666666666666,0.0,0.5,0.5,0.3333333333333333,0.16666666666666666,0.7600000000000001,0.0,0.16666666666666666,0.8333333333333334,0.3333333333333333,0.375,0.44000000000000006
mido,0.16666666666666666,0.5,0.6666666666666666,0.0,0.0,0.5,0.0,0.0,0.7399999999999999,0.0,0.16666666666666666,0.5,0.3333333333333333,0.125,0.3516666666666666
vido,0.16666666666666666,0.375,0.0,0.0,0.25,0.0,0.16666666666666666,0.0,0.22166666666666668,0.0,0.16666666666666666,0.5,0.13541666666666666,0.10416666666666666,0.22208333333333333
idocovid19,0.16666666666666666,0.5,0.3333333333333333,0.5,0.25,0.5,0.0,0.0,0.7399999999999999,0.0,0.16666666666666666,0.5,0.375,0.1875,0.3516666666666666
lib,0.16666666666666666,0.5,0.6666666666666666,0.0,0.0,0.5,0.0,0.0,0.20333333333333334,0.0,0.16666666666666666,0.16666666666666666,0.3333333333333333,0.125,0.13416666666666666
of,0.16666666666666666,0.5,0.6666666666666666,0.0,0.0,0.5,0.0,0.0,0.20333333333333334,0.0,0.16666666666666666,0.16666666666666666,0.3333333333333333,0.125,0.13416666666666666
cs,0.16666666666666666,0.5,0.6666666666666666,0.0,0.0,0.5,0.0,0.0,0.20333333333333334,0.0,0.16666666666666666,0.16666666666666666,0.3333333333333333,0.125,0.13416666666666666
xlmod,0.16666666666666666,0.5,1.0,0.5,0.5,0.5,0.3333333333333333,0.5,0.20333333333333334,0.0,0.16666666666666666,0.16666666666666666,0.5416666666666666,0.4583333333333333,0.13416666666666666
colao,0.16666666666666666,0.5,0.6666666666666666,0.0,0.0,0.5,0.0,0.0,0.20333333333333334,0.0,0.16666666666666666,0.16666666666666666,0.3333333333333333,0.125,0.13416666666666666
gaz,0.16666666666666666,0.375,0.0,0.0,0.25,0.5,0.0,0.0,0.22166666666666668,0.0,0.16666666666666666,0.5,0.13541666666666666,0.1875,0.22208333333333333
dcterms,0.16666666666666666,0.5,0.6666666666666666,0.0,0.0,0.5,0.0,0.0,0.20333333333333334,0.0,0.16666666666666666,0.16666666666666666,0.3333333333333333,0.125,0.13416666666666666
ero,0.16666666666666666,0.5,0.0,0.16666666666666666,0.25,0.5,0.0,0.0,0.20333333333333334,0.0,0.16666666666666666,0.16666666666666666,0.20833333333333331,0.1875,0.13416666666666666
cro,0.16666666666666666,0.5,0.3333333333333333,0.5,0.25,0.5,0.0,0.0,0.22166666666666668,0.0,0.16666666666666666,0.5,0.375,0.1875,0.22208333333333333
psdo,0.16666666666666666,0.5,0.3333333333333333,0.5,0.25,0.5,0.0,0.0,0.22166666666666668,0.0,0.16666666666666666,0.5,0.375,0.1875,0.22208333333333333
taxrank,0.16666666666666666,0.5,0.3333333333333333,0.5,0.25,0.5,0.0,0.0,0.22166666666666668,0.0,0.16666666666666666,0.5,0.375,0.1875,0.22208333333333333
hra,0.16666666666666666,0.5,0.6666666666666666,0.0,0.0,0.5,0.0,0.0,0.20333333333333334,0.0,0.16666666666666666,0.16666666666666666,0.3333333333333333,0.125,0.13416666666666666
mro,0.16666666666666666,0.5,0.6666666666666666,0.0,0.0,0.5,0.0,0.0,0.20333333333333334,0.0,0.16666666666666666,0.16666666666666666,0.3333333333333333,0.125,0.13416666666666666
iao,0.16666666666666666,0.5,0.3333333333333333,0.5,0.25,0.5,0.0,0.0,0.22166666666666668,0.0,0.16666666666666666,0.5,0.375,0.1875,0.22208333333333333
ocd,0.16666666666666666,0.5,0.6666666666666666,0.0,0.0,0.5,0.0,0.0,0.8150000000000001,0.5,0.5,0.8333333333333334,0.3333333333333333,0.125,0.6620833333333334
cco,0.16666666666666666,0.5,0.6666666666666666,0.0,0.25,0.5,0.0,0.0,0.22166666666666668,0.0,0.16666666666666666,0.5,0.3333333333333333,0.1875,0.22208333333333333
chemrof,0.16666666666666666,0.5,0.6666666666666666,0.0,0.0,0.5,0.0,0.0,0.7399999999999999,0.0,0.16666666666666666,0.5,0.3333333333333333,0.125,0.3516666666666666
amphx,0.16666666666666666,0.5,0.3333333333333333,0.5,0.25,0.5,0.0,0.0,0.7600000000000001,0.0,0.16666666666666666,0.8333333333333334,0.375,0.1875,0.44000000000000006
dto,0.16666666666666666,0.5,0.6666666666666666,0.0,0.0,0.5,0.0,0.0,0.7399999999999999,0.0,0.16666666666666666,0.5,0.3333333333333333,0.125,0.3516666666666666
carolio,0.16666666666666666,0.5,0.6666666666666666,0.0,0.0,0.5,0.0,0.0,0.7399999999999999,0.0,0.16666666666666666,0.5,0.3333333333333333,0.125,0.3516666666666666
odnae,0.16666666666666666,0.5,0.3333333333333333,0.5,0.25,0.5,0.0,0.0,0.7399999999999999,0.0,0.16666666666666666,0.5,0.375,0.1875,0.3516666666666666
oae,0.16666666666666666,0.5,0.3333333333333333,0.5,0.25,0.5,0.0,0.0,0.7600000000000001,0.0,0.16666666666666666,0.8333333333333334,0.375,0.1875,0.44000000000000006
iceo,0.16666666666666666,0.5,0.3333333333333333,0.5,0.25,0.5,0.0,0.0,0.7399999999999999,0.0,0.16666666666666666,0.5,0.375,0.1875,0.3516666666666666
fbbi,0.5,1.0,0.6666666666666666,0.16666666666666666,0.5,0.5,0.6666666666666666,0.16666666666666666,0.7399999999999999,0.0,0.16666666666666666,0.5,0.5833333333333333,0.4583333333333333,0.3516666666666666
cmo,0.16666666666666666,0.5,0.6666666666666666,0.0,0.0,0.5,0.0,0.0,0.7399999999999999,0.0,0.16666666666666666,0.5,0.3333333333333333,0.125,0.3516666666666666
go,0.16666666666666666,0.375,0.0,0.0,0.5,0.5,0.3333333333333333,0.16666666666666666,0.7600000000000001,0.0,0.16666666666666666,0.8333333333333334,0.13541666666666666,0.375,0.44000000000000006
hancestro,0.16666666666666666,0.375,0.0,0.0,0.25,0.5,0.0,0.0,0.7600000000000001,0.0,0.16666666666666666,0.8333333333333334,0.13541666666666666,0.1875,0.44000000000000006
ico,0.16666666666666666,0.5,0.3333333333333333,0.5,0.25,0.5,0.0,0.0,0.7600000000000001,0.0,0.16666666666666666,0.8333333333333334,0.375,0.1875,0.44000000000000006
pr,0.16666666666666666,0.375,0.0,0.0,0.25,0.5,0.0,0.0,0.7600000000000001,0.0,0.16666666666666666,0.8333333333333334,0.13541666666666666,0.1875,0.44000000000000006
proco,0.16666666666666666,0.5,0.3333333333333333,0.5,0.25,0.5,0.0,0.0,0.7600000000000001,0.0,0.16666666666666666,0.8333333333333334,0.375,0.1875,0.44000000000000006
miapa,0.16666666666666666,0.375,0.0,0.0,0.25,0.5,0.0,0.0,0.7399999999999999,0.0,0.16666666666666666,0.5,0.13541666666666666,0.1875,0.3516666666666666
vo,0.16666666666666666,0.5,0.6666666666666666,0.0,0.25,0.5,0.0,0.0,0.7600000000000001,0.0,0.16666666666666666,0.8333333333333334,0.3333333333333333,0.1875,0.44000000000000006
fideo,0.16666666666666666,0.5,0.3333333333333333,0.5,0.5,0.5,0.3333333333333333,0.16666666666666666,0.7600000000000001,0.0,0.16666666666666666,0.8333333333333334,0.375,0.375,0.44000000000000006
ohmi,0.16666666666666666,0.5,0.3333333333333333,0.5,0.25,0.5,0.0,0.0,0.7600000000000001,0.0,0.16666666666666666,0.8333333333333334,0.375,0.1875,0.44000000000000006
ohd,0.16666666666666666,0.375,0.0,0.0,0.25,0.0,0.3333333333333333,0.16666666666666666,0.7600000000000001,0.0,0.16666666666666666,0.8333333333333334,0.13541666666666666,0.18749999999999997,0.44000000000000006
mop,0.16666666666666666,0.5,0.3333333333333333,0.5,0.25,0.5,0.0,0.0,0.7399999999999999,0.0,0.16666666666666666,0.5,0.375,0.1875,0.3516666666666666
eupath,0.16666666666666666,0.5,0.3333333333333333,0.5,0.25,0.5,0.0,0.0,0.7399999999999999,0.0,0.16666666666666666,0.5,0.375,0.1875,0.3516666666666666
spd,0.16666666666666666,0.5,0.6666666666666666,0.0,0.0,0.5,0.0,0.0,0.7399999999999999,0.0,0.16666666666666666,0.5,0.3333333333333333,0.125,0.3516666666666666
pato,0.16666666666666666,0.5,0.3333333333333333,0.5,0.25,0.5,0.0,0.0,0.7600000000000001,0.0,0.16666666666666666,0.8333333333333334,0.375,0.1875,0.44000000000000006
cdno,0.16666666666666666,0.5,0.0,0.16666666666666666,0.25,0.5,0.0,0.0,0.7600000000000001,0.0,0.16666666666666666,0.8333333333333334,0.20833333333333331,0.1875,0.44000000000000006
gecko,0.16666666666666666,0.5,0.3333333333333333,0.5,0.25,0.5,0.0,0.0,0.7600000000000001,0.0,0.16666666666666666,0.8333333333333334,0.375,0.1875,0.44000000000000006
bspo,0.16666666666666666,0.5,0.3333333333333333,0.5,0.25,0.5,0.0,0.0,0.7600000000000001,0.0,0.16666666666666666,0.8333333333333334,0.375,0.1875,0.44000000000000006
epo,0.16666666666666666,0.375,0.0,0.0,0.25,0.5,0.0,0.0,0.7399999999999999,0.0,0.16666666666666666,0.5,0.13541666666666666,0.1875,0.3516666666666666
oarcs,0.16666666666666666,0.5,0.3333333333333333,0.5,0.25,0.5,0.0,0.0,0.7399999999999999,0.0,0.16666666666666666,0.5,0.375,0.1875,0.3516666666666666
ovae,0.16666666666666666,0.375,0.0,0.0,0.25,0.5,0.0,0.0,0.7399999999999999,0.0,0.16666666666666666,0.5,0.13541666666666666,0.1875,0.3516666666666666
phipo,0.16666666666666666,0.5,0.3333333333333333,0.5,0.25,0.5,0.0,0.0,0.7600000000000001,0.0,0.16666666666666666,0.8333333333333334,0.375,0.1875,0.44000000000000006
vbo,0.16666666666666666,0.5,0.3333333333333333,0.5,0.25,0.5,0.0,0.0,0.7600000000000001,0.0,0.16666666666666666,0.8333333333333334,0.375,0.1875,0.44000000000000006
vt,0.16666666666666666,0.5,0.6666666666666666,0.0,0.5,0.5,0.3333333333333333,0.16666666666666666,0.7399999999999999,0.0,0.16666666666666666,0.5,0.3333333333333333,0.375,0.3516666666666666
fovt,0.16666666666666666,0.5,0.3333333333333333,0.5,0.25,0.5,0.0,0.0,0.7600000000000001,0.0,0.16666666666666666,0.8333333333333334,0.375,0.1875,0.44000000000000006
fobi,0.16666666666666666,0.5,0.3333333333333333,0.5,0.25,0.5,0.0,0.0,0.7399999999999999,0.0,0.16666666666666666,0.5,0.375,0.1875,0.3516666666666666
gexo,0.16666666666666666,0.375,0.0,0.0,0.75,1.0,0.3333333333333333,0.8333333333333334,0.7399999999999999,0.0,0.16666666666666666,0.5,0.13541666666666666,0.7291666666666667,0.3516666666666666
lepao,0.16666666666666666,0.5,0.3333333333333333,0.5,0.25,0.5,0.0,0.0,0.7399999999999999,0.0,0.16666666666666666,0.5,0.375,0.1875,0.3516666666666666
flopo,0.16666666666666666,0.5,0.3333333333333333,0.5,0.25,0.5,0.0,0.0,0.7399999999999999,0.0,0.16666666666666666,0.5,0.375,0.1875,0.3516666666666666
fma,0.16666666666666666,0.5,0.6666666666666666,0.0,0.25,0.5,0.0,0.0,0.7399999999999999,0.0,0.16666666666666666,0.5,0.3333333333333333,0.1875,0.3516666666666666
obi,0.16666666666666666,0.5,0.6666666666666666,0.0,0.25,0.5,0.0,0.0,0.7600000000000001,0.0,0.16666666666666666,0.8333333333333334,0.3333333333333333,0.1875,0.44000000000000006
obib,0.16666666666666666,0.5,0.3333333333333333,0.5,0.25,0.5,0.0,0.0,0.7600000000000001,0.0,0.16666666666666666,0.8333333333333334,0.375,0.1875,0.44000000000000006
micro,0.16666666666666666,0.5,0.3333333333333333,0.5,0.25,0.5,0.0,0.0,0.7399999999999999,0.0,0.16666666666666666,0.5,0.375,0.1875,0.3516666666666666
vso,0.16666666666666666,0.5,0.6666666666666666,0.8333333333333334,0.625,1.0,0.8333333333333334,0.6666666666666666,0.7399999999999999,0.0,0.16666666666666666,0.5,0.5416666666666666,0.78125,0.3516666666666666
ogg,0.16666666666666666,0.375,0.0,0.0,0.5,0.5,0.6666666666666666,0.16666666666666666,0.7600000000000001,0.0,0.16666666666666666,0.8333333333333334,0.13541666666666666,0.4583333333333333,0.44000000000000006
omit,0.16666666666666666,0.375,0.0,0.0,0.0,0.5,0.0,0.0,0.7399999999999999,0.0,0.16666666666666666,0.5,0.13541666666666666,0.125,0.3516666666666666
caro,0.16666666666666666,0.5,0.3333333333333333,0.5,0.25,0.5,0.0,0.0,0.7600000000000001,0.0,0.16666666666666666,0.8333333333333334,0.375,0.1875,0.44000000000000006
nbo,0.16666666666666666,0.5,0.3333333333333333,0.5,0.25,0.5,0.0,0.0,0.7600000000000001,0.0,0.16666666666666666,0.8333333333333334,0.375,0.1875,0.44000000000000006
mi,0.16666666666666666,0.5,0.3333333333333333,0.5,0.25,0.5,0.0,0.0,0.7399999999999999,0.0,0.16666666666666666,0.5,0.375,0.1875,0.3516666666666666
biolink,0.16666666666666666,0.5,0.6666666666666666,0.0,0.0,0.5,0.0,0.0,0.20333333333333334,0.0,0.16666666666666666,0.16666666666666666,0.3333333333333333,0.125,0.13416666666666666
ocimido,0.16666666666666666,0.5,0.6666666666666666,0.0,0.0,0.5,0.0,0.0,0.7399999999999999,0.0,0.16666666666666666,0.5,0.3333333333333333,0.125,0.3516666666666666
opmi,0.16666666666666666,0.5,0.3333333333333333,0.5,0.25,0.5,0.0,0.0,0.7600000000000001,0.0,0.16666666666666666,0.8333333333333334,0.375,0.1875,0.44000000000000006
do,0.16666666666666666,0.375,0.0,0.0,0.0,0.5,0.0,0.0,0.7399999999999999,0.0,0.16666666666666666,0.5,0.13541666666666666,0.125,0.3516666666666666
gsso,0.16666666666666666,0.375,0.0,0.0,0.75,1.0,0.3333333333333333,0.8333333333333334,0.7600000000000001,0.0,0.16666666666666666,0.8333333333333334,0.13541666666666666,0.7291666666666667,0.44000000000000006
rxno,0.16666666666666666,0.5,0.3333333333333333,0.5,0.25,0.5,0.0,0.0,0.7399999999999999,0.0,0.16666666666666666,0.5,0.375,0.1875,0.3516666666666666
cob,0.16666666666666666,0.375,0.0,0.0,0.25,0.5,0.0,0.0,0.7600000000000001,0.0,0.16666666666666666,0.8333333333333334,0.13541666666666666,0.1875,0.44000000000000006
ocmr,0.16666666666666666,0.5,0.3333333333333333,0.5,0.25,0.5,0.0,0.0,0.7399999999999999,0.0,0.16666666666666666,0.5,0.375,0.1875,0.3516666666666666
edam-bioimaging,0.16666666666666666,0.5,0.6666666666666666,0.0,0.0,0.5,0.0,0.0,0.7399999999999999,0.0,0.16666666666666666,0.5,0.3333333333333333,0.125,0.3516666666666666
sepio,0.16666666666666666,0.5,0.3333333333333333,0.5,0.25,0.5,0.0,0.0,0.7399999999999999,0.0,0.16666666666666666,0.5,0.375,0.1875,0.3516666666666666
rbo,0.16666666666666666,0.5,0.3333333333333333,0.5,0.25,0.5,0.0,0.0,0.7399999999999999,0.0,0.16666666666666666,0.5,0.375,0.1875,0.3516666666666666
symp,0.16666666666666666,0.375,0.0,0.0,0.25,0.5,0.0,0.0,0.7399999999999999,0.0,0.16666666666666666,0.5,0.13541666666666666,0.1875,0.3516666666666666
ogsf,0.16666666666666666,0.5,0.3333333333333333,0.5,0.25,0.5,0.0,0.0,0.7600000000000001,0.0,0.16666666666666666,0.8333333333333334,0.375,0.1875,0.44000000000000006
ocvdae,0.16666666666666666,0.375,0.0,0.0,0.0,0.5,0.0,0.0,0.7600000000000001,0.0,0.16666666666666666,0.8333333333333334,0.13541666666666666,0.125,0.44000000000000006
codo,0.16666666666666666,0.375,0.0,0.0,0.0,0.5,0.0,0.0,0.7399999999999999,0.0,0.16666666666666666,0.5,0.13541666666666666,0.125,0.3516666666666666
covid-19,0.16666666666666666,0.375,0.0,0.0,0.25,0.0,0.16666666666666666,0.0,0.7399999999999999,0.0,0.16666666666666666,0.5,0.13541666666666666,0.10416666666666666,0.3516666666666666
obiws,0.16666666666666666,0.375,0.0,0.0,0.0,0.5,0.0,0.0,0.7399999999999999,0.0,0.16666666666666666,0.5,0.13541666666666666,0.125,0.3516666666666666
mpio/mpio,0.16666666666666666,0.375,0.0,0.0,0.0,0.5,0.0,0.0,0.7399999999999999,0.0,0.16666666666666666,0.5,0.13541666666666666,0.125,0.3516666666666666
oba/oba,0.16666666666666666,0.375,0.0,0.0,0.0,0.5,0.0,0.0,0.7600000000000001,0.0,0.16666666666666666,0.8333333333333334,0.13541666666666666,0.125,0.44000000000000006
aro/aro,0.16666666666666666,0.375,0.0,0.0,0.0,0.5,0.0,0.0,0.7399999999999999,0.0,0.16666666666666666,0.5,0.13541666666666666,0.125,0.3516666666666666
modsci/modsci,0.3333333333333333,0.5,0.6666666666666666,0.8333333333333334,0.625,1.0,0.8333333333333334,1.0,0.7600000000000001,0.0,0.16666666666666666,0.8333333333333334,0.5833333333333334,0.8645833333333334,0.44000000000000006
scdo/scdo,0.16666666666666666,0.375,0.0,0.0,0.0,0.5,0.0,0.0,0.7399999999999999,0.0,0.16666666666666666,0.5,0.13541666666666666,0.125,0.3516666666666666
bmont/bmont,0.16666666666666666,0.375,0.0,0.0,0.0,0.5,0.0,0.0,0.7399999999999999,0.0,0.16666666666666666,0.5,0.13541666666666666,0.125,0.3516666666666666
cmpo/cmpo,0.16666666666666666,0.5,0.0,0.16666666666666666,0.25,0.5,0.0,0.0,0.7399999999999999,0.0,0.16666666666666666,0.5,0.20833333333333331,0.1875,0.3516666666666666
ngbo/ngbo,0.16666666666666666,0.375,0.0,0.0,0.25,0.0,0.16666666666666666,0.0,0.7600000000000001,0.0,0.16666666666666666,0.8333333333333334,0.13541666666666666,0.10416666666666666,0.44000000000000006
cvdo/cvdo,0.16666666666666666,0.5,0.6666666666666666,0.0,0.0,0.5,0.0,0.0,0.7600000000000001,0.0,0.16666666666666666,0.8333333333333334,0.3333333333333333,0.125,0.44000000000000006
exo,0.16666666666666666,0.5,0.0,0.16666666666666666,0.25,0.5,0.0,0.0,0.7399999999999999,0.0,0.16666666666666666,0.5,0.20833333333333331,0.1875,0.3516666666666666
labo/labo,0.16666666666666666,0.5,0.6666666666666666,0.0,0.0,0.5,0.0,0.0,0.7399999999999999,0.0,0.16666666666666666,0.5,0.3333333333333333,0.125,0.3516666666666666
vio,0.16666666666666666,0.5,0.6666666666666666,0.0,0.0,0.5,0.0,0.0,0.7399999999999999,0.0,0.16666666666666666,0.5,0.3333333333333333,0.125,0.3516666666666666
cteno/cteno,0.16666666666666666,0.5,0.6666666666666666,0.0,0.0,0.5,0.0,0.0,0.7399999999999999,0.0,0.16666666666666666,0.5,0.3333333333333333,0.125,0.3516666666666666
ceph/ceph,0.16666666666666666,0.5,0.6666666666666666,0.0,0.0,0.5,0.0,0.0,0.7399999999999999,0.0,0.16666666666666666,0.5,0.3333333333333333,0.125,0.3516666666666666
aero,0.16666666666666666,0.5,0.6666666666666666,0.0,0.5,0.5,0.3333333333333333,0.16666666666666666,0.7399999999999999,0.0,0.16666666666666666,0.5,0.3333333333333333,0.375,0.3516666666666666
xco,0.16666666666666666,0.375,0.0,0.0,0.0,0.5,0.0,0.0,0.7399999999999999,0.0,0.16666666666666666,0.5,0.13541666666666666,0.125,0.3516666666666666
sbo,0.16666666666666666,0.5,0.3333333333333333,0.5,0.5,0.5,0.3333333333333333,0.16666666666666666,0.7399999999999999,0.0,0.16666666666666666,0.5,0.375,0.375,0.3516666666666666
vsao,0.16666666666666666,0.375,0.0,0.0,0.0,0.0,0.0,0.0,0.7399999999999999,0.0,0.16666666666666666,0.5,0.13541666666666666,0.0,0.3516666666666666
